ISO-10303-21;
HEADER;
FILE_DESCRIPTION((''),'2;1');
FILE_NAME('RO100-36N42P_ASM_36_ASM','2023-09-11T16:57:03',('Administrator'),
(''),'CREO PARAMETRIC BY PTC INC, 2023014',
'CREO PARAMETRIC BY PTC INC, 2023014','');
FILE_SCHEMA(('CONFIG_CONTROL_DESIGN'));
ENDSEC;
DATA;
#1=CARTESIAN_POINT('',(0.E0,0.E0,0.E0));
#2=DIRECTION('',(0.E0,1.E0,0.E0));
#3=DIRECTION('',(1.E0,0.E0,0.E0));
#4=AXIS2_PLACEMENT_3D('',#1,#2,#3);
#6=CARTESIAN_POINT('',(0.E0,0.E0,0.E0));
#7=DIRECTION('',(0.E0,1.E0,0.E0));
#8=DIRECTION('',(-1.E0,0.E0,0.E0));
#9=AXIS2_PLACEMENT_3D('',#6,#7,#8);
#11=CARTESIAN_POINT('',(0.E0,0.E0,0.E0));
#12=DIRECTION('',(0.E0,-1.E0,0.E0));
#13=DIRECTION('',(-1.E0,0.E0,0.E0));
#14=AXIS2_PLACEMENT_3D('',#11,#12,#13);
#16=CARTESIAN_POINT('',(0.E0,0.E0,0.E0));
#17=DIRECTION('',(0.E0,-1.E0,0.E0));
#18=DIRECTION('',(1.E0,0.E0,0.E0));
#19=AXIS2_PLACEMENT_3D('',#16,#17,#18);
#21=DIRECTION('',(0.E0,-1.E0,0.E0));
#22=VECTOR('',#21,2.E1);
#23=CARTESIAN_POINT('',(-5.E1,2.E1,0.E0));
#24=LINE('',#23,#22);
#25=DIRECTION('',(0.E0,-1.E0,0.E0));
#26=VECTOR('',#25,2.E1);
#27=CARTESIAN_POINT('',(5.E1,2.E1,0.E0));
#28=LINE('',#27,#26);
#29=CARTESIAN_POINT('',(0.E0,2.E1,0.E0));
#30=DIRECTION('',(0.E0,-1.E0,0.E0));
#31=DIRECTION('',(-1.E0,0.E0,0.E0));
#32=AXIS2_PLACEMENT_3D('',#29,#30,#31);
#34=CARTESIAN_POINT('',(0.E0,2.E1,0.E0));
#35=DIRECTION('',(0.E0,-1.E0,0.E0));
#36=DIRECTION('',(1.E0,0.E0,0.E0));
#37=AXIS2_PLACEMENT_3D('',#34,#35,#36);
#39=CARTESIAN_POINT('',(0.E0,2.E1,0.E0));
#40=DIRECTION('',(0.E0,1.E0,0.E0));
#41=DIRECTION('',(1.E0,0.E0,0.E0));
#42=AXIS2_PLACEMENT_3D('',#39,#40,#41);
#44=CARTESIAN_POINT('',(0.E0,2.E1,0.E0));
#45=DIRECTION('',(0.E0,1.E0,0.E0));
#46=DIRECTION('',(-1.E0,0.E0,0.E0));
#47=AXIS2_PLACEMENT_3D('',#44,#45,#46);
#49=DIRECTION('',(0.E0,-1.E0,0.E0));
#50=VECTOR('',#49,3.5E0);
#51=CARTESIAN_POINT('',(-4.8E1,2.35E1,0.E0));
#52=LINE('',#51,#50);
#53=DIRECTION('',(0.E0,-1.E0,0.E0));
#54=VECTOR('',#53,3.5E0);
#55=CARTESIAN_POINT('',(4.8E1,2.35E1,0.E0));
#56=LINE('',#55,#54);
#57=CARTESIAN_POINT('',(0.E0,2.35E1,0.E0));
#58=DIRECTION('',(0.E0,-1.E0,0.E0));
#59=DIRECTION('',(-1.E0,0.E0,0.E0));
#60=AXIS2_PLACEMENT_3D('',#57,#58,#59);
#62=CARTESIAN_POINT('',(0.E0,2.35E1,0.E0));
#63=DIRECTION('',(0.E0,-1.E0,0.E0));
#64=DIRECTION('',(1.E0,0.E0,0.E0));
#65=AXIS2_PLACEMENT_3D('',#62,#63,#64);
#67=CARTESIAN_POINT('',(0.E0,2.35E1,0.E0));
#68=DIRECTION('',(0.E0,1.E0,0.E0));
#69=DIRECTION('',(-1.E0,0.E0,0.E0));
#70=AXIS2_PLACEMENT_3D('',#67,#68,#69);
#72=CARTESIAN_POINT('',(0.E0,2.35E1,0.E0));
#73=DIRECTION('',(0.E0,1.E0,0.E0));
#74=DIRECTION('',(1.E0,0.E0,0.E0));
#75=AXIS2_PLACEMENT_3D('',#72,#73,#74);
#77=DIRECTION('',(0.E0,-1.E0,0.E0));
#78=VECTOR('',#77,3.5E0);
#79=CARTESIAN_POINT('',(-4.05E1,2.35E1,0.E0));
#80=LINE('',#79,#78);
#81=CARTESIAN_POINT('',(0.E0,2.E1,0.E0));
#82=DIRECTION('',(0.E0,-1.E0,0.E0));
#83=DIRECTION('',(1.E0,0.E0,0.E0));
#84=AXIS2_PLACEMENT_3D('',#81,#82,#83);
#86=CARTESIAN_POINT('',(0.E0,2.E1,0.E0));
#87=DIRECTION('',(0.E0,-1.E0,0.E0));
#88=DIRECTION('',(-1.E0,0.E0,0.E0));
#89=AXIS2_PLACEMENT_3D('',#86,#87,#88);
#91=CARTESIAN_POINT('',(0.E0,2.E1,3.9E1));
#92=DIRECTION('',(0.E0,1.E0,0.E0));
#93=DIRECTION('',(-9.999178138482E-1,0.E0,-1.282051282051E-2));
#94=AXIS2_PLACEMENT_3D('',#91,#92,#93);
#96=CARTESIAN_POINT('',(0.E0,2.E1,3.9E1));
#97=DIRECTION('',(0.E0,1.E0,0.E0));
#98=DIRECTION('',(-1.E0,0.E0,0.E0));
#99=AXIS2_PLACEMENT_3D('',#96,#97,#98);
#101=CARTESIAN_POINT('',(0.E0,2.E1,3.9E1));
#102=DIRECTION('',(0.E0,1.E0,0.E0));
#103=DIRECTION('',(1.E0,0.E0,0.E0));
#104=AXIS2_PLACEMENT_3D('',#101,#102,#103);
#106=CARTESIAN_POINT('',(0.E0,2.E1,0.E0));
#107=DIRECTION('',(0.E0,1.E0,0.E0));
#108=DIRECTION('',(2.563891830380E-2,0.E0,9.996712689020E-1));
#109=AXIS2_PLACEMENT_3D('',#106,#107,#108);
#111=CARTESIAN_POINT('',(0.E0,2.E1,0.E0));
#112=DIRECTION('',(0.E0,1.E0,0.E0));
#113=DIRECTION('',(1.E0,0.E0,0.E0));
#114=AXIS2_PLACEMENT_3D('',#111,#112,#113);
#116=CARTESIAN_POINT('',(0.E0,2.E1,-3.9E1));
#117=DIRECTION('',(0.E0,1.E0,0.E0));
#118=DIRECTION('',(9.999178138482E-1,0.E0,1.282051282051E-2));
#119=AXIS2_PLACEMENT_3D('',#116,#117,#118);
#121=CARTESIAN_POINT('',(0.E0,2.E1,-3.9E1));
#122=DIRECTION('',(0.E0,1.E0,0.E0));
#123=DIRECTION('',(1.E0,0.E0,0.E0));
#124=AXIS2_PLACEMENT_3D('',#121,#122,#123);
#126=CARTESIAN_POINT('',(0.E0,2.E1,-3.9E1));
#127=DIRECTION('',(0.E0,1.E0,0.E0));
#128=DIRECTION('',(-1.E0,0.E0,0.E0));
#129=AXIS2_PLACEMENT_3D('',#126,#127,#128);
#131=CARTESIAN_POINT('',(0.E0,2.E1,0.E0));
#132=DIRECTION('',(0.E0,1.E0,0.E0));
#133=DIRECTION('',(-2.563891830380E-2,0.E0,-9.996712689020E-1));
#134=AXIS2_PLACEMENT_3D('',#131,#132,#133);
#136=CARTESIAN_POINT('',(0.E0,2.E1,0.E0));
#137=DIRECTION('',(0.E0,1.E0,0.E0));
#138=DIRECTION('',(-1.E0,0.E0,0.E0));
#139=AXIS2_PLACEMENT_3D('',#136,#137,#138);
#141=DIRECTION('',(0.E0,-1.E0,0.E0));
#142=VECTOR('',#141,3.5E0);
#143=CARTESIAN_POINT('',(4.05E1,2.35E1,0.E0));
#144=LINE('',#143,#142);
#145=DIRECTION('',(0.E0,-1.E0,0.E0));
#146=VECTOR('',#145,2.E1);
#147=CARTESIAN_POINT('',(-9.999178138482E-1,2.E1,3.898717948718E1));
#148=LINE('',#147,#146);
#149=DIRECTION('',(0.E0,-1.E0,0.E0));
#150=VECTOR('',#149,2.E1);
#151=CARTESIAN_POINT('',(-9.999178138482E-1,2.E1,-3.898717948718E1));
#152=LINE('',#151,#150);
#153=DIRECTION('',(0.E0,-1.E0,0.E0));
#154=VECTOR('',#153,2.E1);
#155=CARTESIAN_POINT('',(9.999178138482E-1,2.E1,-3.898717948718E1));
#156=LINE('',#155,#154);
#157=CARTESIAN_POINT('',(0.E0,0.E0,0.E0));
#158=DIRECTION('',(0.E0,1.E0,0.E0));
#159=DIRECTION('',(-1.E0,0.E0,0.E0));
#160=AXIS2_PLACEMENT_3D('',#157,#158,#159);
#162=CARTESIAN_POINT('',(0.E0,0.E0,0.E0));
#163=DIRECTION('',(0.E0,1.E0,0.E0));
#164=DIRECTION('',(1.E0,0.E0,0.E0));
#165=AXIS2_PLACEMENT_3D('',#162,#163,#164);
#167=CARTESIAN_POINT('',(0.E0,0.E0,3.9E1));
#168=DIRECTION('',(0.E0,-1.E0,0.E0));
#169=DIRECTION('',(9.999178138482E-1,0.E0,-1.282051282051E-2));
#170=AXIS2_PLACEMENT_3D('',#167,#168,#169);
#172=CARTESIAN_POINT('',(0.E0,0.E0,3.9E1));
#173=DIRECTION('',(0.E0,-1.E0,0.E0));
#174=DIRECTION('',(1.E0,0.E0,0.E0));
#175=AXIS2_PLACEMENT_3D('',#172,#173,#174);
#177=CARTESIAN_POINT('',(0.E0,0.E0,3.9E1));
#178=DIRECTION('',(0.E0,-1.E0,0.E0));
#179=DIRECTION('',(-1.E0,0.E0,0.E0));
#180=AXIS2_PLACEMENT_3D('',#177,#178,#179);
#182=CARTESIAN_POINT('',(0.E0,0.E0,0.E0));
#183=DIRECTION('',(0.E0,-1.E0,0.E0));
#184=DIRECTION('',(-2.563891830380E-2,0.E0,9.996712689020E-1));
#185=AXIS2_PLACEMENT_3D('',#182,#183,#184);
#187=CARTESIAN_POINT('',(0.E0,0.E0,0.E0));
#188=DIRECTION('',(0.E0,-1.E0,0.E0));
#189=DIRECTION('',(-1.E0,0.E0,0.E0));
#190=AXIS2_PLACEMENT_3D('',#187,#188,#189);
#192=CARTESIAN_POINT('',(0.E0,0.E0,-3.9E1));
#193=DIRECTION('',(0.E0,-1.E0,0.E0));
#194=DIRECTION('',(-9.999178138482E-1,0.E0,1.282051282051E-2));
#195=AXIS2_PLACEMENT_3D('',#192,#193,#194);
#197=CARTESIAN_POINT('',(0.E0,0.E0,-3.9E1));
#198=DIRECTION('',(0.E0,-1.E0,0.E0));
#199=DIRECTION('',(-1.E0,0.E0,0.E0));
#200=AXIS2_PLACEMENT_3D('',#197,#198,#199);
#202=CARTESIAN_POINT('',(0.E0,0.E0,-3.9E1));
#203=DIRECTION('',(0.E0,-1.E0,0.E0));
#204=DIRECTION('',(1.E0,0.E0,0.E0));
#205=AXIS2_PLACEMENT_3D('',#202,#203,#204);
#207=CARTESIAN_POINT('',(0.E0,0.E0,0.E0));
#208=DIRECTION('',(0.E0,-1.E0,0.E0));
#209=DIRECTION('',(2.563891830380E-2,0.E0,-9.996712689020E-1));
#210=AXIS2_PLACEMENT_3D('',#207,#208,#209);
#212=CARTESIAN_POINT('',(0.E0,0.E0,0.E0));
#213=DIRECTION('',(0.E0,-1.E0,0.E0));
#214=DIRECTION('',(1.E0,0.E0,0.E0));
#215=AXIS2_PLACEMENT_3D('',#212,#213,#214);
#217=DIRECTION('',(0.E0,-1.E0,0.E0));
#218=VECTOR('',#217,4.E0);
#219=CARTESIAN_POINT('',(-4.05E1,0.E0,0.E0));
#220=LINE('',#219,#218);
#221=DIRECTION('',(0.E0,-1.E0,0.E0));
#222=VECTOR('',#221,4.E0);
#223=CARTESIAN_POINT('',(4.05E1,0.E0,0.E0));
#224=LINE('',#223,#222);
#225=CARTESIAN_POINT('',(0.E0,-4.E0,0.E0));
#226=DIRECTION('',(0.E0,1.E0,0.E0));
#227=DIRECTION('',(1.E0,0.E0,0.E0));
#228=AXIS2_PLACEMENT_3D('',#225,#226,#227);
#230=CARTESIAN_POINT('',(0.E0,-4.E0,0.E0));
#231=DIRECTION('',(0.E0,1.E0,0.E0));
#232=DIRECTION('',(-1.E0,0.E0,0.E0));
#233=AXIS2_PLACEMENT_3D('',#230,#231,#232);
#235=CARTESIAN_POINT('',(0.E0,-4.E0,0.E0));
#236=DIRECTION('',(0.E0,-1.E0,0.E0));
#237=DIRECTION('',(1.E0,0.E0,0.E0));
#238=AXIS2_PLACEMENT_3D('',#235,#236,#237);
#240=CARTESIAN_POINT('',(0.E0,-4.E0,0.E0));
#241=DIRECTION('',(0.E0,-1.E0,0.E0));
#242=DIRECTION('',(-1.E0,0.E0,0.E0));
#243=AXIS2_PLACEMENT_3D('',#240,#241,#242);
#245=CARTESIAN_POINT('',(0.E0,-4.E0,-4.6E1));
#246=DIRECTION('',(0.E0,-1.E0,0.E0));
#247=DIRECTION('',(0.E0,0.E0,-1.E0));
#248=AXIS2_PLACEMENT_3D('',#245,#246,#247);
#250=CARTESIAN_POINT('',(0.E0,-4.E0,-4.6E1));
#251=DIRECTION('',(0.E0,-1.E0,0.E0));
#252=DIRECTION('',(0.E0,0.E0,1.E0));
#253=AXIS2_PLACEMENT_3D('',#250,#251,#252);
#255=CARTESIAN_POINT('',(6.E0,-4.E0,-4.6E1));
#256=DIRECTION('',(0.E0,-1.E0,0.E0));
#257=DIRECTION('',(0.E0,0.E0,-1.E0));
#258=AXIS2_PLACEMENT_3D('',#255,#256,#257);
#260=CARTESIAN_POINT('',(6.E0,-4.E0,-4.6E1));
#261=DIRECTION('',(0.E0,-1.E0,0.E0));
#262=DIRECTION('',(0.E0,0.E0,1.E0));
#263=AXIS2_PLACEMENT_3D('',#260,#261,#262);
#265=CARTESIAN_POINT('',(-6.E0,-4.E0,-4.6E1));
#266=DIRECTION('',(0.E0,-1.E0,0.E0));
#267=DIRECTION('',(0.E0,0.E0,-1.E0));
#268=AXIS2_PLACEMENT_3D('',#265,#266,#267);
#270=CARTESIAN_POINT('',(-6.E0,-4.E0,-4.6E1));
#271=DIRECTION('',(0.E0,-1.E0,0.E0));
#272=DIRECTION('',(0.E0,0.E0,1.E0));
#273=AXIS2_PLACEMENT_3D('',#270,#271,#272);
#275=DIRECTION('',(0.E0,-1.E0,0.E0));
#276=VECTOR('',#275,4.E0);
#277=CARTESIAN_POINT('',(-4.8E1,0.E0,0.E0));
#278=LINE('',#277,#276);
#279=DIRECTION('',(0.E0,-1.E0,0.E0));
#280=VECTOR('',#279,4.E0);
#281=CARTESIAN_POINT('',(4.8E1,0.E0,0.E0));
#282=LINE('',#281,#280);
#283=DIRECTION('',(0.E0,1.E0,0.E0));
#284=VECTOR('',#283,4.E0);
#285=CARTESIAN_POINT('',(0.E0,-8.E0,-4.475E1));
#286=LINE('',#285,#284);
#287=DIRECTION('',(0.E0,1.E0,0.E0));
#288=VECTOR('',#287,4.E0);
#289=CARTESIAN_POINT('',(0.E0,-8.E0,-4.725E1));
#290=LINE('',#289,#288);
#291=CARTESIAN_POINT('',(0.E0,-8.E0,-4.6E1));
#292=DIRECTION('',(0.E0,1.E0,0.E0));
#293=DIRECTION('',(0.E0,0.E0,1.E0));
#294=AXIS2_PLACEMENT_3D('',#291,#292,#293);
#296=CARTESIAN_POINT('',(0.E0,-8.E0,-4.6E1));
#297=DIRECTION('',(0.E0,1.E0,0.E0));
#298=DIRECTION('',(0.E0,0.E0,-1.E0));
#299=AXIS2_PLACEMENT_3D('',#296,#297,#298);
#301=DIRECTION('',(0.E0,1.E0,0.E0));
#302=VECTOR('',#301,4.E0);
#303=CARTESIAN_POINT('',(6.E0,-8.E0,-4.475E1));
#304=LINE('',#303,#302);
#305=DIRECTION('',(0.E0,1.E0,0.E0));
#306=VECTOR('',#305,4.E0);
#307=CARTESIAN_POINT('',(6.E0,-8.E0,-4.725E1));
#308=LINE('',#307,#306);
#309=CARTESIAN_POINT('',(6.E0,-8.E0,-4.6E1));
#310=DIRECTION('',(0.E0,1.E0,0.E0));
#311=DIRECTION('',(0.E0,0.E0,1.E0));
#312=AXIS2_PLACEMENT_3D('',#309,#310,#311);
#314=CARTESIAN_POINT('',(6.E0,-8.E0,-4.6E1));
#315=DIRECTION('',(0.E0,1.E0,0.E0));
#316=DIRECTION('',(0.E0,0.E0,-1.E0));
#317=AXIS2_PLACEMENT_3D('',#314,#315,#316);
#319=DIRECTION('',(0.E0,1.E0,0.E0));
#320=VECTOR('',#319,4.E0);
#321=CARTESIAN_POINT('',(-6.E0,-8.E0,-4.475E1));
#322=LINE('',#321,#320);
#323=DIRECTION('',(0.E0,1.E0,0.E0));
#324=VECTOR('',#323,4.E0);
#325=CARTESIAN_POINT('',(-6.E0,-8.E0,-4.725E1));
#326=LINE('',#325,#324);
#327=CARTESIAN_POINT('',(-6.E0,-8.E0,-4.6E1));
#328=DIRECTION('',(0.E0,1.E0,0.E0));
#329=DIRECTION('',(0.E0,0.E0,1.E0));
#330=AXIS2_PLACEMENT_3D('',#327,#328,#329);
#332=CARTESIAN_POINT('',(-6.E0,-8.E0,-4.6E1));
#333=DIRECTION('',(0.E0,1.E0,0.E0));
#334=DIRECTION('',(0.E0,0.E0,-1.E0));
#335=AXIS2_PLACEMENT_3D('',#332,#333,#334);
#337=DIRECTION('',(0.E0,-1.E0,0.E0));
#338=VECTOR('',#337,2.E1);
#339=CARTESIAN_POINT('',(9.999178138482E-1,2.E1,3.898717948718E1));
#340=LINE('',#339,#338);
#341=CARTESIAN_POINT('',(5.E1,0.E0,-1.917141892096E-14));
#342=CARTESIAN_POINT('',(-5.E1,0.E0,0.E0));
#343=VERTEX_POINT('',#341);
#344=VERTEX_POINT('',#342);
#345=CARTESIAN_POINT('',(-4.8E1,0.E0,0.E0));
#346=CARTESIAN_POINT('',(4.8E1,0.E0,0.E0));
#347=VERTEX_POINT('',#345);
#348=VERTEX_POINT('',#346);
#349=CARTESIAN_POINT('',(-4.05E1,0.E0,0.E0));
#350=CARTESIAN_POINT('',(4.05E1,0.E0,0.E0));
#351=VERTEX_POINT('',#349);
#352=VERTEX_POINT('',#350);
#353=CARTESIAN_POINT('',(-1.E0,0.E0,3.9E1));
#354=CARTESIAN_POINT('',(-9.999178138482E-1,0.E0,3.898717948718E1));
#355=VERTEX_POINT('',#353);
#356=VERTEX_POINT('',#354);
#357=CARTESIAN_POINT('',(1.E0,0.E0,3.9E1));
#358=VERTEX_POINT('',#357);
#359=CARTESIAN_POINT('',(9.999178138482E-1,0.E0,3.898717948718E1));
#360=VERTEX_POINT('',#359);
#361=CARTESIAN_POINT('',(-3.9E1,0.E0,-1.898481372109E-14));
#362=CARTESIAN_POINT('',(-9.999178138482E-1,0.E0,-3.898717948718E1));
#363=VERTEX_POINT('',#361);
#364=VERTEX_POINT('',#362);
#365=CARTESIAN_POINT('',(1.E0,0.E0,-3.9E1));
#366=CARTESIAN_POINT('',(9.999178138482E-1,0.E0,-3.898717948718E1));
#367=VERTEX_POINT('',#365);
#368=VERTEX_POINT('',#366);
#369=CARTESIAN_POINT('',(-1.E0,0.E0,-3.9E1));
#370=VERTEX_POINT('',#369);
#371=CARTESIAN_POINT('',(3.9E1,0.E0,1.898481372109E-14));
#372=VERTEX_POINT('',#371);
#373=CARTESIAN_POINT('',(5.E1,2.E1,0.E0));
#374=VERTEX_POINT('',#373);
#375=CARTESIAN_POINT('',(-5.E1,2.E1,0.E0));
#376=VERTEX_POINT('',#375);
#377=CARTESIAN_POINT('',(4.8E1,2.E1,0.E0));
#378=CARTESIAN_POINT('',(-4.8E1,2.E1,0.E0));
#379=VERTEX_POINT('',#377);
#380=VERTEX_POINT('',#378);
#381=CARTESIAN_POINT('',(4.05E1,2.E1,0.E0));
#382=CARTESIAN_POINT('',(-4.05E1,2.E1,0.E0));
#383=VERTEX_POINT('',#381);
#384=VERTEX_POINT('',#382);
#385=CARTESIAN_POINT('',(1.E0,2.E1,3.9E1));
#386=CARTESIAN_POINT('',(9.999178138482E-1,2.E1,3.898717948718E1));
#387=VERTEX_POINT('',#385);
#388=VERTEX_POINT('',#386);
#389=CARTESIAN_POINT('',(-1.E0,2.E1,3.9E1));
#390=VERTEX_POINT('',#389);
#391=CARTESIAN_POINT('',(-9.999178138482E-1,2.E1,3.898717948718E1));
#392=VERTEX_POINT('',#391);
#393=CARTESIAN_POINT('',(3.9E1,2.E1,-1.898481372109E-14));
#394=CARTESIAN_POINT('',(9.999178138482E-1,2.E1,-3.898717948718E1));
#395=VERTEX_POINT('',#393);
#396=VERTEX_POINT('',#394);
#397=CARTESIAN_POINT('',(-1.E0,2.E1,-3.9E1));
#398=CARTESIAN_POINT('',(-9.999178138482E-1,2.E1,-3.898717948718E1));
#399=VERTEX_POINT('',#397);
#400=VERTEX_POINT('',#398);
#401=CARTESIAN_POINT('',(1.E0,2.E1,-3.9E1));
#402=VERTEX_POINT('',#401);
#403=CARTESIAN_POINT('',(-3.9E1,2.E1,0.E0));
#404=VERTEX_POINT('',#403);
#405=CARTESIAN_POINT('',(4.05E1,2.35E1,0.E0));
#406=VERTEX_POINT('',#405);
#407=CARTESIAN_POINT('',(-4.05E1,2.35E1,0.E0));
#408=VERTEX_POINT('',#407);
#409=CARTESIAN_POINT('',(4.05E1,-4.E0,0.E0));
#410=VERTEX_POINT('',#409);
#411=CARTESIAN_POINT('',(-4.05E1,-4.E0,0.E0));
#412=VERTEX_POINT('',#411);
#413=CARTESIAN_POINT('',(-4.8E1,2.35E1,0.E0));
#414=CARTESIAN_POINT('',(4.8E1,2.35E1,0.E0));
#415=VERTEX_POINT('',#413);
#416=VERTEX_POINT('',#414);
#417=CARTESIAN_POINT('',(4.8E1,-4.E0,0.E0));
#418=VERTEX_POINT('',#417);
#419=CARTESIAN_POINT('',(-4.8E1,-4.E0,0.E0));
#420=VERTEX_POINT('',#419);
#421=CARTESIAN_POINT('',(0.E0,-4.E0,-4.725E1));
#422=CARTESIAN_POINT('',(0.E0,-4.E0,-4.475E1));
#423=VERTEX_POINT('',#421);
#424=VERTEX_POINT('',#422);
#425=CARTESIAN_POINT('',(6.E0,-4.E0,-4.725E1));
#426=CARTESIAN_POINT('',(6.E0,-4.E0,-4.475E1));
#427=VERTEX_POINT('',#425);
#428=VERTEX_POINT('',#426);
#429=CARTESIAN_POINT('',(-6.E0,-4.E0,-4.725E1));
#430=CARTESIAN_POINT('',(-6.E0,-4.E0,-4.475E1));
#431=VERTEX_POINT('',#429);
#432=VERTEX_POINT('',#430);
#433=CARTESIAN_POINT('',(0.E0,-8.E0,-4.725E1));
#434=VERTEX_POINT('',#433);
#435=CARTESIAN_POINT('',(0.E0,-8.E0,-4.475E1));
#436=VERTEX_POINT('',#435);
#437=CARTESIAN_POINT('',(6.E0,-8.E0,-4.475E1));
#438=CARTESIAN_POINT('',(6.E0,-8.E0,-4.725E1));
#439=VERTEX_POINT('',#437);
#440=VERTEX_POINT('',#438);
#441=CARTESIAN_POINT('',(-6.E0,-8.E0,-4.475E1));
#442=CARTESIAN_POINT('',(-6.E0,-8.E0,-4.725E1));
#443=VERTEX_POINT('',#441);
#444=VERTEX_POINT('',#442);
#445=CARTESIAN_POINT('',(0.E0,0.E0,0.E0));
#446=DIRECTION('',(0.E0,1.E0,0.E0));
#447=DIRECTION('',(1.E0,0.E0,0.E0));
#448=AXIS2_PLACEMENT_3D('',#445,#446,#447);
#449=PLANE('',#448);
#451=ORIENTED_EDGE('',*,*,#450,.T.);
#453=ORIENTED_EDGE('',*,*,#452,.T.);
#454=EDGE_LOOP('',(#451,#453));
#455=FACE_OUTER_BOUND('',#454,.F.);
#457=ORIENTED_EDGE('',*,*,#456,.T.);
#459=ORIENTED_EDGE('',*,*,#458,.T.);
#460=EDGE_LOOP('',(#457,#459));
#461=FACE_BOUND('',#460,.F.);
#462=ADVANCED_FACE('',(#455,#461),#449,.F.);
#463=CARTESIAN_POINT('',(0.E0,0.E0,0.E0));
#464=DIRECTION('',(0.E0,1.E0,0.E0));
#465=DIRECTION('',(1.E0,0.E0,0.E0));
#466=AXIS2_PLACEMENT_3D('',#463,#464,#465);
#467=CYLINDRICAL_SURFACE('',#466,5.E1);
#468=ORIENTED_EDGE('',*,*,#450,.F.);
#470=ORIENTED_EDGE('',*,*,#469,.F.);
#472=ORIENTED_EDGE('',*,*,#471,.F.);
#474=ORIENTED_EDGE('',*,*,#473,.T.);
#475=EDGE_LOOP('',(#468,#470,#472,#474));
#476=FACE_OUTER_BOUND('',#475,.F.);
#477=ADVANCED_FACE('',(#476),#467,.T.);
#478=CARTESIAN_POINT('',(0.E0,0.E0,0.E0));
#479=DIRECTION('',(0.E0,1.E0,0.E0));
#480=DIRECTION('',(1.E0,0.E0,0.E0));
#481=AXIS2_PLACEMENT_3D('',#478,#479,#480);
#482=CYLINDRICAL_SURFACE('',#481,5.E1);
#483=ORIENTED_EDGE('',*,*,#452,.F.);
#484=ORIENTED_EDGE('',*,*,#473,.F.);
#486=ORIENTED_EDGE('',*,*,#485,.F.);
#487=ORIENTED_EDGE('',*,*,#469,.T.);
#488=EDGE_LOOP('',(#483,#484,#486,#487));
#489=FACE_OUTER_BOUND('',#488,.F.);
#490=ADVANCED_FACE('',(#489),#482,.T.);
#491=CARTESIAN_POINT('',(0.E0,2.E1,0.E0));
#492=DIRECTION('',(0.E0,1.E0,0.E0));
#493=DIRECTION('',(1.E0,0.E0,0.E0));
#494=AXIS2_PLACEMENT_3D('',#491,#492,#493);
#495=PLANE('',#494);
#496=ORIENTED_EDGE('',*,*,#471,.T.);
#497=ORIENTED_EDGE('',*,*,#485,.T.);
#498=EDGE_LOOP('',(#496,#497));
#499=FACE_OUTER_BOUND('',#498,.F.);
#501=ORIENTED_EDGE('',*,*,#500,.T.);
#503=ORIENTED_EDGE('',*,*,#502,.T.);
#504=EDGE_LOOP('',(#501,#503));
#505=FACE_BOUND('',#504,.F.);
#506=ADVANCED_FACE('',(#499,#505),#495,.T.);
#507=CARTESIAN_POINT('',(0.E0,-4.E0,0.E0));
#508=DIRECTION('',(0.E0,1.E0,0.E0));
#509=DIRECTION('',(1.E0,0.E0,0.E0));
#510=AXIS2_PLACEMENT_3D('',#507,#508,#509);
#511=CYLINDRICAL_SURFACE('',#510,4.8E1);
#512=ORIENTED_EDGE('',*,*,#500,.F.);
#514=ORIENTED_EDGE('',*,*,#513,.F.);
#516=ORIENTED_EDGE('',*,*,#515,.F.);
#518=ORIENTED_EDGE('',*,*,#517,.T.);
#519=EDGE_LOOP('',(#512,#514,#516,#518));
#520=FACE_OUTER_BOUND('',#519,.F.);
#521=ADVANCED_FACE('',(#520),#511,.T.);
#522=CARTESIAN_POINT('',(0.E0,-4.E0,0.E0));
#523=DIRECTION('',(0.E0,1.E0,0.E0));
#524=DIRECTION('',(1.E0,0.E0,0.E0));
#525=AXIS2_PLACEMENT_3D('',#522,#523,#524);
#526=CYLINDRICAL_SURFACE('',#525,4.8E1);
#527=ORIENTED_EDGE('',*,*,#502,.F.);
#528=ORIENTED_EDGE('',*,*,#517,.F.);
#530=ORIENTED_EDGE('',*,*,#529,.F.);
#531=ORIENTED_EDGE('',*,*,#513,.T.);
#532=EDGE_LOOP('',(#527,#528,#530,#531));
#533=FACE_OUTER_BOUND('',#532,.F.);
#534=ADVANCED_FACE('',(#533),#526,.T.);
#535=CARTESIAN_POINT('',(0.E0,2.35E1,0.E0));
#536=DIRECTION('',(0.E0,1.E0,0.E0));
#537=DIRECTION('',(1.E0,0.E0,0.E0));
#538=AXIS2_PLACEMENT_3D('',#535,#536,#537);
#539=PLANE('',#538);
#540=ORIENTED_EDGE('',*,*,#515,.T.);
#541=ORIENTED_EDGE('',*,*,#529,.T.);
#542=EDGE_LOOP('',(#540,#541));
#543=FACE_OUTER_BOUND('',#542,.F.);
#545=ORIENTED_EDGE('',*,*,#544,.T.);
#547=ORIENTED_EDGE('',*,*,#546,.T.);
#548=EDGE_LOOP('',(#545,#547));
#549=FACE_BOUND('',#548,.F.);
#550=ADVANCED_FACE('',(#543,#549),#539,.T.);
#551=CARTESIAN_POINT('',(0.E0,-4.E0,0.E0));
#552=DIRECTION('',(0.E0,1.E0,0.E0));
#553=DIRECTION('',(1.E0,0.E0,0.E0));
#554=AXIS2_PLACEMENT_3D('',#551,#552,#553);
#555=CYLINDRICAL_SURFACE('',#554,4.05E1);
#557=ORIENTED_EDGE('',*,*,#556,.F.);
#559=ORIENTED_EDGE('',*,*,#558,.F.);
#560=ORIENTED_EDGE('',*,*,#544,.F.);
#562=ORIENTED_EDGE('',*,*,#561,.T.);
#563=EDGE_LOOP('',(#557,#559,#560,#562));
#564=FACE_OUTER_BOUND('',#563,.F.);
#565=ADVANCED_FACE('',(#564),#555,.F.);
#566=CARTESIAN_POINT('',(0.E0,2.E1,0.E0));
#567=DIRECTION('',(0.E0,1.E0,0.E0));
#568=DIRECTION('',(1.E0,0.E0,0.E0));
#569=AXIS2_PLACEMENT_3D('',#566,#567,#568);
#570=PLANE('',#569);
#571=ORIENTED_EDGE('',*,*,#556,.T.);
#573=ORIENTED_EDGE('',*,*,#572,.T.);
#574=EDGE_LOOP('',(#571,#573));
#575=FACE_OUTER_BOUND('',#574,.F.);
#577=ORIENTED_EDGE('',*,*,#576,.T.);
#579=ORIENTED_EDGE('',*,*,#578,.T.);
#581=ORIENTED_EDGE('',*,*,#580,.T.);
#583=ORIENTED_EDGE('',*,*,#582,.T.);
#585=ORIENTED_EDGE('',*,*,#584,.T.);
#587=ORIENTED_EDGE('',*,*,#586,.T.);
#589=ORIENTED_EDGE('',*,*,#588,.T.);
#591=ORIENTED_EDGE('',*,*,#590,.T.);
#593=ORIENTED_EDGE('',*,*,#592,.T.);
#595=ORIENTED_EDGE('',*,*,#594,.T.);
#596=EDGE_LOOP('',(#577,#579,#581,#583,#585,#587,#589,#591,#593,#595));
#597=FACE_BOUND('',#596,.F.);
#598=ADVANCED_FACE('',(#575,#597),#570,.T.);
#599=CARTESIAN_POINT('',(0.E0,-4.E0,0.E0));
#600=DIRECTION('',(0.E0,1.E0,0.E0));
#601=DIRECTION('',(1.E0,0.E0,0.E0));
#602=AXIS2_PLACEMENT_3D('',#599,#600,#601);
#603=CYLINDRICAL_SURFACE('',#602,4.05E1);
#604=ORIENTED_EDGE('',*,*,#572,.F.);
#605=ORIENTED_EDGE('',*,*,#561,.F.);
#606=ORIENTED_EDGE('',*,*,#546,.F.);
#607=ORIENTED_EDGE('',*,*,#558,.T.);
#608=EDGE_LOOP('',(#604,#605,#606,#607));
#609=FACE_OUTER_BOUND('',#608,.F.);
#610=ADVANCED_FACE('',(#609),#603,.F.);
#611=CARTESIAN_POINT('',(0.E0,2.E1,3.9E1));
#612=DIRECTION('',(0.E0,-1.E0,0.E0));
#613=DIRECTION('',(1.E0,0.E0,0.E0));
#614=AXIS2_PLACEMENT_3D('',#611,#612,#613);
#615=CYLINDRICAL_SURFACE('',#614,1.E0);
#616=ORIENTED_EDGE('',*,*,#580,.F.);
#617=ORIENTED_EDGE('',*,*,#578,.F.);
#618=ORIENTED_EDGE('',*,*,#576,.F.);
#620=ORIENTED_EDGE('',*,*,#619,.T.);
#622=ORIENTED_EDGE('',*,*,#621,.F.);
#624=ORIENTED_EDGE('',*,*,#623,.F.);
#626=ORIENTED_EDGE('',*,*,#625,.F.);
#628=ORIENTED_EDGE('',*,*,#627,.F.);
#629=EDGE_LOOP('',(#616,#617,#618,#620,#622,#624,#626,#628));
#630=FACE_OUTER_BOUND('',#629,.F.);
#631=ADVANCED_FACE('',(#630),#615,.F.);
#632=CARTESIAN_POINT('',(0.E0,0.E0,0.E0));
#633=DIRECTION('',(0.E0,1.E0,0.E0));
#634=DIRECTION('',(1.E0,0.E0,0.E0));
#635=AXIS2_PLACEMENT_3D('',#632,#633,#634);
#636=CYLINDRICAL_SURFACE('',#635,3.9E1);
#637=ORIENTED_EDGE('',*,*,#619,.F.);
#638=ORIENTED_EDGE('',*,*,#594,.F.);
#639=ORIENTED_EDGE('',*,*,#592,.F.);
#641=ORIENTED_EDGE('',*,*,#640,.T.);
#643=ORIENTED_EDGE('',*,*,#642,.F.);
#645=ORIENTED_EDGE('',*,*,#644,.F.);
#646=EDGE_LOOP('',(#637,#638,#639,#641,#643,#645));
#647=FACE_OUTER_BOUND('',#646,.F.);
#648=ADVANCED_FACE('',(#647),#636,.F.);
#649=CARTESIAN_POINT('',(0.E0,2.E1,-3.9E1));
#650=DIRECTION('',(0.E0,1.E0,0.E0));
#651=DIRECTION('',(1.E0,0.E0,0.E0));
#652=AXIS2_PLACEMENT_3D('',#649,#650,#651);
#653=CYLINDRICAL_SURFACE('',#652,1.E0);
#655=ORIENTED_EDGE('',*,*,#654,.F.);
#657=ORIENTED_EDGE('',*,*,#656,.F.);
#659=ORIENTED_EDGE('',*,*,#658,.F.);
#660=ORIENTED_EDGE('',*,*,#640,.F.);
#661=ORIENTED_EDGE('',*,*,#590,.F.);
#662=ORIENTED_EDGE('',*,*,#588,.F.);
#663=ORIENTED_EDGE('',*,*,#586,.F.);
#665=ORIENTED_EDGE('',*,*,#664,.T.);
#666=EDGE_LOOP('',(#655,#657,#659,#660,#661,#662,#663,#665));
#667=FACE_OUTER_BOUND('',#666,.F.);
#668=ADVANCED_FACE('',(#667),#653,.F.);
#669=CARTESIAN_POINT('',(0.E0,0.E0,0.E0));
#670=DIRECTION('',(0.E0,1.E0,0.E0));
#671=DIRECTION('',(1.E0,0.E0,0.E0));
#672=AXIS2_PLACEMENT_3D('',#669,#670,#671);
#673=PLANE('',#672);
#675=ORIENTED_EDGE('',*,*,#674,.T.);
#677=ORIENTED_EDGE('',*,*,#676,.T.);
#678=EDGE_LOOP('',(#675,#677));
#679=FACE_OUTER_BOUND('',#678,.F.);
#680=ORIENTED_EDGE('',*,*,#625,.T.);
#681=ORIENTED_EDGE('',*,*,#623,.T.);
#682=ORIENTED_EDGE('',*,*,#621,.T.);
#683=ORIENTED_EDGE('',*,*,#644,.T.);
#684=ORIENTED_EDGE('',*,*,#642,.T.);
#685=ORIENTED_EDGE('',*,*,#658,.T.);
#686=ORIENTED_EDGE('',*,*,#656,.T.);
#687=ORIENTED_EDGE('',*,*,#654,.T.);
#689=ORIENTED_EDGE('',*,*,#688,.T.);
#691=ORIENTED_EDGE('',*,*,#690,.T.);
#692=EDGE_LOOP('',(#680,#681,#682,#683,#684,#685,#686,#687,#689,#691));
#693=FACE_BOUND('',#692,.F.);
#694=ADVANCED_FACE('',(#679,#693),#673,.F.);
#695=CARTESIAN_POINT('',(0.E0,-4.E0,0.E0));
#696=DIRECTION('',(0.E0,1.E0,0.E0));
#697=DIRECTION('',(1.E0,0.E0,0.E0));
#698=AXIS2_PLACEMENT_3D('',#695,#696,#697);
#699=CYLINDRICAL_SURFACE('',#698,4.05E1);
#701=ORIENTED_EDGE('',*,*,#700,.F.);
#702=ORIENTED_EDGE('',*,*,#674,.F.);
#704=ORIENTED_EDGE('',*,*,#703,.T.);
#706=ORIENTED_EDGE('',*,*,#705,.F.);
#707=EDGE_LOOP('',(#701,#702,#704,#706));
#708=FACE_OUTER_BOUND('',#707,.F.);
#709=ADVANCED_FACE('',(#708),#699,.F.);
#710=CARTESIAN_POINT('',(0.E0,-4.E0,0.E0));
#711=DIRECTION('',(0.E0,1.E0,0.E0));
#712=DIRECTION('',(1.E0,0.E0,0.E0));
#713=AXIS2_PLACEMENT_3D('',#710,#711,#712);
#714=CYLINDRICAL_SURFACE('',#713,4.05E1);
#715=ORIENTED_EDGE('',*,*,#700,.T.);
#717=ORIENTED_EDGE('',*,*,#716,.F.);
#718=ORIENTED_EDGE('',*,*,#703,.F.);
#719=ORIENTED_EDGE('',*,*,#676,.F.);
#720=EDGE_LOOP('',(#715,#717,#718,#719));
#721=FACE_OUTER_BOUND('',#720,.F.);
#722=ADVANCED_FACE('',(#721),#714,.F.);
#723=CARTESIAN_POINT('',(0.E0,-4.E0,0.E0));
#724=DIRECTION('',(0.E0,1.E0,0.E0));
#725=DIRECTION('',(1.E0,0.E0,0.E0));
#726=AXIS2_PLACEMENT_3D('',#723,#724,#725);
#727=PLANE('',#726);
#729=ORIENTED_EDGE('',*,*,#728,.T.);
#731=ORIENTED_EDGE('',*,*,#730,.T.);
#732=EDGE_LOOP('',(#729,#731));
#733=FACE_OUTER_BOUND('',#732,.F.);
#734=ORIENTED_EDGE('',*,*,#705,.T.);
#735=ORIENTED_EDGE('',*,*,#716,.T.);
#736=EDGE_LOOP('',(#734,#735));
#737=FACE_BOUND('',#736,.F.);
#739=ORIENTED_EDGE('',*,*,#738,.T.);
#741=ORIENTED_EDGE('',*,*,#740,.T.);
#742=EDGE_LOOP('',(#739,#741));
#743=FACE_BOUND('',#742,.F.);
#745=ORIENTED_EDGE('',*,*,#744,.T.);
#747=ORIENTED_EDGE('',*,*,#746,.T.);
#748=EDGE_LOOP('',(#745,#747));
#749=FACE_BOUND('',#748,.F.);
#751=ORIENTED_EDGE('',*,*,#750,.T.);
#753=ORIENTED_EDGE('',*,*,#752,.T.);
#754=EDGE_LOOP('',(#751,#753));
#755=FACE_BOUND('',#754,.F.);
#756=ADVANCED_FACE('',(#733,#737,#743,#749,#755),#727,.F.);
#757=CARTESIAN_POINT('',(0.E0,-4.E0,0.E0));
#758=DIRECTION('',(0.E0,1.E0,0.E0));
#759=DIRECTION('',(1.E0,0.E0,0.E0));
#760=AXIS2_PLACEMENT_3D('',#757,#758,#759);
#761=CYLINDRICAL_SURFACE('',#760,4.8E1);
#763=ORIENTED_EDGE('',*,*,#762,.F.);
#764=ORIENTED_EDGE('',*,*,#456,.F.);
#766=ORIENTED_EDGE('',*,*,#765,.T.);
#767=ORIENTED_EDGE('',*,*,#728,.F.);
#768=EDGE_LOOP('',(#763,#764,#766,#767));
#769=FACE_OUTER_BOUND('',#768,.F.);
#770=ADVANCED_FACE('',(#769),#761,.T.);
#771=CARTESIAN_POINT('',(0.E0,-4.E0,0.E0));
#772=DIRECTION('',(0.E0,1.E0,0.E0));
#773=DIRECTION('',(1.E0,0.E0,0.E0));
#774=AXIS2_PLACEMENT_3D('',#771,#772,#773);
#775=CYLINDRICAL_SURFACE('',#774,4.8E1);
#776=ORIENTED_EDGE('',*,*,#762,.T.);
#777=ORIENTED_EDGE('',*,*,#730,.F.);
#778=ORIENTED_EDGE('',*,*,#765,.F.);
#779=ORIENTED_EDGE('',*,*,#458,.F.);
#780=EDGE_LOOP('',(#776,#777,#778,#779));
#781=FACE_OUTER_BOUND('',#780,.F.);
#782=ADVANCED_FACE('',(#781),#775,.T.);
#783=CARTESIAN_POINT('',(0.E0,0.E0,-4.6E1));
#784=DIRECTION('',(0.E0,-1.E0,0.E0));
#785=DIRECTION('',(0.E0,0.E0,-1.E0));
#786=AXIS2_PLACEMENT_3D('',#783,#784,#785);
#787=CYLINDRICAL_SURFACE('',#786,1.25E0);
#788=ORIENTED_EDGE('',*,*,#738,.F.);
#790=ORIENTED_EDGE('',*,*,#789,.F.);
#792=ORIENTED_EDGE('',*,*,#791,.F.);
#794=ORIENTED_EDGE('',*,*,#793,.T.);
#795=EDGE_LOOP('',(#788,#790,#792,#794));
#796=FACE_OUTER_BOUND('',#795,.F.);
#797=ADVANCED_FACE('',(#796),#787,.T.);
#798=CARTESIAN_POINT('',(0.E0,0.E0,-4.6E1));
#799=DIRECTION('',(0.E0,-1.E0,0.E0));
#800=DIRECTION('',(0.E0,0.E0,-1.E0));
#801=AXIS2_PLACEMENT_3D('',#798,#799,#800);
#802=CYLINDRICAL_SURFACE('',#801,1.25E0);
#803=ORIENTED_EDGE('',*,*,#740,.F.);
#804=ORIENTED_EDGE('',*,*,#793,.F.);
#806=ORIENTED_EDGE('',*,*,#805,.F.);
#807=ORIENTED_EDGE('',*,*,#789,.T.);
#808=EDGE_LOOP('',(#803,#804,#806,#807));
#809=FACE_OUTER_BOUND('',#808,.F.);
#810=ADVANCED_FACE('',(#809),#802,.T.);
#811=CARTESIAN_POINT('',(0.E0,-8.E0,0.E0));
#812=DIRECTION('',(0.E0,-1.E0,0.E0));
#813=DIRECTION('',(0.E0,0.E0,-1.E0));
#814=AXIS2_PLACEMENT_3D('',#811,#812,#813);
#815=PLANE('',#814);
#816=ORIENTED_EDGE('',*,*,#791,.T.);
#817=ORIENTED_EDGE('',*,*,#805,.T.);
#818=EDGE_LOOP('',(#816,#817));
#819=FACE_OUTER_BOUND('',#818,.F.);
#820=ADVANCED_FACE('',(#819),#815,.T.);
#821=CARTESIAN_POINT('',(6.E0,0.E0,-4.6E1));
#822=DIRECTION('',(0.E0,-1.E0,0.E0));
#823=DIRECTION('',(0.E0,0.E0,-1.E0));
#824=AXIS2_PLACEMENT_3D('',#821,#822,#823);
#825=CYLINDRICAL_SURFACE('',#824,1.25E0);
#826=ORIENTED_EDGE('',*,*,#744,.F.);
#828=ORIENTED_EDGE('',*,*,#827,.F.);
#830=ORIENTED_EDGE('',*,*,#829,.F.);
#832=ORIENTED_EDGE('',*,*,#831,.T.);
#833=EDGE_LOOP('',(#826,#828,#830,#832));
#834=FACE_OUTER_BOUND('',#833,.F.);
#835=ADVANCED_FACE('',(#834),#825,.T.);
#836=CARTESIAN_POINT('',(6.E0,0.E0,-4.6E1));
#837=DIRECTION('',(0.E0,-1.E0,0.E0));
#838=DIRECTION('',(0.E0,0.E0,-1.E0));
#839=AXIS2_PLACEMENT_3D('',#836,#837,#838);
#840=CYLINDRICAL_SURFACE('',#839,1.25E0);
#841=ORIENTED_EDGE('',*,*,#746,.F.);
#842=ORIENTED_EDGE('',*,*,#831,.F.);
#844=ORIENTED_EDGE('',*,*,#843,.F.);
#845=ORIENTED_EDGE('',*,*,#827,.T.);
#846=EDGE_LOOP('',(#841,#842,#844,#845));
#847=FACE_OUTER_BOUND('',#846,.F.);
#848=ADVANCED_FACE('',(#847),#840,.T.);
#849=CARTESIAN_POINT('',(0.E0,-8.E0,0.E0));
#850=DIRECTION('',(0.E0,-1.E0,0.E0));
#851=DIRECTION('',(0.E0,0.E0,-1.E0));
#852=AXIS2_PLACEMENT_3D('',#849,#850,#851);
#853=PLANE('',#852);
#854=ORIENTED_EDGE('',*,*,#829,.T.);
#855=ORIENTED_EDGE('',*,*,#843,.T.);
#856=EDGE_LOOP('',(#854,#855));
#857=FACE_OUTER_BOUND('',#856,.F.);
#858=ADVANCED_FACE('',(#857),#853,.T.);
#859=CARTESIAN_POINT('',(-6.E0,0.E0,-4.6E1));
#860=DIRECTION('',(0.E0,-1.E0,0.E0));
#861=DIRECTION('',(0.E0,0.E0,-1.E0));
#862=AXIS2_PLACEMENT_3D('',#859,#860,#861);
#863=CYLINDRICAL_SURFACE('',#862,1.25E0);
#864=ORIENTED_EDGE('',*,*,#750,.F.);
#866=ORIENTED_EDGE('',*,*,#865,.F.);
#868=ORIENTED_EDGE('',*,*,#867,.F.);
#870=ORIENTED_EDGE('',*,*,#869,.T.);
#871=EDGE_LOOP('',(#864,#866,#868,#870));
#872=FACE_OUTER_BOUND('',#871,.F.);
#873=ADVANCED_FACE('',(#872),#863,.T.);
#874=CARTESIAN_POINT('',(-6.E0,0.E0,-4.6E1));
#875=DIRECTION('',(0.E0,-1.E0,0.E0));
#876=DIRECTION('',(0.E0,0.E0,-1.E0));
#877=AXIS2_PLACEMENT_3D('',#874,#875,#876);
#878=CYLINDRICAL_SURFACE('',#877,1.25E0);
#879=ORIENTED_EDGE('',*,*,#752,.F.);
#880=ORIENTED_EDGE('',*,*,#869,.F.);
#882=ORIENTED_EDGE('',*,*,#881,.F.);
#883=ORIENTED_EDGE('',*,*,#865,.T.);
#884=EDGE_LOOP('',(#879,#880,#882,#883));
#885=FACE_OUTER_BOUND('',#884,.F.);
#886=ADVANCED_FACE('',(#885),#878,.T.);
#887=CARTESIAN_POINT('',(0.E0,-8.E0,0.E0));
#888=DIRECTION('',(0.E0,-1.E0,0.E0));
#889=DIRECTION('',(0.E0,0.E0,-1.E0));
#890=AXIS2_PLACEMENT_3D('',#887,#888,#889);
#891=PLANE('',#890);
#892=ORIENTED_EDGE('',*,*,#867,.T.);
#893=ORIENTED_EDGE('',*,*,#881,.T.);
#894=EDGE_LOOP('',(#892,#893));
#895=FACE_OUTER_BOUND('',#894,.F.);
#896=ADVANCED_FACE('',(#895),#891,.T.);
#897=CARTESIAN_POINT('',(0.E0,0.E0,0.E0));
#898=DIRECTION('',(0.E0,1.E0,0.E0));
#899=DIRECTION('',(1.E0,0.E0,0.E0));
#900=AXIS2_PLACEMENT_3D('',#897,#898,#899);
#901=CYLINDRICAL_SURFACE('',#900,3.9E1);
#902=ORIENTED_EDGE('',*,*,#627,.T.);
#903=ORIENTED_EDGE('',*,*,#690,.F.);
#904=ORIENTED_EDGE('',*,*,#688,.F.);
#905=ORIENTED_EDGE('',*,*,#664,.F.);
#906=ORIENTED_EDGE('',*,*,#584,.F.);
#907=ORIENTED_EDGE('',*,*,#582,.F.);
#908=EDGE_LOOP('',(#902,#903,#904,#905,#906,#907));
#909=FACE_OUTER_BOUND('',#908,.F.);
#910=ADVANCED_FACE('',(#909),#901,.F.);
#914=DIMENSIONAL_EXPONENTS(0.E0,0.E0,0.E0,0.E0,0.E0,0.E0,0.E0);
#916=PLANE_ANGLE_MEASURE_WITH_UNIT(PLANE_ANGLE_MEASURE(1.745329251994E-2),#915);
#917=(CONVERSION_BASED_UNIT('DEGREE',#916)NAMED_UNIT(*)PLANE_ANGLE_UNIT());
#919=UNCERTAINTY_MEASURE_WITH_UNIT(LENGTH_MEASURE(1.E-2),#913,'closure',
'Maximum model space distance between geometric entities at asserted connectivities');
#920=(GEOMETRIC_REPRESENTATION_CONTEXT(3)GLOBAL_UNCERTAINTY_ASSIGNED_CONTEXT((
#919))GLOBAL_UNIT_ASSIGNED_CONTEXT((#913,#917,#918))REPRESENTATION_CONTEXT
('ID1','3'));
#921=CARTESIAN_POINT('',(0.E0,0.E0,0.E0));
#922=DIRECTION('',(0.E0,0.E0,1.E0));
#923=DIRECTION('',(1.E0,0.E0,0.E0));
#926=APPLICATION_CONTEXT(
'CONFIGURATION CONTROLLED 3D DESIGNS OF MECHANICAL PARTS AND ASSEMBLIES');
#927=APPLICATION_PROTOCOL_DEFINITION('international standard',
'config_control_design',1994,#926);
#928=DESIGN_CONTEXT('',#926,'design');
#929=MECHANICAL_CONTEXT('',#926,'mechanical');
#930=PRODUCT('1002000_11','1002000_11','NOT SPECIFIED',(#929));
#931=PRODUCT_DEFINITION_FORMATION_WITH_SPECIFIED_SOURCE('1','LAST_VERSION',#930,
.MADE.);
#940=CARTESIAN_POINT('',(0.E0,0.E0,0.E0));
#941=DIRECTION('',(0.E0,0.E0,1.E0));
#942=DIRECTION('',(1.E0,0.E0,0.E0));
#943=AXIS2_PLACEMENT_3D('',#940,#941,#942);
#944=ITEM_DEFINED_TRANSFORMATION('','',#924,#943);
#945=(REPRESENTATION_RELATIONSHIP('','',#925,#937)REPRESENTATION_RELATIONSHIP_WITH_TRANSFORMATION(#944)SHAPE_REPRESENTATION_RELATIONSHIP());
#946=CONTEXT_DEPENDENT_SHAPE_REPRESENTATION(#945,#939);
#947=CARTESIAN_POINT('',(0.E0,1.421085471520E-14,0.E0));
#948=DIRECTION('',(0.E0,1.E0,0.E0));
#949=DIRECTION('',(-1.E0,0.E0,0.E0));
#950=AXIS2_PLACEMENT_3D('',#947,#948,#949);
#952=CARTESIAN_POINT('',(0.E0,1.421085471520E-14,0.E0));
#953=DIRECTION('',(0.E0,1.E0,0.E0));
#954=DIRECTION('',(1.E0,0.E0,0.E0));
#955=AXIS2_PLACEMENT_3D('',#952,#953,#954);
#957=CARTESIAN_POINT('',(0.E0,-5.044853423897E-13,0.E0));
#958=DIRECTION('',(0.E0,-1.E0,0.E0));
#959=DIRECTION('',(-1.E0,0.E0,0.E0));
#960=AXIS2_PLACEMENT_3D('',#957,#958,#959);
#962=CARTESIAN_POINT('',(0.E0,-5.044853423897E-13,0.E0));
#963=DIRECTION('',(0.E0,-1.E0,0.E0));
#964=DIRECTION('',(0.E0,0.E0,-1.E0));
#965=AXIS2_PLACEMENT_3D('',#962,#963,#964);
#967=CARTESIAN_POINT('',(0.E0,-5.044853423897E-13,0.E0));
#968=DIRECTION('',(0.E0,-1.E0,0.E0));
#969=DIRECTION('',(1.E0,0.E0,0.E0));
#970=AXIS2_PLACEMENT_3D('',#967,#968,#969);
#972=CARTESIAN_POINT('',(0.E0,-5.044853423897E-13,0.E0));
#973=DIRECTION('',(0.E0,-1.E0,0.E0));
#974=DIRECTION('',(0.E0,0.E0,1.E0));
#975=AXIS2_PLACEMENT_3D('',#972,#973,#974);
#977=CARTESIAN_POINT('',(3.7E1,0.E0,0.E0));
#978=DIRECTION('',(0.E0,-1.E0,0.E0));
#979=DIRECTION('',(-1.E0,0.E0,0.E0));
#980=AXIS2_PLACEMENT_3D('',#977,#978,#979);
#982=CARTESIAN_POINT('',(3.7E1,0.E0,0.E0));
#983=DIRECTION('',(0.E0,-1.E0,0.E0));
#984=DIRECTION('',(1.E0,0.E0,0.E0));
#985=AXIS2_PLACEMENT_3D('',#982,#983,#984);
#987=CARTESIAN_POINT('',(1.85E1,0.E0,3.204293994002E1));
#988=DIRECTION('',(0.E0,-1.E0,0.E0));
#989=DIRECTION('',(-5.E-1,0.E0,-8.660254037844E-1));
#990=AXIS2_PLACEMENT_3D('',#987,#988,#989);
#992=CARTESIAN_POINT('',(1.85E1,0.E0,3.204293994002E1));
#993=DIRECTION('',(0.E0,-1.E0,0.E0));
#994=DIRECTION('',(5.E-1,0.E0,8.660254037844E-1));
#995=AXIS2_PLACEMENT_3D('',#992,#993,#994);
#997=CARTESIAN_POINT('',(-1.85E1,0.E0,3.204293994002E1));
#998=DIRECTION('',(0.E0,-1.E0,0.E0));
#999=DIRECTION('',(5.E-1,0.E0,-8.660254037844E-1));
#1000=AXIS2_PLACEMENT_3D('',#997,#998,#999);
#1002=CARTESIAN_POINT('',(-1.85E1,0.E0,3.204293994002E1));
#1003=DIRECTION('',(0.E0,-1.E0,0.E0));
#1004=DIRECTION('',(-5.E-1,0.E0,8.660254037844E-1));
#1005=AXIS2_PLACEMENT_3D('',#1002,#1003,#1004);
#1007=CARTESIAN_POINT('',(-3.7E1,1.509903313490E-14,0.E0));
#1008=DIRECTION('',(0.E0,-1.E0,0.E0));
#1009=DIRECTION('',(1.E0,0.E0,0.E0));
#1010=AXIS2_PLACEMENT_3D('',#1007,#1008,#1009);
#1012=CARTESIAN_POINT('',(-3.7E1,1.509903313490E-14,0.E0));
#1013=DIRECTION('',(0.E0,-1.E0,0.E0));
#1014=DIRECTION('',(-1.E0,0.E0,0.E0));
#1015=AXIS2_PLACEMENT_3D('',#1012,#1013,#1014);
#1017=CARTESIAN_POINT('',(-1.85E1,1.509903313490E-14,-3.204293994002E1));
#1018=DIRECTION('',(0.E0,-1.E0,0.E0));
#1019=DIRECTION('',(5.E-1,0.E0,8.660254037844E-1));
#1020=AXIS2_PLACEMENT_3D('',#1017,#1018,#1019);
#1022=CARTESIAN_POINT('',(-1.85E1,1.509903313490E-14,-3.204293994002E1));
#1023=DIRECTION('',(0.E0,-1.E0,0.E0));
#1024=DIRECTION('',(-5.E-1,0.E0,-8.660254037844E-1));
#1025=AXIS2_PLACEMENT_3D('',#1022,#1023,#1024);
#1027=CARTESIAN_POINT('',(1.85E1,0.E0,-3.204293994002E1));
#1028=DIRECTION('',(0.E0,-1.E0,0.E0));
#1029=DIRECTION('',(-5.E-1,0.E0,8.660254037844E-1));
#1030=AXIS2_PLACEMENT_3D('',#1027,#1028,#1029);
#1032=CARTESIAN_POINT('',(1.85E1,0.E0,-3.204293994002E1));
#1033=DIRECTION('',(0.E0,-1.E0,0.E0));
#1034=DIRECTION('',(5.E-1,0.E0,-8.660254037844E-1));
#1035=AXIS2_PLACEMENT_3D('',#1032,#1033,#1034);
#1037=CARTESIAN_POINT('',(3.204293994002E1,0.E0,-1.85E1));
#1038=DIRECTION('',(0.E0,-1.E0,0.E0));
#1039=DIRECTION('',(-1.E0,0.E0,0.E0));
#1040=AXIS2_PLACEMENT_3D('',#1037,#1038,#1039);
#1042=CARTESIAN_POINT('',(3.204293994002E1,0.E0,-1.85E1));
#1043=DIRECTION('',(0.E0,-1.E0,0.E0));
#1044=DIRECTION('',(1.E0,0.E0,0.E0));
#1045=AXIS2_PLACEMENT_3D('',#1042,#1043,#1044);
#1047=CARTESIAN_POINT('',(3.204293994002E1,0.E0,1.85E1));
#1048=DIRECTION('',(0.E0,-1.E0,0.E0));
#1049=DIRECTION('',(-5.E-1,0.E0,-8.660254037844E-1));
#1050=AXIS2_PLACEMENT_3D('',#1047,#1048,#1049);
#1052=CARTESIAN_POINT('',(3.204293994002E1,0.E0,1.85E1));
#1053=DIRECTION('',(0.E0,-1.E0,0.E0));
#1054=DIRECTION('',(5.E-1,0.E0,8.660254037844E-1));
#1055=AXIS2_PLACEMENT_3D('',#1052,#1053,#1054);
#1057=CARTESIAN_POINT('',(1.065814103640E-14,0.E0,3.7E1));
#1058=DIRECTION('',(0.E0,-1.E0,0.E0));
#1059=DIRECTION('',(5.E-1,0.E0,-8.660254037844E-1));
#1060=AXIS2_PLACEMENT_3D('',#1057,#1058,#1059);
#1062=CARTESIAN_POINT('',(1.065814103640E-14,0.E0,3.7E1));
#1063=DIRECTION('',(0.E0,-1.E0,0.E0));
#1064=DIRECTION('',(-5.E-1,0.E0,8.660254037844E-1));
#1065=AXIS2_PLACEMENT_3D('',#1062,#1063,#1064);
#1067=CARTESIAN_POINT('',(-3.204293994002E1,1.509903313490E-14,1.85E1));
#1068=DIRECTION('',(0.E0,-1.E0,0.E0));
#1069=DIRECTION('',(1.E0,0.E0,0.E0));
#1070=AXIS2_PLACEMENT_3D('',#1067,#1068,#1069);
#1072=CARTESIAN_POINT('',(-3.204293994002E1,1.509903313490E-14,1.85E1));
#1073=DIRECTION('',(0.E0,-1.E0,0.E0));
#1074=DIRECTION('',(-1.E0,0.E0,0.E0));
#1075=AXIS2_PLACEMENT_3D('',#1072,#1073,#1074);
#1077=CARTESIAN_POINT('',(-3.204293994002E1,1.509903313490E-14,-1.85E1));
#1078=DIRECTION('',(0.E0,-1.E0,0.E0));
#1079=DIRECTION('',(5.E-1,0.E0,8.660254037844E-1));
#1080=AXIS2_PLACEMENT_3D('',#1077,#1078,#1079);
#1082=CARTESIAN_POINT('',(-3.204293994002E1,1.509903313490E-14,-1.85E1));
#1083=DIRECTION('',(0.E0,-1.E0,0.E0));
#1084=DIRECTION('',(-5.E-1,0.E0,-8.660254037844E-1));
#1085=AXIS2_PLACEMENT_3D('',#1082,#1083,#1084);
#1087=CARTESIAN_POINT('',(0.E0,0.E0,-3.7E1));
#1088=DIRECTION('',(0.E0,-1.E0,0.E0));
#1089=DIRECTION('',(-5.E-1,0.E0,8.660254037844E-1));
#1090=AXIS2_PLACEMENT_3D('',#1087,#1088,#1089);
#1092=CARTESIAN_POINT('',(0.E0,0.E0,-3.7E1));
#1093=DIRECTION('',(0.E0,-1.E0,0.E0));
#1094=DIRECTION('',(5.E-1,0.E0,-8.660254037844E-1));
#1095=AXIS2_PLACEMENT_3D('',#1092,#1093,#1094);
#1097=DIRECTION('',(0.E0,1.E0,0.E0));
#1098=VECTOR('',#1097,2.E0);
#1099=CARTESIAN_POINT('',(5.15E1,-2.E0,0.E0));
#1100=LINE('',#1099,#1098);
#1101=DIRECTION('',(0.E0,1.E0,0.E0));
#1102=VECTOR('',#1101,2.E0);
#1103=CARTESIAN_POINT('',(-5.15E1,-2.E0,0.E0));
#1104=LINE('',#1103,#1102);
#1105=CARTESIAN_POINT('',(0.E0,-2.E0,0.E0));
#1106=DIRECTION('',(0.E0,1.E0,0.E0));
#1107=DIRECTION('',(-1.E0,0.E0,0.E0));
#1108=AXIS2_PLACEMENT_3D('',#1105,#1106,#1107);
#1110=CARTESIAN_POINT('',(0.E0,-2.E0,0.E0));
#1111=DIRECTION('',(0.E0,1.E0,0.E0));
#1112=DIRECTION('',(1.E0,0.E0,0.E0));
#1113=AXIS2_PLACEMENT_3D('',#1110,#1111,#1112);
#1115=CARTESIAN_POINT('',(0.E0,-2.E0,0.E0));
#1116=DIRECTION('',(0.E0,-1.E0,0.E0));
#1117=DIRECTION('',(-1.E0,0.E0,0.E0));
#1118=AXIS2_PLACEMENT_3D('',#1115,#1116,#1117);
#1120=CARTESIAN_POINT('',(0.E0,-2.E0,0.E0));
#1121=DIRECTION('',(0.E0,-1.E0,0.E0));
#1122=DIRECTION('',(1.E0,0.E0,0.E0));
#1123=AXIS2_PLACEMENT_3D('',#1120,#1121,#1122);
#1125=DIRECTION('',(2.419773664730E-14,1.E0,-9.290988589257E-11));
#1126=VECTOR('',#1125,2.613397459622E1);
#1127=CARTESIAN_POINT('',(5.415E1,-2.813397459622E1,2.428100176679E-9));
#1128=LINE('',#1127,#1126);
#1129=DIRECTION('',(2.202265919585E-14,-1.E0,-6.504790957114E-11));
#1130=VECTOR('',#1129,2.613397459622E1);
#1131=CARTESIAN_POINT('',(-5.415E1,-2.E0,0.E0));
#1132=LINE('',#1131,#1130);
#1133=CARTESIAN_POINT('',(0.E0,-2.813397459623E1,0.E0));
#1134=DIRECTION('',(0.E0,1.E0,0.E0));
#1135=DIRECTION('',(-1.E0,0.E0,0.E0));
#1136=AXIS2_PLACEMENT_3D('',#1133,#1134,#1135);
#1138=CARTESIAN_POINT('',(0.E0,-2.813397459623E1,0.E0));
#1139=DIRECTION('',(0.E0,1.E0,0.E0));
#1140=DIRECTION('',(1.E0,0.E0,2.689303190542E-11));
#1141=AXIS2_PLACEMENT_3D('',#1138,#1139,#1140);
#1143=DIRECTION('',(2.588190451026E-1,-9.659258262890E-1,-7.274960630526E-11));
#1144=VECTOR('',#1143,1.931851652574E0);
#1145=CARTESIAN_POINT('',(5.415E1,-2.813397459622E1,2.428100176679E-9));
#1146=LINE('',#1145,#1144);
#1147=CARTESIAN_POINT('',(0.E0,-3.E1,0.E0));
#1148=DIRECTION('',(0.E0,1.E0,0.E0));
#1149=DIRECTION('',(-1.E0,0.E0,0.E0));
#1150=AXIS2_PLACEMENT_3D('',#1147,#1148,#1149);
#1152=CARTESIAN_POINT('',(0.E0,-3.E1,0.E0));
#1153=DIRECTION('',(0.E0,1.E0,0.E0));
#1154=DIRECTION('',(1.E0,0.E0,0.E0));
#1155=AXIS2_PLACEMENT_3D('',#1152,#1153,#1154);
#1157=CARTESIAN_POINT('',(-4.795296469447E-14,-3.E1,0.E0));
#1158=DIRECTION('',(0.E0,-1.E0,0.E0));
#1159=DIRECTION('',(1.E0,0.E0,0.E0));
#1160=AXIS2_PLACEMENT_3D('',#1157,#1158,#1159);
#1162=CARTESIAN_POINT('',(-4.795296469447E-14,-3.E1,0.E0));
#1163=DIRECTION('',(0.E0,-1.E0,0.E0));
#1164=DIRECTION('',(0.E0,0.E0,1.E0));
#1165=AXIS2_PLACEMENT_3D('',#1162,#1163,#1164);
#1167=CARTESIAN_POINT('',(-4.795296469447E-14,-3.E1,0.E0));
#1168=DIRECTION('',(0.E0,-1.E0,0.E0));
#1169=DIRECTION('',(-1.E0,0.E0,0.E0));
#1170=AXIS2_PLACEMENT_3D('',#1167,#1168,#1169);
#1172=CARTESIAN_POINT('',(-4.795296469447E-14,-3.E1,0.E0));
#1173=DIRECTION('',(0.E0,-1.E0,0.E0));
#1174=DIRECTION('',(0.E0,0.E0,-1.E0));
#1175=AXIS2_PLACEMENT_3D('',#1172,#1173,#1174);
#1177=DIRECTION('',(0.E0,-1.E0,-9.009509596896E-12));
#1178=VECTOR('',#1177,3.02E1);
#1179=CARTESIAN_POINT('',(5.675E1,1.999999999997E-1,4.541926613531E-10));
#1180=LINE('',#1179,#1178);
#1181=CARTESIAN_POINT('',(-2.080740138433E-14,1.999999999995E-1,0.E0));
#1182=DIRECTION('',(0.E0,-1.E0,0.E0));
#1183=DIRECTION('',(1.E0,0.E0,4.813360480885E-12));
#1184=AXIS2_PLACEMENT_3D('',#1181,#1182,#1183);
#1186=CARTESIAN_POINT('',(-2.080740138433E-14,1.999999999995E-1,0.E0));
#1187=DIRECTION('',(0.E0,-1.E0,0.E0));
#1188=DIRECTION('',(0.E0,0.E0,1.E0));
#1189=AXIS2_PLACEMENT_3D('',#1186,#1187,#1188);
#1191=DIRECTION('',(7.071067811866E-1,7.071067811865E-1,-1.967735117212E-11));
#1192=VECTOR('',#1191,4.242640687119E0);
#1193=CARTESIAN_POINT('',(-5.675E1,1.999999999997E-1,-3.175911812257E-10));
#1194=LINE('',#1193,#1192);
#1195=CARTESIAN_POINT('',(-2.080740138433E-14,3.199999999999E0,0.E0));
#1196=DIRECTION('',(0.E0,-1.E0,0.E0));
#1197=DIRECTION('',(-1.E0,0.E0,0.E0));
#1198=AXIS2_PLACEMENT_3D('',#1195,#1196,#1197);
#1200=CARTESIAN_POINT('',(-2.080740138433E-14,3.199999999999E0,0.E0));
#1201=DIRECTION('',(0.E0,-1.E0,0.E0));
#1202=DIRECTION('',(0.E0,0.E0,-1.E0));
#1203=AXIS2_PLACEMENT_3D('',#1200,#1201,#1202);
#1205=CARTESIAN_POINT('',(-2.080740138433E-14,3.199999999999E0,0.E0));
#1206=DIRECTION('',(0.E0,-1.E0,0.E0));
#1207=DIRECTION('',(1.E0,0.E0,0.E0));
#1208=AXIS2_PLACEMENT_3D('',#1205,#1206,#1207);
#1210=CARTESIAN_POINT('',(-2.080740138433E-14,3.199999999999E0,0.E0));
#1211=DIRECTION('',(0.E0,-1.E0,0.E0));
#1212=DIRECTION('',(0.E0,0.E0,1.E0));
#1213=AXIS2_PLACEMENT_3D('',#1210,#1211,#1212);
#1215=CARTESIAN_POINT('',(1.088590536932E-14,3.199999999999E0,0.E0));
#1216=DIRECTION('',(0.E0,1.E0,0.E0));
#1217=DIRECTION('',(1.E0,0.E0,0.E0));
#1218=AXIS2_PLACEMENT_3D('',#1215,#1216,#1217);
#1220=CARTESIAN_POINT('',(1.088590536932E-14,3.199999999999E0,0.E0));
#1221=DIRECTION('',(0.E0,1.E0,0.E0));
#1222=DIRECTION('',(0.E0,0.E0,-1.E0));
#1223=AXIS2_PLACEMENT_3D('',#1220,#1221,#1222);
#1225=CARTESIAN_POINT('',(1.088590536932E-14,3.199999999999E0,0.E0));
#1226=DIRECTION('',(0.E0,1.E0,0.E0));
#1227=DIRECTION('',(-1.E0,0.E0,0.E0));
#1228=AXIS2_PLACEMENT_3D('',#1225,#1226,#1227);
#1230=CARTESIAN_POINT('',(1.088590536932E-14,3.199999999999E0,0.E0));
#1231=DIRECTION('',(0.E0,1.E0,0.E0));
#1232=DIRECTION('',(0.E0,0.E0,1.E0));
#1233=AXIS2_PLACEMENT_3D('',#1230,#1231,#1232);
#1235=CARTESIAN_POINT('',(3.7E1,3.2E0,0.E0));
#1236=DIRECTION('',(0.E0,1.E0,0.E0));
#1237=DIRECTION('',(1.E0,0.E0,0.E0));
#1238=AXIS2_PLACEMENT_3D('',#1235,#1236,#1237);
#1240=CARTESIAN_POINT('',(3.7E1,3.2E0,0.E0));
#1241=DIRECTION('',(0.E0,1.E0,0.E0));
#1242=DIRECTION('',(-1.E0,0.E0,0.E0));
#1243=AXIS2_PLACEMENT_3D('',#1240,#1241,#1242);
#1245=CARTESIAN_POINT('',(1.85E1,3.2E0,3.204293994002E1));
#1246=DIRECTION('',(0.E0,1.E0,0.E0));
#1247=DIRECTION('',(5.E-1,0.E0,8.660254037845E-1));
#1248=AXIS2_PLACEMENT_3D('',#1245,#1246,#1247);
#1250=CARTESIAN_POINT('',(1.85E1,3.2E0,3.204293994002E1));
#1251=DIRECTION('',(0.E0,1.E0,0.E0));
#1252=DIRECTION('',(-5.E-1,0.E0,-8.660254037845E-1));
#1253=AXIS2_PLACEMENT_3D('',#1250,#1251,#1252);
#1255=CARTESIAN_POINT('',(-1.85E1,3.2E0,3.204293994002E1));
#1256=DIRECTION('',(0.E0,1.E0,0.E0));
#1257=DIRECTION('',(-5.E-1,0.E0,8.660254037845E-1));
#1258=AXIS2_PLACEMENT_3D('',#1255,#1256,#1257);
#1260=CARTESIAN_POINT('',(-1.85E1,3.2E0,3.204293994002E1));
#1261=DIRECTION('',(0.E0,1.E0,0.E0));
#1262=DIRECTION('',(5.E-1,0.E0,-8.660254037845E-1));
#1263=AXIS2_PLACEMENT_3D('',#1260,#1261,#1262);
#1265=CARTESIAN_POINT('',(-3.7E1,3.2E0,0.E0));
#1266=DIRECTION('',(0.E0,1.E0,0.E0));
#1267=DIRECTION('',(-1.E0,0.E0,0.E0));
#1268=AXIS2_PLACEMENT_3D('',#1265,#1266,#1267);
#1270=CARTESIAN_POINT('',(-3.7E1,3.2E0,0.E0));
#1271=DIRECTION('',(0.E0,1.E0,0.E0));
#1272=DIRECTION('',(1.E0,0.E0,0.E0));
#1273=AXIS2_PLACEMENT_3D('',#1270,#1271,#1272);
#1275=CARTESIAN_POINT('',(-1.85E1,3.2E0,-3.204293994002E1));
#1276=DIRECTION('',(0.E0,1.E0,0.E0));
#1277=DIRECTION('',(-5.E-1,0.E0,-8.660254037845E-1));
#1278=AXIS2_PLACEMENT_3D('',#1275,#1276,#1277);
#1280=CARTESIAN_POINT('',(-1.85E1,3.2E0,-3.204293994002E1));
#1281=DIRECTION('',(0.E0,1.E0,0.E0));
#1282=DIRECTION('',(5.E-1,0.E0,8.660254037845E-1));
#1283=AXIS2_PLACEMENT_3D('',#1280,#1281,#1282);
#1285=CARTESIAN_POINT('',(1.85E1,3.2E0,-3.204293994002E1));
#1286=DIRECTION('',(0.E0,1.E0,0.E0));
#1287=DIRECTION('',(5.E-1,0.E0,-8.660254037845E-1));
#1288=AXIS2_PLACEMENT_3D('',#1285,#1286,#1287);
#1290=CARTESIAN_POINT('',(1.85E1,3.2E0,-3.204293994002E1));
#1291=DIRECTION('',(0.E0,1.E0,0.E0));
#1292=DIRECTION('',(-5.E-1,0.E0,8.660254037845E-1));
#1293=AXIS2_PLACEMENT_3D('',#1290,#1291,#1292);
#1295=CARTESIAN_POINT('',(3.204293994002E1,3.2E0,-1.85E1));
#1296=DIRECTION('',(0.E0,1.E0,0.E0));
#1297=DIRECTION('',(1.E0,0.E0,0.E0));
#1298=AXIS2_PLACEMENT_3D('',#1295,#1296,#1297);
#1300=CARTESIAN_POINT('',(3.204293994002E1,3.2E0,-1.85E1));
#1301=DIRECTION('',(0.E0,1.E0,0.E0));
#1302=DIRECTION('',(-1.E0,0.E0,0.E0));
#1303=AXIS2_PLACEMENT_3D('',#1300,#1301,#1302);
#1305=CARTESIAN_POINT('',(3.204293994002E1,3.2E0,1.85E1));
#1306=DIRECTION('',(0.E0,1.E0,0.E0));
#1307=DIRECTION('',(5.E-1,0.E0,8.660254037844E-1));
#1308=AXIS2_PLACEMENT_3D('',#1305,#1306,#1307);
#1310=CARTESIAN_POINT('',(3.204293994002E1,3.2E0,1.85E1));
#1311=DIRECTION('',(0.E0,1.E0,0.E0));
#1312=DIRECTION('',(-5.E-1,0.E0,-8.660254037844E-1));
#1313=AXIS2_PLACEMENT_3D('',#1310,#1311,#1312);
#1315=CARTESIAN_POINT('',(1.065814103640E-14,3.2E0,3.7E1));
#1316=DIRECTION('',(0.E0,1.E0,0.E0));
#1317=DIRECTION('',(-5.E-1,0.E0,8.660254037844E-1));
#1318=AXIS2_PLACEMENT_3D('',#1315,#1316,#1317);
#1320=CARTESIAN_POINT('',(1.065814103640E-14,3.2E0,3.7E1));
#1321=DIRECTION('',(0.E0,1.E0,0.E0));
#1322=DIRECTION('',(5.E-1,0.E0,-8.660254037844E-1));
#1323=AXIS2_PLACEMENT_3D('',#1320,#1321,#1322);
#1325=CARTESIAN_POINT('',(-3.204293994002E1,3.2E0,1.85E1));
#1326=DIRECTION('',(0.E0,1.E0,0.E0));
#1327=DIRECTION('',(-1.E0,0.E0,0.E0));
#1328=AXIS2_PLACEMENT_3D('',#1325,#1326,#1327);
#1330=CARTESIAN_POINT('',(-3.204293994002E1,3.2E0,1.85E1));
#1331=DIRECTION('',(0.E0,1.E0,0.E0));
#1332=DIRECTION('',(1.E0,0.E0,0.E0));
#1333=AXIS2_PLACEMENT_3D('',#1330,#1331,#1332);
#1335=CARTESIAN_POINT('',(-3.204293994002E1,3.2E0,-1.85E1));
#1336=DIRECTION('',(0.E0,1.E0,0.E0));
#1337=DIRECTION('',(-5.E-1,0.E0,-8.660254037844E-1));
#1338=AXIS2_PLACEMENT_3D('',#1335,#1336,#1337);
#1340=CARTESIAN_POINT('',(-3.204293994002E1,3.2E0,-1.85E1));
#1341=DIRECTION('',(0.E0,1.E0,0.E0));
#1342=DIRECTION('',(5.E-1,0.E0,8.660254037844E-1));
#1343=AXIS2_PLACEMENT_3D('',#1340,#1341,#1342);
#1345=CARTESIAN_POINT('',(0.E0,3.2E0,-3.7E1));
#1346=DIRECTION('',(0.E0,1.E0,0.E0));
#1347=DIRECTION('',(5.E-1,0.E0,-8.660254037844E-1));
#1348=AXIS2_PLACEMENT_3D('',#1345,#1346,#1347);
#1350=CARTESIAN_POINT('',(0.E0,3.2E0,-3.7E1));
#1351=DIRECTION('',(0.E0,1.E0,0.E0));
#1352=DIRECTION('',(-5.E-1,0.E0,8.660254037844E-1));
#1353=AXIS2_PLACEMENT_3D('',#1350,#1351,#1352);
#1355=CARTESIAN_POINT('',(-2.080740138433E-14,1.999999999995E-1,0.E0));
#1356=DIRECTION('',(0.E0,-1.E0,0.E0));
#1357=DIRECTION('',(-1.E0,0.E0,0.E0));
#1358=AXIS2_PLACEMENT_3D('',#1355,#1356,#1357);
#1360=CARTESIAN_POINT('',(-2.080740138433E-14,1.999999999995E-1,0.E0));
#1361=DIRECTION('',(0.E0,-1.E0,0.E0));
#1362=DIRECTION('',(0.E0,0.E0,-1.E0));
#1363=AXIS2_PLACEMENT_3D('',#1360,#1361,#1362);
#1365=DIRECTION('',(-7.071067811866E-1,7.071067811865E-1,-1.251430030264E-11));
#1366=VECTOR('',#1365,4.242640687119E0);
#1367=CARTESIAN_POINT('',(5.675E1,1.999999999997E-1,4.541926613531E-10));
#1368=LINE('',#1367,#1366);
#1369=DIRECTION('',(0.E0,-1.E0,1.051641760638E-11));
#1370=VECTOR('',#1369,3.02E1);
#1371=CARTESIAN_POINT('',(-5.675E1,1.999999999997E-1,-3.175911812257E-10));
#1372=LINE('',#1371,#1370);
#1373=CARTESIAN_POINT('',(1.088590536932E-14,2.699999999999E0,0.E0));
#1374=DIRECTION('',(0.E0,1.E0,0.E0));
#1375=DIRECTION('',(1.E0,0.E0,2.810184273463E-11));
#1376=AXIS2_PLACEMENT_3D('',#1373,#1374,#1375);
#1378=CARTESIAN_POINT('',(1.088590536932E-14,2.699999999999E0,0.E0));
#1379=DIRECTION('',(0.E0,1.E0,0.E0));
#1380=DIRECTION('',(0.E0,0.E0,-1.E0));
#1381=AXIS2_PLACEMENT_3D('',#1378,#1379,#1380);
#1383=DIRECTION('',(-7.071067811868E-1,-7.071067811863E-1,7.505823186039E-10));
#1384=VECTOR('',#1383,7.071067811866E-1);
#1385=CARTESIAN_POINT('',(3.05E1,3.199999999999E0,-4.163809124881E-10));
#1386=LINE('',#1385,#1384);
#1387=DIRECTION('',(-3.375077994861E-13,1.E0,7.267874915050E-10));
#1388=VECTOR('',#1387,2.2E0);
#1389=CARTESIAN_POINT('',(-3.E1,4.999999999997E-1,-1.291763938157E-9));
#1390=LINE('',#1389,#1388);
#1391=CARTESIAN_POINT('',(0.E0,4.999999999995E-1,0.E0));
#1392=DIRECTION('',(0.E0,-1.E0,0.E0));
#1393=DIRECTION('',(-1.E0,0.E0,0.E0));
#1394=AXIS2_PLACEMENT_3D('',#1391,#1392,#1393);
#1396=CARTESIAN_POINT('',(0.E0,4.999999999995E-1,0.E0));
#1397=DIRECTION('',(0.E0,-1.E0,0.E0));
#1398=DIRECTION('',(0.E0,0.E0,-1.E0));
#1399=AXIS2_PLACEMENT_3D('',#1396,#1397,#1398);
#1401=DIRECTION('',(7.071067811864E-1,-7.071067811867E-1,5.340960667683E-11));
#1402=VECTOR('',#1401,7.071067811866E-1);
#1403=CARTESIAN_POINT('',(3.E1,4.999999999997E-1,1.713290085477E-9));
#1404=LINE('',#1403,#1402);
#1405=CARTESIAN_POINT('',(0.E0,4.999999999995E-1,0.E0));
#1406=DIRECTION('',(0.E0,-1.E0,0.E0));
#1407=DIRECTION('',(1.E0,0.E0,2.810184273463E-11));
#1408=AXIS2_PLACEMENT_3D('',#1405,#1406,#1407);
#1410=CARTESIAN_POINT('',(0.E0,4.999999999995E-1,0.E0));
#1411=DIRECTION('',(0.E0,-1.E0,0.E0));
#1412=DIRECTION('',(0.E0,0.E0,1.E0));
#1413=AXIS2_PLACEMENT_3D('',#1410,#1411,#1412);
#1415=DIRECTION('',(-7.071067811864E-1,-7.071067811867E-1,-6.495439861552E-10));
#1416=VECTOR('',#1415,7.071067811866E-1);
#1417=CARTESIAN_POINT('',(-3.E1,4.999999999997E-1,-1.291763938157E-9));
#1418=LINE('',#1417,#1416);
#1419=DIRECTION('',(3.439672789021E-13,1.E0,-7.267859775645E-10));
#1420=VECTOR('',#1419,2.2E0);
#1421=CARTESIAN_POINT('',(3.E1,4.999999999997E-1,1.713290085477E-9));
#1422=LINE('',#1421,#1420);
#1423=CARTESIAN_POINT('',(1.088590536932E-14,2.699999999999E0,0.E0));
#1424=DIRECTION('',(0.E0,1.E0,0.E0));
#1425=DIRECTION('',(-1.E0,0.E0,0.E0));
#1426=AXIS2_PLACEMENT_3D('',#1423,#1424,#1425);
#1428=CARTESIAN_POINT('',(1.088590536932E-14,2.699999999999E0,0.E0));
#1429=DIRECTION('',(0.E0,1.E0,0.E0));
#1430=DIRECTION('',(0.E0,0.E0,1.E0));
#1431=AXIS2_PLACEMENT_3D('',#1428,#1429,#1430);
#1433=DIRECTION('',(7.071067811868E-1,-7.071067811863E-1,-1.544496138909E-10));
#1434=VECTOR('',#1433,7.071067811865E-1);
#1435=CARTESIAN_POINT('',(-3.05E1,3.199999999999E0,4.163809124881E-10));
#1436=LINE('',#1435,#1434);
#1437=DIRECTION('',(0.E0,1.E0,0.E0));
#1438=VECTOR('',#1437,4.E-1);
#1439=CARTESIAN_POINT('',(3.44E1,2.8E0,0.E0));
#1440=LINE('',#1439,#1438);
#1441=DIRECTION('',(-1.776356839400E-14,1.E0,0.E0));
#1442=VECTOR('',#1441,4.E-1);
#1443=CARTESIAN_POINT('',(3.96E1,2.8E0,0.E0));
#1444=LINE('',#1443,#1442);
#1445=CARTESIAN_POINT('',(3.7E1,4.E-1,0.E0));
#1446=DIRECTION('',(0.E0,1.E0,0.E0));
#1447=DIRECTION('',(-1.E0,0.E0,0.E0));
#1448=AXIS2_PLACEMENT_3D('',#1445,#1446,#1447);
#1450=DIRECTION('',(-7.071067811865E-1,7.071067811865E-1,0.E0));
#1451=VECTOR('',#1450,3.394112549695E0);
#1452=CARTESIAN_POINT('',(4.2E1,4.E-1,0.E0));
#1453=LINE('',#1452,#1451);
#1454=CARTESIAN_POINT('',(3.7E1,2.8E0,0.E0));
#1455=DIRECTION('',(0.E0,-1.E0,0.E0));
#1456=DIRECTION('',(1.E0,0.E0,0.E0));
#1457=AXIS2_PLACEMENT_3D('',#1454,#1455,#1456);
#1459=DIRECTION('',(7.071067811865E-1,7.071067811865E-1,0.E0));
#1460=VECTOR('',#1459,3.394112549695E0);
#1461=CARTESIAN_POINT('',(3.2E1,4.E-1,0.E0));
#1462=LINE('',#1461,#1460);
#1463=CARTESIAN_POINT('',(3.7E1,2.8E0,0.E0));
#1464=DIRECTION('',(0.E0,-1.E0,0.E0));
#1465=DIRECTION('',(-1.E0,0.E0,0.E0));
#1466=AXIS2_PLACEMENT_3D('',#1463,#1464,#1465);
#1468=CARTESIAN_POINT('',(3.7E1,4.E-1,0.E0));
#1469=DIRECTION('',(0.E0,1.E0,0.E0));
#1470=DIRECTION('',(1.E0,0.E0,0.E0));
#1471=AXIS2_PLACEMENT_3D('',#1468,#1469,#1470);
#1473=DIRECTION('',(0.E0,1.E0,0.E0));
#1474=VECTOR('',#1473,4.E-1);
#1475=CARTESIAN_POINT('',(3.2E1,0.E0,0.E0));
#1476=LINE('',#1475,#1474);
#1477=DIRECTION('',(0.E0,1.E0,0.E0));
#1478=VECTOR('',#1477,4.E-1);
#1479=CARTESIAN_POINT('',(4.2E1,0.E0,0.E0));
#1480=LINE('',#1479,#1478);
#1481=DIRECTION('',(9.769962616701E-14,1.E0,-5.329070518201E-14));
#1482=VECTOR('',#1481,4.E-1);
#1483=CARTESIAN_POINT('',(1.72E1,2.8E0,2.979127389018E1));
#1484=LINE('',#1483,#1482);
#1485=DIRECTION('',(0.E0,1.E0,0.E0));
#1486=VECTOR('',#1485,4.E-1);
#1487=CARTESIAN_POINT('',(1.98E1,2.8E0,3.429460598986E1));
#1488=LINE('',#1487,#1486);
#1489=CARTESIAN_POINT('',(1.85E1,4.E-1,3.204293994002E1));
#1490=DIRECTION('',(0.E0,1.E0,0.E0));
#1491=DIRECTION('',(-5.E-1,0.E0,-8.660254037844E-1));
#1492=AXIS2_PLACEMENT_3D('',#1489,#1490,#1491);
#1494=DIRECTION('',(-3.535533905928E-1,7.071067811865E-1,-6.123724356961E-1));
#1495=VECTOR('',#1494,3.394112549695E0);
#1496=CARTESIAN_POINT('',(2.1E1,4.E-1,3.637306695894E1));
#1497=LINE('',#1496,#1495);
#1498=CARTESIAN_POINT('',(1.85E1,2.8E0,3.204293994002E1));
#1499=DIRECTION('',(0.E0,-1.E0,0.E0));
#1500=DIRECTION('',(4.999999999999E-1,0.E0,8.660254037845E-1));
#1501=AXIS2_PLACEMENT_3D('',#1498,#1499,#1500);
#1503=DIRECTION('',(3.535533905933E-1,7.071067811865E-1,6.123724356958E-1));
#1504=VECTOR('',#1503,3.394112549695E0);
#1505=CARTESIAN_POINT('',(1.6E1,4.E-1,2.771281292110E1));
#1506=LINE('',#1505,#1504);
#1507=CARTESIAN_POINT('',(1.85E1,2.8E0,3.204293994002E1));
#1508=DIRECTION('',(0.E0,-1.E0,0.E0));
#1509=DIRECTION('',(-5.E-1,0.E0,-8.660254037844E-1));
#1510=AXIS2_PLACEMENT_3D('',#1507,#1508,#1509);
#1512=CARTESIAN_POINT('',(1.85E1,4.E-1,3.204293994002E1));
#1513=DIRECTION('',(0.E0,1.E0,0.E0));
#1514=DIRECTION('',(4.999999999993E-1,0.E0,8.660254037848E-1));
#1515=AXIS2_PLACEMENT_3D('',#1512,#1513,#1514);
#1517=DIRECTION('',(0.E0,1.E0,0.E0));
#1518=VECTOR('',#1517,4.E-1);
#1519=CARTESIAN_POINT('',(1.6E1,0.E0,2.771281292110E1));
#1520=LINE('',#1519,#1518);
#1521=DIRECTION('',(1.056932319443E-12,1.E0,-6.039613253961E-13));
#1522=VECTOR('',#1521,4.E-1);
#1523=CARTESIAN_POINT('',(2.1E1,0.E0,3.637306695894E1));
#1524=LINE('',#1523,#1522);
#1525=DIRECTION('',(-9.769962616701E-14,1.E0,-7.993605777301E-14));
#1526=VECTOR('',#1525,4.E-1);
#1527=CARTESIAN_POINT('',(-1.72E1,2.8E0,2.979127389018E1));
#1528=LINE('',#1527,#1526);
#1529=DIRECTION('',(0.E0,1.E0,1.776356839400E-14));
#1530=VECTOR('',#1529,4.E-1);
#1531=CARTESIAN_POINT('',(-1.98E1,2.8E0,3.429460598986E1));
#1532=LINE('',#1531,#1530);
#1533=CARTESIAN_POINT('',(-1.85E1,4.E-1,3.204293994002E1));
#1534=DIRECTION('',(0.E0,1.E0,0.E0));
#1535=DIRECTION('',(5.E-1,0.E0,-8.660254037844E-1));
#1536=AXIS2_PLACEMENT_3D('',#1533,#1534,#1535);
#1538=DIRECTION('',(3.535533905928E-1,7.071067811865E-1,-6.123724356961E-1));
#1539=VECTOR('',#1538,3.394112549695E0);
#1540=CARTESIAN_POINT('',(-2.1E1,4.E-1,3.637306695894E1));
#1541=LINE('',#1540,#1539);
#1542=CARTESIAN_POINT('',(-1.85E1,2.8E0,3.204293994002E1));
#1543=DIRECTION('',(0.E0,-1.E0,0.E0));
#1544=DIRECTION('',(-4.999999999999E-1,0.E0,8.660254037845E-1));
#1545=AXIS2_PLACEMENT_3D('',#1542,#1543,#1544);
#1547=DIRECTION('',(-3.535533905933E-1,7.071067811865E-1,6.123724356958E-1));
#1548=VECTOR('',#1547,3.394112549695E0);
#1549=CARTESIAN_POINT('',(-1.6E1,4.E-1,2.771281292110E1));
#1550=LINE('',#1549,#1548);
#1551=CARTESIAN_POINT('',(-1.85E1,2.8E0,3.204293994002E1));
#1552=DIRECTION('',(0.E0,-1.E0,0.E0));
#1553=DIRECTION('',(5.E-1,0.E0,-8.660254037844E-1));
#1554=AXIS2_PLACEMENT_3D('',#1551,#1552,#1553);
#1556=CARTESIAN_POINT('',(-1.85E1,4.E-1,3.204293994002E1));
#1557=DIRECTION('',(0.E0,1.E0,0.E0));
#1558=DIRECTION('',(-4.999999999993E-1,0.E0,8.660254037848E-1));
#1559=AXIS2_PLACEMENT_3D('',#1556,#1557,#1558);
#1561=DIRECTION('',(0.E0,1.E0,0.E0));
#1562=VECTOR('',#1561,4.E-1);
#1563=CARTESIAN_POINT('',(-1.6E1,0.E0,2.771281292110E1));
#1564=LINE('',#1563,#1562);
#1565=DIRECTION('',(-1.056932319443E-12,1.E0,-6.039613253961E-13));
#1566=VECTOR('',#1565,4.E-1);
#1567=CARTESIAN_POINT('',(-2.1E1,0.E0,3.637306695894E1));
#1568=LINE('',#1567,#1566);
#1569=DIRECTION('',(0.E0,1.E0,0.E0));
#1570=VECTOR('',#1569,4.E-1);
#1571=CARTESIAN_POINT('',(-3.44E1,2.8E0,0.E0));
#1572=LINE('',#1571,#1570);
#1573=DIRECTION('',(1.776356839400E-14,1.E0,0.E0));
#1574=VECTOR('',#1573,4.E-1);
#1575=CARTESIAN_POINT('',(-3.96E1,2.8E0,0.E0));
#1576=LINE('',#1575,#1574);
#1577=CARTESIAN_POINT('',(-3.7E1,4.E-1,0.E0));
#1578=DIRECTION('',(0.E0,1.E0,0.E0));
#1579=DIRECTION('',(1.E0,0.E0,0.E0));
#1580=AXIS2_PLACEMENT_3D('',#1577,#1578,#1579);
#1582=DIRECTION('',(7.071067811865E-1,7.071067811865E-1,0.E0));
#1583=VECTOR('',#1582,3.394112549695E0);
#1584=CARTESIAN_POINT('',(-4.2E1,4.E-1,0.E0));
#1585=LINE('',#1584,#1583);
#1586=CARTESIAN_POINT('',(-3.7E1,2.8E0,0.E0));
#1587=DIRECTION('',(0.E0,-1.E0,0.E0));
#1588=DIRECTION('',(-1.E0,0.E0,0.E0));
#1589=AXIS2_PLACEMENT_3D('',#1586,#1587,#1588);
#1591=DIRECTION('',(-7.071067811865E-1,7.071067811865E-1,0.E0));
#1592=VECTOR('',#1591,3.394112549695E0);
#1593=CARTESIAN_POINT('',(-3.2E1,4.E-1,0.E0));
#1594=LINE('',#1593,#1592);
#1595=CARTESIAN_POINT('',(-3.7E1,2.8E0,0.E0));
#1596=DIRECTION('',(0.E0,-1.E0,0.E0));
#1597=DIRECTION('',(1.E0,0.E0,0.E0));
#1598=AXIS2_PLACEMENT_3D('',#1595,#1596,#1597);
#1600=CARTESIAN_POINT('',(-3.7E1,4.E-1,0.E0));
#1601=DIRECTION('',(0.E0,1.E0,0.E0));
#1602=DIRECTION('',(-1.E0,0.E0,0.E0));
#1603=AXIS2_PLACEMENT_3D('',#1600,#1601,#1602);
#1605=DIRECTION('',(0.E0,1.E0,0.E0));
#1606=VECTOR('',#1605,4.E-1);
#1607=CARTESIAN_POINT('',(-3.2E1,1.006602208993E-14,0.E0));
#1608=LINE('',#1607,#1606);
#1609=DIRECTION('',(0.E0,1.E0,0.E0));
#1610=VECTOR('',#1609,4.E-1);
#1611=CARTESIAN_POINT('',(-4.2E1,1.006602208993E-14,0.E0));
#1612=LINE('',#1611,#1610);
#1613=DIRECTION('',(-9.769962616701E-14,1.E0,5.329070518201E-14));
#1614=VECTOR('',#1613,4.E-1);
#1615=CARTESIAN_POINT('',(-1.72E1,2.8E0,-2.979127389018E1));
#1616=LINE('',#1615,#1614);
#1617=DIRECTION('',(0.E0,1.E0,0.E0));
#1618=VECTOR('',#1617,4.E-1);
#1619=CARTESIAN_POINT('',(-1.98E1,2.8E0,-3.429460598986E1));
#1620=LINE('',#1619,#1618);
#1621=CARTESIAN_POINT('',(-1.85E1,4.E-1,-3.204293994002E1));
#1622=DIRECTION('',(0.E0,1.E0,0.E0));
#1623=DIRECTION('',(5.E-1,0.E0,8.660254037844E-1));
#1624=AXIS2_PLACEMENT_3D('',#1621,#1622,#1623);
#1626=DIRECTION('',(3.535533905928E-1,7.071067811865E-1,6.123724356961E-1));
#1627=VECTOR('',#1626,3.394112549695E0);
#1628=CARTESIAN_POINT('',(-2.1E1,4.E-1,-3.637306695894E1));
#1629=LINE('',#1628,#1627);
#1630=CARTESIAN_POINT('',(-1.85E1,2.8E0,-3.204293994002E1));
#1631=DIRECTION('',(0.E0,-1.E0,0.E0));
#1632=DIRECTION('',(-4.999999999999E-1,0.E0,-8.660254037845E-1));
#1633=AXIS2_PLACEMENT_3D('',#1630,#1631,#1632);
#1635=DIRECTION('',(-3.535533905933E-1,7.071067811865E-1,-6.123724356958E-1));
#1636=VECTOR('',#1635,3.394112549695E0);
#1637=CARTESIAN_POINT('',(-1.6E1,4.E-1,-2.771281292110E1));
#1638=LINE('',#1637,#1636);
#1639=CARTESIAN_POINT('',(-1.85E1,2.8E0,-3.204293994002E1));
#1640=DIRECTION('',(0.E0,-1.E0,0.E0));
#1641=DIRECTION('',(5.E-1,0.E0,8.660254037844E-1));
#1642=AXIS2_PLACEMENT_3D('',#1639,#1640,#1641);
#1644=CARTESIAN_POINT('',(-1.85E1,4.E-1,-3.204293994002E1));
#1645=DIRECTION('',(0.E0,1.E0,0.E0));
#1646=DIRECTION('',(-4.999999999993E-1,0.E0,-8.660254037848E-1));
#1647=AXIS2_PLACEMENT_3D('',#1644,#1645,#1646);
#1649=DIRECTION('',(0.E0,1.E0,0.E0));
#1650=VECTOR('',#1649,4.E-1);
#1651=CARTESIAN_POINT('',(-1.6E1,0.E0,-2.771281292110E1));
#1652=LINE('',#1651,#1650);
#1653=DIRECTION('',(-1.056932319443E-12,1.E0,6.039613253961E-13));
#1654=VECTOR('',#1653,4.E-1);
#1655=CARTESIAN_POINT('',(-2.1E1,0.E0,-3.637306695894E1));
#1656=LINE('',#1655,#1654);
#1657=DIRECTION('',(9.769962616701E-14,1.E0,7.993605777301E-14));
#1658=VECTOR('',#1657,4.E-1);
#1659=CARTESIAN_POINT('',(1.72E1,2.8E0,-2.979127389018E1));
#1660=LINE('',#1659,#1658);
#1661=DIRECTION('',(0.E0,1.E0,-1.776356839400E-14));
#1662=VECTOR('',#1661,4.E-1);
#1663=CARTESIAN_POINT('',(1.98E1,2.8E0,-3.429460598986E1));
#1664=LINE('',#1663,#1662);
#1665=CARTESIAN_POINT('',(1.85E1,4.E-1,-3.204293994002E1));
#1666=DIRECTION('',(0.E0,1.E0,0.E0));
#1667=DIRECTION('',(-5.E-1,0.E0,8.660254037844E-1));
#1668=AXIS2_PLACEMENT_3D('',#1665,#1666,#1667);
#1670=DIRECTION('',(-3.535533905928E-1,7.071067811865E-1,6.123724356961E-1));
#1671=VECTOR('',#1670,3.394112549695E0);
#1672=CARTESIAN_POINT('',(2.1E1,4.E-1,-3.637306695894E1));
#1673=LINE('',#1672,#1671);
#1674=CARTESIAN_POINT('',(1.85E1,2.8E0,-3.204293994002E1));
#1675=DIRECTION('',(0.E0,-1.E0,0.E0));
#1676=DIRECTION('',(4.999999999999E-1,0.E0,-8.660254037845E-1));
#1677=AXIS2_PLACEMENT_3D('',#1674,#1675,#1676);
#1679=DIRECTION('',(3.535533905933E-1,7.071067811865E-1,-6.123724356958E-1));
#1680=VECTOR('',#1679,3.394112549695E0);
#1681=CARTESIAN_POINT('',(1.6E1,4.E-1,-2.771281292110E1));
#1682=LINE('',#1681,#1680);
#1683=CARTESIAN_POINT('',(1.85E1,2.8E0,-3.204293994002E1));
#1684=DIRECTION('',(0.E0,-1.E0,0.E0));
#1685=DIRECTION('',(-5.E-1,0.E0,8.660254037844E-1));
#1686=AXIS2_PLACEMENT_3D('',#1683,#1684,#1685);
#1688=CARTESIAN_POINT('',(1.85E1,4.E-1,-3.204293994002E1));
#1689=DIRECTION('',(0.E0,1.E0,0.E0));
#1690=DIRECTION('',(4.999999999993E-1,0.E0,-8.660254037848E-1));
#1691=AXIS2_PLACEMENT_3D('',#1688,#1689,#1690);
#1693=DIRECTION('',(0.E0,1.E0,0.E0));
#1694=VECTOR('',#1693,4.E-1);
#1695=CARTESIAN_POINT('',(1.6E1,0.E0,-2.771281292110E1));
#1696=LINE('',#1695,#1694);
#1697=DIRECTION('',(1.056932319443E-12,1.E0,6.039613253961E-13));
#1698=VECTOR('',#1697,4.E-1);
#1699=CARTESIAN_POINT('',(2.1E1,0.E0,-3.637306695894E1));
#1700=LINE('',#1699,#1698);
#1701=DIRECTION('',(0.E0,1.E0,0.E0));
#1702=VECTOR('',#1701,9.E-1);
#1703=CARTESIAN_POINT('',(2.994293994002E1,2.3E0,-1.85E1));
#1704=LINE('',#1703,#1702);
#1705=DIRECTION('',(0.E0,1.E0,0.E0));
#1706=VECTOR('',#1705,9.E-1);
#1707=CARTESIAN_POINT('',(3.414293994002E1,2.3E0,-1.85E1));
#1708=LINE('',#1707,#1706);
#1709=CARTESIAN_POINT('',(3.204293994002E1,4.E-1,-1.85E1));
#1710=DIRECTION('',(0.E0,1.E0,0.E0));
#1711=DIRECTION('',(-1.E0,0.E0,0.E0));
#1712=AXIS2_PLACEMENT_3D('',#1709,#1710,#1711);
#1714=DIRECTION('',(-7.071067811865E-1,7.071067811865E-1,0.E0));
#1715=VECTOR('',#1714,2.687005768509E0);
#1716=CARTESIAN_POINT('',(3.604293994002E1,4.E-1,-1.85E1));
#1717=LINE('',#1716,#1715);
#1718=CARTESIAN_POINT('',(3.204293994002E1,2.3E0,-1.85E1));
#1719=DIRECTION('',(0.E0,-1.E0,0.E0));
#1720=DIRECTION('',(1.E0,0.E0,0.E0));
#1721=AXIS2_PLACEMENT_3D('',#1718,#1719,#1720);
#1723=DIRECTION('',(7.071067811865E-1,7.071067811866E-1,0.E0));
#1724=VECTOR('',#1723,2.687005768509E0);
#1725=CARTESIAN_POINT('',(2.804293994002E1,4.E-1,-1.85E1));
#1726=LINE('',#1725,#1724);
#1727=CARTESIAN_POINT('',(3.204293994002E1,2.3E0,-1.85E1));
#1728=DIRECTION('',(0.E0,-1.E0,0.E0));
#1729=DIRECTION('',(-1.E0,0.E0,0.E0));
#1730=AXIS2_PLACEMENT_3D('',#1727,#1728,#1729);
#1732=CARTESIAN_POINT('',(3.204293994002E1,4.E-1,-1.85E1));
#1733=DIRECTION('',(0.E0,1.E0,0.E0));
#1734=DIRECTION('',(1.E0,0.E0,0.E0));
#1735=AXIS2_PLACEMENT_3D('',#1732,#1733,#1734);
#1737=DIRECTION('',(0.E0,1.E0,0.E0));
#1738=VECTOR('',#1737,4.E-1);
#1739=CARTESIAN_POINT('',(2.804293994002E1,0.E0,-1.85E1));
#1740=LINE('',#1739,#1738);
#1741=DIRECTION('',(0.E0,1.E0,0.E0));
#1742=VECTOR('',#1741,4.E-1);
#1743=CARTESIAN_POINT('',(3.604293994002E1,0.E0,-1.85E1));
#1744=LINE('',#1743,#1742);
#1745=DIRECTION('',(0.E0,1.E0,0.E0));
#1746=VECTOR('',#1745,9.E-1);
#1747=CARTESIAN_POINT('',(3.099293994002E1,2.3E0,1.668134665205E1));
#1748=LINE('',#1747,#1746);
#1749=DIRECTION('',(2.289526593005E-13,1.E0,-1.381610875089E-13));
#1750=VECTOR('',#1749,9.E-1);
#1751=CARTESIAN_POINT('',(3.309293994002E1,2.3E0,2.031865334795E1));
#1752=LINE('',#1751,#1750);
#1753=CARTESIAN_POINT('',(3.204293994002E1,4.E-1,1.85E1));
#1754=DIRECTION('',(0.E0,1.E0,0.E0));
#1755=DIRECTION('',(-5.E-1,0.E0,-8.660254037844E-1));
#1756=AXIS2_PLACEMENT_3D('',#1753,#1754,#1755);
#1758=DIRECTION('',(-3.535533905932E-1,7.071067811865E-1,-6.123724356959E-1));
#1759=VECTOR('',#1758,2.687005768509E0);
#1760=CARTESIAN_POINT('',(3.404293994002E1,4.E-1,2.196410161514E1));
#1761=LINE('',#1760,#1759);
#1762=CARTESIAN_POINT('',(3.204293994002E1,2.3E0,1.85E1));
#1763=DIRECTION('',(0.E0,-1.E0,0.E0));
#1764=DIRECTION('',(4.999999999994E-1,0.E0,8.660254037848E-1));
#1765=AXIS2_PLACEMENT_3D('',#1762,#1763,#1764);
#1767=DIRECTION('',(3.535533905933E-1,7.071067811865E-1,6.123724356958E-1));
#1768=VECTOR('',#1767,2.687005768509E0);
#1769=CARTESIAN_POINT('',(3.004293994002E1,4.E-1,1.503589838486E1));
#1770=LINE('',#1769,#1768);
#1771=CARTESIAN_POINT('',(3.204293994002E1,2.3E0,1.85E1));
#1772=DIRECTION('',(0.E0,-1.E0,0.E0));
#1773=DIRECTION('',(-5.E-1,0.E0,-8.660254037844E-1));
#1774=AXIS2_PLACEMENT_3D('',#1771,#1772,#1773);
#1776=CARTESIAN_POINT('',(3.204293994002E1,4.E-1,1.85E1));
#1777=DIRECTION('',(0.E0,1.E0,0.E0));
#1778=DIRECTION('',(4.999999999998E-1,0.E0,8.660254037846E-1));
#1779=AXIS2_PLACEMENT_3D('',#1776,#1777,#1778);
#1781=DIRECTION('',(-1.776356839400E-14,1.E0,1.776356839400E-14));
#1782=VECTOR('',#1781,4.E-1);
#1783=CARTESIAN_POINT('',(3.004293994002E1,0.E0,1.503589838486E1));
#1784=LINE('',#1783,#1782);
#1785=DIRECTION('',(-1.509903313490E-12,1.E0,8.881784197001E-13));
#1786=VECTOR('',#1785,4.E-1);
#1787=CARTESIAN_POINT('',(3.404293994002E1,0.E0,2.196410161514E1));
#1788=LINE('',#1787,#1786);
#1789=DIRECTION('',(0.E0,1.E0,0.E0));
#1790=VECTOR('',#1789,9.E-1);
#1791=CARTESIAN_POINT('',(1.05E0,2.3E0,3.518134665205E1));
#1792=LINE('',#1791,#1790);
#1793=DIRECTION('',(-2.361074299036E-13,1.E0,-1.421085471520E-13));
#1794=VECTOR('',#1793,9.E-1);
#1795=CARTESIAN_POINT('',(-1.049999999999E0,2.3E0,3.881865334795E1));
#1796=LINE('',#1795,#1794);
#1797=CARTESIAN_POINT('',(0.E0,4.E-1,3.7E1));
#1798=DIRECTION('',(0.E0,1.E0,0.E0));
#1799=DIRECTION('',(5.E-1,0.E0,-8.660254037844E-1));
#1800=AXIS2_PLACEMENT_3D('',#1797,#1798,#1799);
#1802=DIRECTION('',(3.535533905932E-1,7.071067811865E-1,-6.123724356959E-1));
#1803=VECTOR('',#1802,2.687005768509E0);
#1804=CARTESIAN_POINT('',(-1.999999999999E0,4.E-1,4.046410161514E1));
#1805=LINE('',#1804,#1803);
#1806=CARTESIAN_POINT('',(0.E0,2.3E0,3.7E1));
#1807=DIRECTION('',(0.E0,-1.E0,0.E0));
#1808=DIRECTION('',(-4.999999999995E-1,0.E0,8.660254037848E-1));
#1809=AXIS2_PLACEMENT_3D('',#1806,#1807,#1808);
#1811=DIRECTION('',(-3.535533905933E-1,7.071067811865E-1,6.123724356958E-1));
#1812=VECTOR('',#1811,2.687005768509E0);
#1813=CARTESIAN_POINT('',(2.E0,4.E-1,3.353589838486E1));
#1814=LINE('',#1813,#1812);
#1815=CARTESIAN_POINT('',(0.E0,2.3E0,3.7E1));
#1816=DIRECTION('',(0.E0,-1.E0,0.E0));
#1817=DIRECTION('',(5.E-1,0.E0,-8.660254037844E-1));
#1818=AXIS2_PLACEMENT_3D('',#1815,#1816,#1817);
#1820=CARTESIAN_POINT('',(0.E0,4.E-1,3.7E1));
#1821=DIRECTION('',(0.E0,1.E0,0.E0));
#1822=DIRECTION('',(-4.999999999998E-1,0.E0,8.660254037846E-1));
#1823=AXIS2_PLACEMENT_3D('',#1820,#1821,#1822);
#1825=DIRECTION('',(0.E0,1.E0,0.E0));
#1826=VECTOR('',#1825,4.E-1);
#1827=CARTESIAN_POINT('',(2.E0,0.E0,3.353589838486E1));
#1828=LINE('',#1827,#1826);
#1829=DIRECTION('',(1.529887327933E-12,1.E0,9.059419880941E-13));
#1830=VECTOR('',#1829,4.E-1);
#1831=CARTESIAN_POINT('',(-1.999999999999E0,0.E0,4.046410161514E1));
#1832=LINE('',#1831,#1830);
#1833=DIRECTION('',(0.E0,1.E0,0.E0));
#1834=VECTOR('',#1833,9.E-1);
#1835=CARTESIAN_POINT('',(-2.994293994002E1,2.3E0,1.85E1));
#1836=LINE('',#1835,#1834);
#1837=DIRECTION('',(0.E0,1.E0,0.E0));
#1838=VECTOR('',#1837,9.E-1);
#1839=CARTESIAN_POINT('',(-3.414293994002E1,2.3E0,1.85E1));
#1840=LINE('',#1839,#1838);
#1841=CARTESIAN_POINT('',(-3.204293994002E1,4.E-1,1.85E1));
#1842=DIRECTION('',(0.E0,1.E0,0.E0));
#1843=DIRECTION('',(1.E0,0.E0,0.E0));
#1844=AXIS2_PLACEMENT_3D('',#1841,#1842,#1843);
#1846=DIRECTION('',(7.071067811865E-1,7.071067811865E-1,0.E0));
#1847=VECTOR('',#1846,2.687005768509E0);
#1848=CARTESIAN_POINT('',(-3.604293994002E1,4.E-1,1.85E1));
#1849=LINE('',#1848,#1847);
#1850=CARTESIAN_POINT('',(-3.204293994002E1,2.3E0,1.85E1));
#1851=DIRECTION('',(0.E0,-1.E0,0.E0));
#1852=DIRECTION('',(-1.E0,0.E0,0.E0));
#1853=AXIS2_PLACEMENT_3D('',#1850,#1851,#1852);
#1855=DIRECTION('',(-7.071067811865E-1,7.071067811866E-1,0.E0));
#1856=VECTOR('',#1855,2.687005768509E0);
#1857=CARTESIAN_POINT('',(-2.804293994002E1,4.E-1,1.85E1));
#1858=LINE('',#1857,#1856);
#1859=CARTESIAN_POINT('',(-3.204293994002E1,2.3E0,1.85E1));
#1860=DIRECTION('',(0.E0,-1.E0,0.E0));
#1861=DIRECTION('',(1.E0,0.E0,0.E0));
#1862=AXIS2_PLACEMENT_3D('',#1859,#1860,#1861);
#1864=CARTESIAN_POINT('',(-3.204293994002E1,4.E-1,1.85E1));
#1865=DIRECTION('',(0.E0,1.E0,0.E0));
#1866=DIRECTION('',(-1.E0,0.E0,0.E0));
#1867=AXIS2_PLACEMENT_3D('',#1864,#1865,#1866);
#1869=DIRECTION('',(0.E0,1.E0,0.E0));
#1870=VECTOR('',#1869,4.E-1);
#1871=CARTESIAN_POINT('',(-2.804293994002E1,1.006602208993E-14,1.85E1));
#1872=LINE('',#1871,#1870);
#1873=DIRECTION('',(0.E0,1.E0,0.E0));
#1874=VECTOR('',#1873,4.E-1);
#1875=CARTESIAN_POINT('',(-3.604293994002E1,1.006602208993E-14,1.85E1));
#1876=LINE('',#1875,#1874);
#1877=DIRECTION('',(0.E0,1.E0,0.E0));
#1878=VECTOR('',#1877,9.E-1);
#1879=CARTESIAN_POINT('',(-3.099293994002E1,2.3E0,-1.668134665205E1));
#1880=LINE('',#1879,#1878);
#1881=DIRECTION('',(-2.289526593005E-13,1.E0,1.381610875089E-13));
#1882=VECTOR('',#1881,9.E-1);
#1883=CARTESIAN_POINT('',(-3.309293994002E1,2.3E0,-2.031865334795E1));
#1884=LINE('',#1883,#1882);
#1885=CARTESIAN_POINT('',(-3.204293994002E1,4.E-1,-1.85E1));
#1886=DIRECTION('',(0.E0,1.E0,0.E0));
#1887=DIRECTION('',(5.E-1,0.E0,8.660254037844E-1));
#1888=AXIS2_PLACEMENT_3D('',#1885,#1886,#1887);
#1890=DIRECTION('',(3.535533905932E-1,7.071067811865E-1,6.123724356959E-1));
#1891=VECTOR('',#1890,2.687005768509E0);
#1892=CARTESIAN_POINT('',(-3.404293994002E1,4.E-1,-2.196410161514E1));
#1893=LINE('',#1892,#1891);
#1894=CARTESIAN_POINT('',(-3.204293994002E1,2.3E0,-1.85E1));
#1895=DIRECTION('',(0.E0,-1.E0,0.E0));
#1896=DIRECTION('',(-4.999999999994E-1,0.E0,-8.660254037848E-1));
#1897=AXIS2_PLACEMENT_3D('',#1894,#1895,#1896);
#1899=DIRECTION('',(-3.535533905933E-1,7.071067811865E-1,-6.123724356958E-1));
#1900=VECTOR('',#1899,2.687005768509E0);
#1901=CARTESIAN_POINT('',(-3.004293994002E1,4.E-1,-1.503589838486E1));
#1902=LINE('',#1901,#1900);
#1903=CARTESIAN_POINT('',(-3.204293994002E1,2.3E0,-1.85E1));
#1904=DIRECTION('',(0.E0,-1.E0,0.E0));
#1905=DIRECTION('',(5.E-1,0.E0,8.660254037844E-1));
#1906=AXIS2_PLACEMENT_3D('',#1903,#1904,#1905);
#1908=CARTESIAN_POINT('',(-3.204293994002E1,4.E-1,-1.85E1));
#1909=DIRECTION('',(0.E0,1.E0,0.E0));
#1910=DIRECTION('',(-4.999999999998E-1,0.E0,-8.660254037846E-1));
#1911=AXIS2_PLACEMENT_3D('',#1908,#1909,#1910);
#1913=DIRECTION('',(1.776356839400E-14,1.E0,-1.776356839400E-14));
#1914=VECTOR('',#1913,4.E-1);
#1915=CARTESIAN_POINT('',(-3.004293994002E1,1.006602208993E-14,
-1.503589838486E1));
#1916=LINE('',#1915,#1914);
#1917=DIRECTION('',(1.509903313490E-12,1.E0,-8.881784197002E-13));
#1918=VECTOR('',#1917,4.E-1);
#1919=CARTESIAN_POINT('',(-3.404293994002E1,1.006602208993E-14,
-2.196410161514E1));
#1920=LINE('',#1919,#1918);
#1921=DIRECTION('',(0.E0,1.E0,0.E0));
#1922=VECTOR('',#1921,9.E-1);
#1923=CARTESIAN_POINT('',(-1.05E0,2.3E0,-3.518134665205E1));
#1924=LINE('',#1923,#1922);
#1925=DIRECTION('',(2.363541461313E-13,1.E0,1.421085471520E-13));
#1926=VECTOR('',#1925,9.E-1);
#1927=CARTESIAN_POINT('',(1.049999999999E0,2.3E0,-3.881865334795E1));
#1928=LINE('',#1927,#1926);
#1929=CARTESIAN_POINT('',(0.E0,4.E-1,-3.7E1));
#1930=DIRECTION('',(0.E0,1.E0,0.E0));
#1931=DIRECTION('',(-5.E-1,0.E0,8.660254037844E-1));
#1932=AXIS2_PLACEMENT_3D('',#1929,#1930,#1931);
#1934=DIRECTION('',(-3.535533905932E-1,7.071067811865E-1,6.123724356959E-1));
#1935=VECTOR('',#1934,2.687005768509E0);
#1936=CARTESIAN_POINT('',(1.999999999999E0,4.E-1,-4.046410161514E1));
#1937=LINE('',#1936,#1935);
#1938=CARTESIAN_POINT('',(0.E0,2.3E0,-3.7E1));
#1939=DIRECTION('',(0.E0,-1.E0,0.E0));
#1940=DIRECTION('',(4.999999999995E-1,0.E0,-8.660254037848E-1));
#1941=AXIS2_PLACEMENT_3D('',#1938,#1939,#1940);
#1943=DIRECTION('',(3.535533905933E-1,7.071067811865E-1,-6.123724356958E-1));
#1944=VECTOR('',#1943,2.687005768509E0);
#1945=CARTESIAN_POINT('',(-2.E0,4.E-1,-3.353589838486E1));
#1946=LINE('',#1945,#1944);
#1947=CARTESIAN_POINT('',(0.E0,2.3E0,-3.7E1));
#1948=DIRECTION('',(0.E0,-1.E0,0.E0));
#1949=DIRECTION('',(-5.E-1,0.E0,8.660254037844E-1));
#1950=AXIS2_PLACEMENT_3D('',#1947,#1948,#1949);
#1952=CARTESIAN_POINT('',(0.E0,4.E-1,-3.7E1));
#1953=DIRECTION('',(0.E0,1.E0,0.E0));
#1954=DIRECTION('',(4.999999999998E-1,0.E0,-8.660254037846E-1));
#1955=AXIS2_PLACEMENT_3D('',#1952,#1953,#1954);
#1957=DIRECTION('',(0.E0,1.E0,0.E0));
#1958=VECTOR('',#1957,4.E-1);
#1959=CARTESIAN_POINT('',(-2.E0,0.E0,-3.353589838486E1));
#1960=LINE('',#1959,#1958);
#1961=DIRECTION('',(-1.530997550958E-12,1.E0,-8.881784197001E-13));
#1962=VECTOR('',#1961,4.E-1);
#1963=CARTESIAN_POINT('',(1.999999999999E0,0.E0,-4.046410161514E1));
#1964=LINE('',#1963,#1962);
#1965=DIRECTION('',(-2.588190451026E-1,-9.659258262890E-1,-3.041571803342E-10));
#1966=VECTOR('',#1965,1.931851652574E0);
#1967=CARTESIAN_POINT('',(-5.415E1,-2.813397459622E1,-1.699955998393E-9));
#1968=LINE('',#1967,#1966);
#1969=CARTESIAN_POINT('',(-5.15E1,1.421085471520E-14,0.E0));
#1970=CARTESIAN_POINT('',(5.15E1,1.421085471520E-14,0.E0));
#1971=VERTEX_POINT('',#1969);
#1972=VERTEX_POINT('',#1970);
#1973=CARTESIAN_POINT('',(0.E0,-5.044853423897E-13,-3.05E1));
#1974=CARTESIAN_POINT('',(3.05E1,-5.044853423897E-13,0.E0));
#1975=VERTEX_POINT('',#1973);
#1976=VERTEX_POINT('',#1974);
#1977=CARTESIAN_POINT('',(-3.05E1,-5.044853423897E-13,0.E0));
#1978=VERTEX_POINT('',#1977);
#1979=CARTESIAN_POINT('',(0.E0,-5.044853423897E-13,3.05E1));
#1980=VERTEX_POINT('',#1979);
#1981=CARTESIAN_POINT('',(3.2E1,0.E0,0.E0));
#1982=CARTESIAN_POINT('',(4.2E1,0.E0,0.E0));
#1983=VERTEX_POINT('',#1981);
#1984=VERTEX_POINT('',#1982);
#1985=CARTESIAN_POINT('',(1.6E1,0.E0,2.771281292110E1));
#1986=CARTESIAN_POINT('',(2.1E1,0.E0,3.637306695894E1));
#1987=VERTEX_POINT('',#1985);
#1988=VERTEX_POINT('',#1986);
#1989=CARTESIAN_POINT('',(-1.6E1,0.E0,2.771281292110E1));
#1990=CARTESIAN_POINT('',(-2.1E1,0.E0,3.637306695894E1));
#1991=VERTEX_POINT('',#1989);
#1992=VERTEX_POINT('',#1990);
#1993=CARTESIAN_POINT('',(-3.2E1,1.509903313490E-14,0.E0));
#1994=CARTESIAN_POINT('',(-4.2E1,1.509903313490E-14,0.E0));
#1995=VERTEX_POINT('',#1993);
#1996=VERTEX_POINT('',#1994);
#1997=CARTESIAN_POINT('',(-1.6E1,1.509903313490E-14,-2.771281292110E1));
#1998=CARTESIAN_POINT('',(-2.1E1,1.509903313490E-14,-3.637306695894E1));
#1999=VERTEX_POINT('',#1997);
#2000=VERTEX_POINT('',#1998);
#2001=CARTESIAN_POINT('',(1.6E1,0.E0,-2.771281292110E1));
#2002=CARTESIAN_POINT('',(2.1E1,0.E0,-3.637306695894E1));
#2003=VERTEX_POINT('',#2001);
#2004=VERTEX_POINT('',#2002);
#2005=CARTESIAN_POINT('',(2.804293994002E1,0.E0,-1.85E1));
#2006=CARTESIAN_POINT('',(3.604293994002E1,0.E0,-1.85E1));
#2007=VERTEX_POINT('',#2005);
#2008=VERTEX_POINT('',#2006);
#2009=CARTESIAN_POINT('',(3.004293994002E1,0.E0,1.503589838486E1));
#2010=CARTESIAN_POINT('',(3.404293994002E1,0.E0,2.196410161514E1));
#2011=VERTEX_POINT('',#2009);
#2012=VERTEX_POINT('',#2010);
#2013=CARTESIAN_POINT('',(2.E0,0.E0,3.353589838486E1));
#2014=CARTESIAN_POINT('',(-2.E0,0.E0,4.046410161514E1));
#2015=VERTEX_POINT('',#2013);
#2016=VERTEX_POINT('',#2014);
#2017=CARTESIAN_POINT('',(-2.804293994002E1,1.509903313490E-14,1.85E1));
#2018=CARTESIAN_POINT('',(-3.604293994002E1,1.509903313490E-14,1.85E1));
#2019=VERTEX_POINT('',#2017);
#2020=VERTEX_POINT('',#2018);
#2021=CARTESIAN_POINT('',(-3.004293994002E1,1.509903313490E-14,
-1.503589838486E1));
#2022=CARTESIAN_POINT('',(-3.404293994002E1,1.509903313490E-14,
-2.196410161514E1));
#2023=VERTEX_POINT('',#2021);
#2024=VERTEX_POINT('',#2022);
#2025=CARTESIAN_POINT('',(-2.E0,0.E0,-3.353589838486E1));
#2026=CARTESIAN_POINT('',(2.E0,0.E0,-4.046410161514E1));
#2027=VERTEX_POINT('',#2025);
#2028=VERTEX_POINT('',#2026);
#2029=CARTESIAN_POINT('',(5.15E1,-2.E0,0.E0));
#2030=VERTEX_POINT('',#2029);
#2031=CARTESIAN_POINT('',(-5.15E1,-2.E0,0.E0));
#2032=VERTEX_POINT('',#2031);
#2033=CARTESIAN_POINT('',(-5.415E1,-2.E0,0.E0));
#2034=CARTESIAN_POINT('',(5.415E1,-2.E0,0.E0));
#2035=VERTEX_POINT('',#2033);
#2036=VERTEX_POINT('',#2034);
#2037=CARTESIAN_POINT('',(-4.477800896865E-14,-3.E1,-5.465E1));
#2038=CARTESIAN_POINT('',(5.465E1,-3.E1,0.E0));
#2039=VERTEX_POINT('',#2037);
#2040=VERTEX_POINT('',#2038);
#2041=CARTESIAN_POINT('',(-5.465E1,-3.E1,0.E0));
#2042=VERTEX_POINT('',#2041);
#2043=CARTESIAN_POINT('',(-5.415E1,-2.813397459622E1,-1.699955998393E-9));
#2044=VERTEX_POINT('',#2043);
#2045=CARTESIAN_POINT('',(5.415E1,-2.813397459622E1,2.428100176679E-9));
#2046=VERTEX_POINT('',#2045);
#2047=CARTESIAN_POINT('',(-5.675E1,-3.E1,0.E0));
#2048=CARTESIAN_POINT('',(5.675E1,-3.E1,0.E0));
#2049=VERTEX_POINT('',#2047);
#2050=VERTEX_POINT('',#2048);
#2051=CARTESIAN_POINT('',(-5.147070372599E-14,-3.E1,5.465E1));
#2052=VERTEX_POINT('',#2051);
#2053=CARTESIAN_POINT('',(1.042480587774E-14,1.999999999995E-1,5.675E1));
#2054=CARTESIAN_POINT('',(-5.675E1,1.999999999995E-1,0.E0));
#2055=VERTEX_POINT('',#2053);
#2056=VERTEX_POINT('',#2054);
#2057=CARTESIAN_POINT('',(5.675E1,1.999999999995E-1,2.731582072902E-10));
#2058=VERTEX_POINT('',#2057);
#2059=CARTESIAN_POINT('',(-2.382309412724E-14,3.199999999999E0,5.375E1));
#2060=CARTESIAN_POINT('',(-5.375E1,3.199999999999E0,0.E0));
#2061=VERTEX_POINT('',#2059);
#2062=VERTEX_POINT('',#2060);
#2063=CARTESIAN_POINT('',(5.375E1,3.199999999999E0,0.E0));
#2064=VERTEX_POINT('',#2063);
#2065=CARTESIAN_POINT('',(-1.724061758182E-14,3.199999999999E0,-5.375E1));
#2066=VERTEX_POINT('',#2065);
#2067=CARTESIAN_POINT('',(3.05E1,3.199999999999E0,0.E0));
#2068=CARTESIAN_POINT('',(1.462117579564E-14,3.199999999999E0,-3.05E1));
#2069=VERTEX_POINT('',#2067);
#2070=VERTEX_POINT('',#2068);
#2071=CARTESIAN_POINT('',(-3.05E1,3.199999999999E0,0.E0));
#2072=VERTEX_POINT('',#2071);
#2073=CARTESIAN_POINT('',(0.E0,3.199999999999E0,3.05E1));
#2074=VERTEX_POINT('',#2073);
#2075=CARTESIAN_POINT('',(3.96E1,3.2E0,0.E0));
#2076=CARTESIAN_POINT('',(3.44E1,3.2E0,0.E0));
#2077=VERTEX_POINT('',#2075);
#2078=VERTEX_POINT('',#2076);
#2079=CARTESIAN_POINT('',(1.98E1,3.2E0,3.429460598986E1));
#2080=CARTESIAN_POINT('',(1.72E1,3.2E0,2.979127389018E1));
#2081=VERTEX_POINT('',#2079);
#2082=VERTEX_POINT('',#2080);
#2083=CARTESIAN_POINT('',(-1.98E1,3.2E0,3.429460598986E1));
#2084=CARTESIAN_POINT('',(-1.72E1,3.2E0,2.979127389018E1));
#2085=VERTEX_POINT('',#2083);
#2086=VERTEX_POINT('',#2084);
#2087=CARTESIAN_POINT('',(-3.96E1,3.2E0,0.E0));
#2088=CARTESIAN_POINT('',(-3.44E1,3.2E0,0.E0));
#2089=VERTEX_POINT('',#2087);
#2090=VERTEX_POINT('',#2088);
#2091=CARTESIAN_POINT('',(-1.98E1,3.2E0,-3.429460598986E1));
#2092=CARTESIAN_POINT('',(-1.72E1,3.2E0,-2.979127389018E1));
#2093=VERTEX_POINT('',#2091);
#2094=VERTEX_POINT('',#2092);
#2095=CARTESIAN_POINT('',(1.98E1,3.2E0,-3.429460598986E1));
#2096=CARTESIAN_POINT('',(1.72E1,3.2E0,-2.979127389018E1));
#2097=VERTEX_POINT('',#2095);
#2098=VERTEX_POINT('',#2096);
#2099=CARTESIAN_POINT('',(3.414293994002E1,3.2E0,-1.85E1));
#2100=CARTESIAN_POINT('',(2.994293994002E1,3.2E0,-1.85E1));
#2101=VERTEX_POINT('',#2099);
#2102=VERTEX_POINT('',#2100);
#2103=CARTESIAN_POINT('',(3.309293994002E1,3.2E0,2.031865334795E1));
#2104=CARTESIAN_POINT('',(3.099293994002E1,3.2E0,1.668134665205E1));
#2105=VERTEX_POINT('',#2103);
#2106=VERTEX_POINT('',#2104);
#2107=CARTESIAN_POINT('',(-1.05E0,3.2E0,3.881865334795E1));
#2108=CARTESIAN_POINT('',(1.05E0,3.2E0,3.518134665205E1));
#2109=VERTEX_POINT('',#2107);
#2110=VERTEX_POINT('',#2108);
#2111=CARTESIAN_POINT('',(-3.414293994002E1,3.2E0,1.85E1));
#2112=CARTESIAN_POINT('',(-2.994293994002E1,3.2E0,1.85E1));
#2113=VERTEX_POINT('',#2111);
#2114=VERTEX_POINT('',#2112);
#2115=CARTESIAN_POINT('',(-3.309293994002E1,3.2E0,-2.031865334795E1));
#2116=CARTESIAN_POINT('',(-3.099293994002E1,3.2E0,-1.668134665205E1));
#2117=VERTEX_POINT('',#2115);
#2118=VERTEX_POINT('',#2116);
#2119=CARTESIAN_POINT('',(1.05E0,3.2E0,-3.881865334795E1));
#2120=CARTESIAN_POINT('',(-1.05E0,3.2E0,-3.518134665205E1));
#2121=VERTEX_POINT('',#2119);
#2122=VERTEX_POINT('',#2120);
#2123=CARTESIAN_POINT('',(0.E0,1.999999999995E-1,-5.675E1));
#2124=VERTEX_POINT('',#2123);
#2125=CARTESIAN_POINT('',(3.E1,2.699999999999E0,8.430552820390E-10));
#2126=CARTESIAN_POINT('',(0.E0,2.699999999999E0,-3.E1));
#2127=VERTEX_POINT('',#2125);
#2128=VERTEX_POINT('',#2126);
#2129=CARTESIAN_POINT('',(-3.E1,2.699999999999E0,0.E0));
#2130=VERTEX_POINT('',#2129);
#2131=CARTESIAN_POINT('',(0.E0,4.999999999995E-1,-3.E1));
#2132=CARTESIAN_POINT('',(3.E1,4.999999999995E-1,8.430552820389E-10));
#2133=VERTEX_POINT('',#2131);
#2134=VERTEX_POINT('',#2132);
#2135=CARTESIAN_POINT('',(-3.E1,4.999999999995E-1,0.E0));
#2136=VERTEX_POINT('',#2135);
#2137=CARTESIAN_POINT('',(0.E0,4.999999999995E-1,3.E1));
#2138=VERTEX_POINT('',#2137);
#2139=CARTESIAN_POINT('',(0.E0,2.699999999999E0,3.E1));
#2140=VERTEX_POINT('',#2139);
#2141=CARTESIAN_POINT('',(3.96E1,2.8E0,0.E0));
#2142=VERTEX_POINT('',#2141);
#2143=CARTESIAN_POINT('',(3.44E1,2.8E0,0.E0));
#2144=VERTEX_POINT('',#2143);
#2145=CARTESIAN_POINT('',(3.2E1,4.E-1,0.E0));
#2146=VERTEX_POINT('',#2145);
#2147=CARTESIAN_POINT('',(4.2E1,4.E-1,0.E0));
#2148=VERTEX_POINT('',#2147);
#2149=CARTESIAN_POINT('',(1.98E1,2.8E0,3.429460598986E1));
#2150=VERTEX_POINT('',#2149);
#2151=CARTESIAN_POINT('',(1.72E1,2.8E0,2.979127389018E1));
#2152=VERTEX_POINT('',#2151);
#2153=CARTESIAN_POINT('',(1.6E1,4.E-1,2.771281292110E1));
#2154=VERTEX_POINT('',#2153);
#2155=CARTESIAN_POINT('',(2.1E1,4.E-1,3.637306695894E1));
#2156=VERTEX_POINT('',#2155);
#2157=CARTESIAN_POINT('',(-1.98E1,2.8E0,3.429460598986E1));
#2158=VERTEX_POINT('',#2157);
#2159=CARTESIAN_POINT('',(-1.72E1,2.8E0,2.979127389018E1));
#2160=VERTEX_POINT('',#2159);
#2161=CARTESIAN_POINT('',(-1.6E1,4.E-1,2.771281292110E1));
#2162=VERTEX_POINT('',#2161);
#2163=CARTESIAN_POINT('',(-2.1E1,4.E-1,3.637306695894E1));
#2164=VERTEX_POINT('',#2163);
#2165=CARTESIAN_POINT('',(-3.96E1,2.8E0,0.E0));
#2166=VERTEX_POINT('',#2165);
#2167=CARTESIAN_POINT('',(-3.44E1,2.8E0,0.E0));
#2168=VERTEX_POINT('',#2167);
#2169=CARTESIAN_POINT('',(-3.2E1,4.E-1,0.E0));
#2170=VERTEX_POINT('',#2169);
#2171=CARTESIAN_POINT('',(-4.2E1,4.E-1,0.E0));
#2172=VERTEX_POINT('',#2171);
#2173=CARTESIAN_POINT('',(-1.98E1,2.8E0,-3.429460598986E1));
#2174=VERTEX_POINT('',#2173);
#2175=CARTESIAN_POINT('',(-1.72E1,2.8E0,-2.979127389018E1));
#2176=VERTEX_POINT('',#2175);
#2177=CARTESIAN_POINT('',(-1.6E1,4.E-1,-2.771281292110E1));
#2178=VERTEX_POINT('',#2177);
#2179=CARTESIAN_POINT('',(-2.1E1,4.E-1,-3.637306695894E1));
#2180=VERTEX_POINT('',#2179);
#2181=CARTESIAN_POINT('',(1.98E1,2.8E0,-3.429460598986E1));
#2182=VERTEX_POINT('',#2181);
#2183=CARTESIAN_POINT('',(1.72E1,2.8E0,-2.979127389018E1));
#2184=VERTEX_POINT('',#2183);
#2185=CARTESIAN_POINT('',(1.6E1,4.E-1,-2.771281292110E1));
#2186=VERTEX_POINT('',#2185);
#2187=CARTESIAN_POINT('',(2.1E1,4.E-1,-3.637306695894E1));
#2188=VERTEX_POINT('',#2187);
#2189=CARTESIAN_POINT('',(3.414293994002E1,2.3E0,-1.85E1));
#2190=VERTEX_POINT('',#2189);
#2191=CARTESIAN_POINT('',(2.994293994002E1,2.3E0,-1.85E1));
#2192=VERTEX_POINT('',#2191);
#2193=CARTESIAN_POINT('',(2.804293994002E1,4.E-1,-1.85E1));
#2194=VERTEX_POINT('',#2193);
#2195=CARTESIAN_POINT('',(3.604293994002E1,4.E-1,-1.85E1));
#2196=VERTEX_POINT('',#2195);
#2197=CARTESIAN_POINT('',(3.309293994002E1,2.3E0,2.031865334795E1));
#2198=VERTEX_POINT('',#2197);
#2199=CARTESIAN_POINT('',(3.099293994002E1,2.3E0,1.668134665205E1));
#2200=VERTEX_POINT('',#2199);
#2201=CARTESIAN_POINT('',(3.004293994002E1,4.E-1,1.503589838486E1));
#2202=VERTEX_POINT('',#2201);
#2203=CARTESIAN_POINT('',(3.404293994002E1,4.E-1,2.196410161514E1));
#2204=VERTEX_POINT('',#2203);
#2205=CARTESIAN_POINT('',(-1.049999999999E0,2.3E0,3.881865334795E1));
#2206=VERTEX_POINT('',#2205);
#2207=CARTESIAN_POINT('',(1.05E0,2.3E0,3.518134665205E1));
#2208=VERTEX_POINT('',#2207);
#2209=CARTESIAN_POINT('',(2.E0,4.E-1,3.353589838486E1));
#2210=VERTEX_POINT('',#2209);
#2211=CARTESIAN_POINT('',(-1.999999999999E0,4.E-1,4.046410161514E1));
#2212=VERTEX_POINT('',#2211);
#2213=CARTESIAN_POINT('',(-3.414293994002E1,2.3E0,1.85E1));
#2214=VERTEX_POINT('',#2213);
#2215=CARTESIAN_POINT('',(-2.994293994002E1,2.3E0,1.85E1));
#2216=VERTEX_POINT('',#2215);
#2217=CARTESIAN_POINT('',(-2.804293994002E1,4.E-1,1.85E1));
#2218=VERTEX_POINT('',#2217);
#2219=CARTESIAN_POINT('',(-3.604293994002E1,4.E-1,1.85E1));
#2220=VERTEX_POINT('',#2219);
#2221=CARTESIAN_POINT('',(-3.309293994002E1,2.3E0,-2.031865334795E1));
#2222=VERTEX_POINT('',#2221);
#2223=CARTESIAN_POINT('',(-3.099293994002E1,2.3E0,-1.668134665205E1));
#2224=VERTEX_POINT('',#2223);
#2225=CARTESIAN_POINT('',(-3.004293994002E1,4.E-1,-1.503589838486E1));
#2226=VERTEX_POINT('',#2225);
#2227=CARTESIAN_POINT('',(-3.404293994002E1,4.E-1,-2.196410161514E1));
#2228=VERTEX_POINT('',#2227);
#2229=CARTESIAN_POINT('',(1.049999999999E0,2.3E0,-3.881865334795E1));
#2230=VERTEX_POINT('',#2229);
#2231=CARTESIAN_POINT('',(-1.05E0,2.3E0,-3.518134665205E1));
#2232=VERTEX_POINT('',#2231);
#2233=CARTESIAN_POINT('',(-2.E0,4.E-1,-3.353589838486E1));
#2234=VERTEX_POINT('',#2233);
#2235=CARTESIAN_POINT('',(1.999999999999E0,4.E-1,-4.046410161514E1));
#2236=VERTEX_POINT('',#2235);
#2237=CARTESIAN_POINT('',(0.E0,0.E0,0.E0));
#2238=DIRECTION('',(0.E0,-1.E0,0.E0));
#2239=DIRECTION('',(-1.E0,0.E0,0.E0));
#2240=AXIS2_PLACEMENT_3D('',#2237,#2238,#2239);
#2241=PLANE('',#2240);
#2243=ORIENTED_EDGE('',*,*,#2242,.T.);
#2245=ORIENTED_EDGE('',*,*,#2244,.T.);
#2246=EDGE_LOOP('',(#2243,#2245));
#2247=FACE_OUTER_BOUND('',#2246,.F.);
#2249=ORIENTED_EDGE('',*,*,#2248,.T.);
#2251=ORIENTED_EDGE('',*,*,#2250,.T.);
#2253=ORIENTED_EDGE('',*,*,#2252,.T.);
#2255=ORIENTED_EDGE('',*,*,#2254,.T.);
#2256=EDGE_LOOP('',(#2249,#2251,#2253,#2255));
#2257=FACE_BOUND('',#2256,.F.);
#2259=ORIENTED_EDGE('',*,*,#2258,.T.);
#2261=ORIENTED_EDGE('',*,*,#2260,.T.);
#2262=EDGE_LOOP('',(#2259,#2261));
#2263=FACE_BOUND('',#2262,.F.);
#2265=ORIENTED_EDGE('',*,*,#2264,.T.);
#2267=ORIENTED_EDGE('',*,*,#2266,.T.);
#2268=EDGE_LOOP('',(#2265,#2267));
#2269=FACE_BOUND('',#2268,.F.);
#2271=ORIENTED_EDGE('',*,*,#2270,.T.);
#2273=ORIENTED_EDGE('',*,*,#2272,.T.);
#2274=EDGE_LOOP('',(#2271,#2273));
#2275=FACE_BOUND('',#2274,.F.);
#2277=ORIENTED_EDGE('',*,*,#2276,.T.);
#2279=ORIENTED_EDGE('',*,*,#2278,.T.);
#2280=EDGE_LOOP('',(#2277,#2279));
#2281=FACE_BOUND('',#2280,.F.);
#2283=ORIENTED_EDGE('',*,*,#2282,.T.);
#2285=ORIENTED_EDGE('',*,*,#2284,.T.);
#2286=EDGE_LOOP('',(#2283,#2285));
#2287=FACE_BOUND('',#2286,.F.);
#2289=ORIENTED_EDGE('',*,*,#2288,.T.);
#2291=ORIENTED_EDGE('',*,*,#2290,.T.);
#2292=EDGE_LOOP('',(#2289,#2291));
#2293=FACE_BOUND('',#2292,.F.);
#2295=ORIENTED_EDGE('',*,*,#2294,.T.);
#2297=ORIENTED_EDGE('',*,*,#2296,.T.);
#2298=EDGE_LOOP('',(#2295,#2297));
#2299=FACE_BOUND('',#2298,.F.);
#2301=ORIENTED_EDGE('',*,*,#2300,.T.);
#2303=ORIENTED_EDGE('',*,*,#2302,.T.);
#2304=EDGE_LOOP('',(#2301,#2303));
#2305=FACE_BOUND('',#2304,.F.);
#2307=ORIENTED_EDGE('',*,*,#2306,.T.);
#2309=ORIENTED_EDGE('',*,*,#2308,.T.);
#2310=EDGE_LOOP('',(#2307,#2309));
#2311=FACE_BOUND('',#2310,.F.);
#2313=ORIENTED_EDGE('',*,*,#2312,.T.);
#2315=ORIENTED_EDGE('',*,*,#2314,.T.);
#2316=EDGE_LOOP('',(#2313,#2315));
#2317=FACE_BOUND('',#2316,.F.);
#2319=ORIENTED_EDGE('',*,*,#2318,.T.);
#2321=ORIENTED_EDGE('',*,*,#2320,.T.);
#2322=EDGE_LOOP('',(#2319,#2321));
#2323=FACE_BOUND('',#2322,.F.);
#2325=ORIENTED_EDGE('',*,*,#2324,.T.);
#2327=ORIENTED_EDGE('',*,*,#2326,.T.);
#2328=EDGE_LOOP('',(#2325,#2327));
#2329=FACE_BOUND('',#2328,.F.);
#2330=ADVANCED_FACE('',(#2247,#2257,#2263,#2269,#2275,#2281,#2287,#2293,#2299,
#2305,#2311,#2317,#2323,#2329),#2241,.T.);
#2331=CARTESIAN_POINT('',(0.E0,4.86E0,0.E0));
#2332=DIRECTION('',(0.E0,-1.E0,0.E0));
#2333=DIRECTION('',(-1.E0,0.E0,0.E0));
#2334=AXIS2_PLACEMENT_3D('',#2331,#2332,#2333);
#2335=CYLINDRICAL_SURFACE('',#2334,5.15E1);
#2337=ORIENTED_EDGE('',*,*,#2336,.T.);
#2338=ORIENTED_EDGE('',*,*,#2242,.F.);
#2340=ORIENTED_EDGE('',*,*,#2339,.F.);
#2342=ORIENTED_EDGE('',*,*,#2341,.F.);
#2343=EDGE_LOOP('',(#2337,#2338,#2340,#2342));
#2344=FACE_OUTER_BOUND('',#2343,.F.);
#2345=ADVANCED_FACE('',(#2344),#2335,.F.);
#2346=CARTESIAN_POINT('',(0.E0,4.86E0,0.E0));
#2347=DIRECTION('',(0.E0,-1.E0,0.E0));
#2348=DIRECTION('',(-1.E0,0.E0,0.E0));
#2349=AXIS2_PLACEMENT_3D('',#2346,#2347,#2348);
#2350=CYLINDRICAL_SURFACE('',#2349,5.15E1);
#2351=ORIENTED_EDGE('',*,*,#2336,.F.);
#2353=ORIENTED_EDGE('',*,*,#2352,.F.);
#2354=ORIENTED_EDGE('',*,*,#2339,.T.);
#2355=ORIENTED_EDGE('',*,*,#2244,.F.);
#2356=EDGE_LOOP('',(#2351,#2353,#2354,#2355));
#2357=FACE_OUTER_BOUND('',#2356,.F.);
#2358=ADVANCED_FACE('',(#2357),#2350,.F.);
#2359=CARTESIAN_POINT('',(0.E0,-2.E0,0.E0));
#2360=DIRECTION('',(0.E0,-1.E0,0.E0));
#2361=DIRECTION('',(-1.E0,0.E0,0.E0));
#2362=AXIS2_PLACEMENT_3D('',#2359,#2360,#2361);
#2363=PLANE('',#2362);
#2365=ORIENTED_EDGE('',*,*,#2364,.T.);
#2367=ORIENTED_EDGE('',*,*,#2366,.T.);
#2368=EDGE_LOOP('',(#2365,#2367));
#2369=FACE_OUTER_BOUND('',#2368,.F.);
#2370=ORIENTED_EDGE('',*,*,#2352,.T.);
#2371=ORIENTED_EDGE('',*,*,#2341,.T.);
#2372=EDGE_LOOP('',(#2370,#2371));
#2373=FACE_BOUND('',#2372,.F.);
#2374=ADVANCED_FACE('',(#2369,#2373),#2363,.T.);
#2375=CARTESIAN_POINT('',(0.E0,4.86E0,0.E0));
#2376=DIRECTION('',(0.E0,-1.E0,0.E0));
#2377=DIRECTION('',(-1.E0,0.E0,0.E0));
#2378=AXIS2_PLACEMENT_3D('',#2375,#2376,#2377);
#2379=CYLINDRICAL_SURFACE('',#2378,5.415E1);
#2381=ORIENTED_EDGE('',*,*,#2380,.T.);
#2382=ORIENTED_EDGE('',*,*,#2364,.F.);
#2384=ORIENTED_EDGE('',*,*,#2383,.T.);
#2386=ORIENTED_EDGE('',*,*,#2385,.T.);
#2387=EDGE_LOOP('',(#2381,#2382,#2384,#2386));
#2388=FACE_OUTER_BOUND('',#2387,.F.);
#2389=ADVANCED_FACE('',(#2388),#2379,.F.);
#2390=CARTESIAN_POINT('',(0.E0,4.86E0,0.E0));
#2391=DIRECTION('',(0.E0,-1.E0,0.E0));
#2392=DIRECTION('',(-1.E0,0.E0,0.E0));
#2393=AXIS2_PLACEMENT_3D('',#2390,#2391,#2392);
#2394=CYLINDRICAL_SURFACE('',#2393,5.415E1);
#2395=ORIENTED_EDGE('',*,*,#2383,.F.);
#2396=ORIENTED_EDGE('',*,*,#2366,.F.);
#2397=ORIENTED_EDGE('',*,*,#2380,.F.);
#2399=ORIENTED_EDGE('',*,*,#2398,.T.);
#2400=EDGE_LOOP('',(#2395,#2396,#2397,#2399));
#2401=FACE_OUTER_BOUND('',#2400,.F.);
#2402=ADVANCED_FACE('',(#2401),#2394,.F.);
#2403=CARTESIAN_POINT('',(-4.795296469447E-14,-2.906698729811E1,0.E0));
#2404=DIRECTION('',(0.E0,-1.E0,0.E0));
#2405=DIRECTION('',(0.E0,0.E0,-1.E0));
#2406=AXIS2_PLACEMENT_3D('',#2403,#2404,#2405);
#2407=CONICAL_SURFACE('',#2406,5.44E1,1.5E1);
#2409=ORIENTED_EDGE('',*,*,#2408,.F.);
#2411=ORIENTED_EDGE('',*,*,#2410,.F.);
#2413=ORIENTED_EDGE('',*,*,#2412,.F.);
#2414=ORIENTED_EDGE('',*,*,#2398,.F.);
#2416=ORIENTED_EDGE('',*,*,#2415,.T.);
#2417=EDGE_LOOP('',(#2409,#2411,#2413,#2414,#2416));
#2418=FACE_OUTER_BOUND('',#2417,.F.);
#2419=ADVANCED_FACE('',(#2418),#2407,.F.);
#2420=CARTESIAN_POINT('',(0.E0,-3.E1,0.E0));
#2421=DIRECTION('',(0.E0,-1.E0,0.E0));
#2422=DIRECTION('',(-1.E0,0.E0,0.E0));
#2423=AXIS2_PLACEMENT_3D('',#2420,#2421,#2422);
#2424=PLANE('',#2423);
#2426=ORIENTED_EDGE('',*,*,#2425,.T.);
#2428=ORIENTED_EDGE('',*,*,#2427,.T.);
#2429=EDGE_LOOP('',(#2426,#2428));
#2430=FACE_OUTER_BOUND('',#2429,.F.);
#2432=ORIENTED_EDGE('',*,*,#2431,.T.);
#2434=ORIENTED_EDGE('',*,*,#2433,.T.);
#2435=ORIENTED_EDGE('',*,*,#2410,.T.);
#2436=ORIENTED_EDGE('',*,*,#2408,.T.);
#2437=EDGE_LOOP('',(#2432,#2434,#2435,#2436));
#2438=FACE_BOUND('',#2437,.F.);
#2439=ADVANCED_FACE('',(#2430,#2438),#2424,.T.);
#2440=CARTESIAN_POINT('',(0.E0,4.86E0,0.E0));
#2441=DIRECTION('',(0.E0,-1.E0,0.E0));
#2442=DIRECTION('',(-1.E0,0.E0,0.E0));
#2443=AXIS2_PLACEMENT_3D('',#2440,#2441,#2442);
#2444=CYLINDRICAL_SURFACE('',#2443,5.675E1);
#2446=ORIENTED_EDGE('',*,*,#2445,.F.);
#2448=ORIENTED_EDGE('',*,*,#2447,.F.);
#2450=ORIENTED_EDGE('',*,*,#2449,.T.);
#2451=ORIENTED_EDGE('',*,*,#2425,.F.);
#2453=ORIENTED_EDGE('',*,*,#2452,.F.);
#2454=EDGE_LOOP('',(#2446,#2448,#2450,#2451,#2453));
#2455=FACE_OUTER_BOUND('',#2454,.F.);
#2456=ADVANCED_FACE('',(#2455),#2444,.T.);
#2457=CARTESIAN_POINT('',(-2.080740138433E-14,1.699999999999E0,0.E0));
#2458=DIRECTION('',(0.E0,-1.E0,0.E0));
#2459=DIRECTION('',(0.E0,0.E0,-1.E0));
#2460=AXIS2_PLACEMENT_3D('',#2457,#2458,#2459);
#2461=CONICAL_SURFACE('',#2460,5.525E1,4.5E1);
#2463=ORIENTED_EDGE('',*,*,#2462,.F.);
#2465=ORIENTED_EDGE('',*,*,#2464,.F.);
#2467=ORIENTED_EDGE('',*,*,#2466,.F.);
#2468=ORIENTED_EDGE('',*,*,#2447,.T.);
#2469=ORIENTED_EDGE('',*,*,#2445,.T.);
#2471=ORIENTED_EDGE('',*,*,#2470,.T.);
#2472=EDGE_LOOP('',(#2463,#2465,#2467,#2468,#2469,#2471));
#2473=FACE_OUTER_BOUND('',#2472,.F.);
#2474=ADVANCED_FACE('',(#2473),#2461,.T.);
#2475=CARTESIAN_POINT('',(0.E0,3.2E0,0.E0));
#2476=DIRECTION('',(0.E0,-1.E0,0.E0));
#2477=DIRECTION('',(-1.E0,0.E0,0.E0));
#2478=AXIS2_PLACEMENT_3D('',#2475,#2476,#2477);
#2479=PLANE('',#2478);
#2481=ORIENTED_EDGE('',*,*,#2480,.T.);
#2483=ORIENTED_EDGE('',*,*,#2482,.T.);
#2484=ORIENTED_EDGE('',*,*,#2464,.T.);
#2485=ORIENTED_EDGE('',*,*,#2462,.T.);
#2486=EDGE_LOOP('',(#2481,#2483,#2484,#2485));
#2487=FACE_OUTER_BOUND('',#2486,.F.);
#2489=ORIENTED_EDGE('',*,*,#2488,.T.);
#2491=ORIENTED_EDGE('',*,*,#2490,.T.);
#2493=ORIENTED_EDGE('',*,*,#2492,.T.);
#2495=ORIENTED_EDGE('',*,*,#2494,.T.);
#2496=EDGE_LOOP('',(#2489,#2491,#2493,#2495));
#2497=FACE_BOUND('',#2496,.F.);
#2499=ORIENTED_EDGE('',*,*,#2498,.T.);
#2501=ORIENTED_EDGE('',*,*,#2500,.T.);
#2502=EDGE_LOOP('',(#2499,#2501));
#2503=FACE_BOUND('',#2502,.F.);
#2505=ORIENTED_EDGE('',*,*,#2504,.T.);
#2507=ORIENTED_EDGE('',*,*,#2506,.T.);
#2508=EDGE_LOOP('',(#2505,#2507));
#2509=FACE_BOUND('',#2508,.F.);
#2511=ORIENTED_EDGE('',*,*,#2510,.T.);
#2513=ORIENTED_EDGE('',*,*,#2512,.T.);
#2514=EDGE_LOOP('',(#2511,#2513));
#2515=FACE_BOUND('',#2514,.F.);
#2517=ORIENTED_EDGE('',*,*,#2516,.T.);
#2519=ORIENTED_EDGE('',*,*,#2518,.T.);
#2520=EDGE_LOOP('',(#2517,#2519));
#2521=FACE_BOUND('',#2520,.F.);
#2523=ORIENTED_EDGE('',*,*,#2522,.T.);
#2525=ORIENTED_EDGE('',*,*,#2524,.T.);
#2526=EDGE_LOOP('',(#2523,#2525));
#2527=FACE_BOUND('',#2526,.F.);
#2529=ORIENTED_EDGE('',*,*,#2528,.T.);
#2531=ORIENTED_EDGE('',*,*,#2530,.T.);
#2532=EDGE_LOOP('',(#2529,#2531));
#2533=FACE_BOUND('',#2532,.F.);
#2535=ORIENTED_EDGE('',*,*,#2534,.T.);
#2537=ORIENTED_EDGE('',*,*,#2536,.T.);
#2538=EDGE_LOOP('',(#2535,#2537));
#2539=FACE_BOUND('',#2538,.F.);
#2541=ORIENTED_EDGE('',*,*,#2540,.T.);
#2543=ORIENTED_EDGE('',*,*,#2542,.T.);
#2544=EDGE_LOOP('',(#2541,#2543));
#2545=FACE_BOUND('',#2544,.F.);
#2547=ORIENTED_EDGE('',*,*,#2546,.T.);
#2549=ORIENTED_EDGE('',*,*,#2548,.T.);
#2550=EDGE_LOOP('',(#2547,#2549));
#2551=FACE_BOUND('',#2550,.F.);
#2553=ORIENTED_EDGE('',*,*,#2552,.T.);
#2555=ORIENTED_EDGE('',*,*,#2554,.T.);
#2556=EDGE_LOOP('',(#2553,#2555));
#2557=FACE_BOUND('',#2556,.F.);
#2559=ORIENTED_EDGE('',*,*,#2558,.T.);
#2561=ORIENTED_EDGE('',*,*,#2560,.T.);
#2562=EDGE_LOOP('',(#2559,#2561));
#2563=FACE_BOUND('',#2562,.F.);
#2565=ORIENTED_EDGE('',*,*,#2564,.T.);
#2567=ORIENTED_EDGE('',*,*,#2566,.T.);
#2568=EDGE_LOOP('',(#2565,#2567));
#2569=FACE_BOUND('',#2568,.F.);
#2570=ADVANCED_FACE('',(#2487,#2497,#2503,#2509,#2515,#2521,#2527,#2533,#2539,
#2545,#2551,#2557,#2563,#2569),#2479,.F.);
#2571=CARTESIAN_POINT('',(-2.080740138433E-14,1.699999999999E0,0.E0));
#2572=DIRECTION('',(0.E0,-1.E0,0.E0));
#2573=DIRECTION('',(0.E0,0.E0,-1.E0));
#2574=AXIS2_PLACEMENT_3D('',#2571,#2572,#2573);
#2575=CONICAL_SURFACE('',#2574,5.525E1,4.5E1);
#2576=ORIENTED_EDGE('',*,*,#2482,.F.);
#2577=ORIENTED_EDGE('',*,*,#2480,.F.);
#2578=ORIENTED_EDGE('',*,*,#2470,.F.);
#2580=ORIENTED_EDGE('',*,*,#2579,.T.);
#2582=ORIENTED_EDGE('',*,*,#2581,.T.);
#2583=ORIENTED_EDGE('',*,*,#2466,.T.);
#2584=EDGE_LOOP('',(#2576,#2577,#2578,#2580,#2582,#2583));
#2585=FACE_OUTER_BOUND('',#2584,.F.);
#2586=ADVANCED_FACE('',(#2585),#2575,.T.);
#2587=CARTESIAN_POINT('',(0.E0,4.86E0,0.E0));
#2588=DIRECTION('',(0.E0,-1.E0,0.E0));
#2589=DIRECTION('',(-1.E0,0.E0,0.E0));
#2590=AXIS2_PLACEMENT_3D('',#2587,#2588,#2589);
#2591=CYLINDRICAL_SURFACE('',#2590,5.675E1);
#2592=ORIENTED_EDGE('',*,*,#2581,.F.);
#2593=ORIENTED_EDGE('',*,*,#2579,.F.);
#2594=ORIENTED_EDGE('',*,*,#2452,.T.);
#2595=ORIENTED_EDGE('',*,*,#2427,.F.);
#2596=ORIENTED_EDGE('',*,*,#2449,.F.);
#2597=EDGE_LOOP('',(#2592,#2593,#2594,#2595,#2596));
#2598=FACE_OUTER_BOUND('',#2597,.F.);
#2599=ADVANCED_FACE('',(#2598),#2591,.T.);
#2600=CARTESIAN_POINT('',(1.088590536932E-14,2.949999999999E0,0.E0));
#2601=DIRECTION('',(0.E0,1.E0,0.E0));
#2602=DIRECTION('',(0.E0,0.E0,-1.E0));
#2603=AXIS2_PLACEMENT_3D('',#2600,#2601,#2602);
#2604=CONICAL_SURFACE('',#2603,3.025E1,4.5E1);
#2606=ORIENTED_EDGE('',*,*,#2605,.T.);
#2608=ORIENTED_EDGE('',*,*,#2607,.T.);
#2610=ORIENTED_EDGE('',*,*,#2609,.F.);
#2611=ORIENTED_EDGE('',*,*,#2490,.F.);
#2612=ORIENTED_EDGE('',*,*,#2488,.F.);
#2614=ORIENTED_EDGE('',*,*,#2613,.T.);
#2615=EDGE_LOOP('',(#2606,#2608,#2610,#2611,#2612,#2614));
#2616=FACE_OUTER_BOUND('',#2615,.F.);
#2617=ADVANCED_FACE('',(#2616),#2604,.F.);
#2618=CARTESIAN_POINT('',(0.E0,4.86E0,0.E0));
#2619=DIRECTION('',(0.E0,-1.E0,0.E0));
#2620=DIRECTION('',(-1.E0,0.E0,0.E0));
#2621=AXIS2_PLACEMENT_3D('',#2618,#2619,#2620);
#2622=CYLINDRICAL_SURFACE('',#2621,3.E1);
#2624=ORIENTED_EDGE('',*,*,#2623,.F.);
#2626=ORIENTED_EDGE('',*,*,#2625,.F.);
#2628=ORIENTED_EDGE('',*,*,#2627,.T.);
#2629=ORIENTED_EDGE('',*,*,#2607,.F.);
#2630=ORIENTED_EDGE('',*,*,#2605,.F.);
#2632=ORIENTED_EDGE('',*,*,#2631,.F.);
#2633=EDGE_LOOP('',(#2624,#2626,#2628,#2629,#2630,#2632));
#2634=FACE_OUTER_BOUND('',#2633,.F.);
#2635=ADVANCED_FACE('',(#2634),#2622,.F.);
#2636=CARTESIAN_POINT('',(0.E0,2.499999999995E-1,0.E0));
#2637=DIRECTION('',(0.E0,-1.E0,0.E0));
#2638=DIRECTION('',(0.E0,0.E0,-1.E0));
#2639=AXIS2_PLACEMENT_3D('',#2636,#2637,#2638);
#2640=CONICAL_SURFACE('',#2639,3.025E1,4.5E1);
#2641=ORIENTED_EDGE('',*,*,#2250,.F.);
#2642=ORIENTED_EDGE('',*,*,#2248,.F.);
#2644=ORIENTED_EDGE('',*,*,#2643,.F.);
#2645=ORIENTED_EDGE('',*,*,#2625,.T.);
#2646=ORIENTED_EDGE('',*,*,#2623,.T.);
#2648=ORIENTED_EDGE('',*,*,#2647,.T.);
#2649=EDGE_LOOP('',(#2641,#2642,#2644,#2645,#2646,#2648));
#2650=FACE_OUTER_BOUND('',#2649,.F.);
#2651=ADVANCED_FACE('',(#2650),#2640,.F.);
#2652=CARTESIAN_POINT('',(0.E0,2.499999999995E-1,0.E0));
#2653=DIRECTION('',(0.E0,-1.E0,0.E0));
#2654=DIRECTION('',(0.E0,0.E0,-1.E0));
#2655=AXIS2_PLACEMENT_3D('',#2652,#2653,#2654);
#2656=CONICAL_SURFACE('',#2655,3.025E1,4.5E1);
#2657=ORIENTED_EDGE('',*,*,#2254,.F.);
#2658=ORIENTED_EDGE('',*,*,#2252,.F.);
#2659=ORIENTED_EDGE('',*,*,#2647,.F.);
#2661=ORIENTED_EDGE('',*,*,#2660,.T.);
#2663=ORIENTED_EDGE('',*,*,#2662,.T.);
#2664=ORIENTED_EDGE('',*,*,#2643,.T.);
#2665=EDGE_LOOP('',(#2657,#2658,#2659,#2661,#2663,#2664));
#2666=FACE_OUTER_BOUND('',#2665,.F.);
#2667=ADVANCED_FACE('',(#2666),#2656,.F.);
#2668=CARTESIAN_POINT('',(0.E0,4.86E0,0.E0));
#2669=DIRECTION('',(0.E0,-1.E0,0.E0));
#2670=DIRECTION('',(-1.E0,0.E0,0.E0));
#2671=AXIS2_PLACEMENT_3D('',#2668,#2669,#2670);
#2672=CYLINDRICAL_SURFACE('',#2671,3.E1);
#2673=ORIENTED_EDGE('',*,*,#2662,.F.);
#2674=ORIENTED_EDGE('',*,*,#2660,.F.);
#2675=ORIENTED_EDGE('',*,*,#2631,.T.);
#2677=ORIENTED_EDGE('',*,*,#2676,.F.);
#2679=ORIENTED_EDGE('',*,*,#2678,.F.);
#2680=ORIENTED_EDGE('',*,*,#2627,.F.);
#2681=EDGE_LOOP('',(#2673,#2674,#2675,#2677,#2679,#2680));
#2682=FACE_OUTER_BOUND('',#2681,.F.);
#2683=ADVANCED_FACE('',(#2682),#2672,.F.);
#2684=CARTESIAN_POINT('',(1.088590536932E-14,2.949999999999E0,0.E0));
#2685=DIRECTION('',(0.E0,1.E0,0.E0));
#2686=DIRECTION('',(0.E0,0.E0,-1.E0));
#2687=AXIS2_PLACEMENT_3D('',#2684,#2685,#2686);
#2688=CONICAL_SURFACE('',#2687,3.025E1,4.5E1);
#2689=ORIENTED_EDGE('',*,*,#2678,.T.);
#2690=ORIENTED_EDGE('',*,*,#2676,.T.);
#2691=ORIENTED_EDGE('',*,*,#2613,.F.);
#2692=ORIENTED_EDGE('',*,*,#2494,.F.);
#2693=ORIENTED_EDGE('',*,*,#2492,.F.);
#2694=ORIENTED_EDGE('',*,*,#2609,.T.);
#2695=EDGE_LOOP('',(#2689,#2690,#2691,#2692,#2693,#2694));
#2696=FACE_OUTER_BOUND('',#2695,.F.);
#2697=ADVANCED_FACE('',(#2696),#2688,.F.);
#2698=CARTESIAN_POINT('',(3.7E1,6.846000000020E0,0.E0));
#2699=DIRECTION('',(0.E0,-1.E0,0.E0));
#2700=DIRECTION('',(-1.E0,0.E0,0.E0));
#2701=AXIS2_PLACEMENT_3D('',#2698,#2699,#2700);
#2702=CYLINDRICAL_SURFACE('',#2701,2.6E0);
#2703=ORIENTED_EDGE('',*,*,#2498,.F.);
#2705=ORIENTED_EDGE('',*,*,#2704,.F.);
#2707=ORIENTED_EDGE('',*,*,#2706,.F.);
#2709=ORIENTED_EDGE('',*,*,#2708,.T.);
#2710=EDGE_LOOP('',(#2703,#2705,#2707,#2709));
#2711=FACE_OUTER_BOUND('',#2710,.F.);
#2712=ADVANCED_FACE('',(#2711),#2702,.F.);
#2713=CARTESIAN_POINT('',(3.7E1,6.846000000020E0,0.E0));
#2714=DIRECTION('',(0.E0,-1.E0,0.E0));
#2715=DIRECTION('',(-1.E0,0.E0,0.E0));
#2716=AXIS2_PLACEMENT_3D('',#2713,#2714,#2715);
#2717=CYLINDRICAL_SURFACE('',#2716,2.6E0);
#2718=ORIENTED_EDGE('',*,*,#2500,.F.);
#2719=ORIENTED_EDGE('',*,*,#2708,.F.);
#2721=ORIENTED_EDGE('',*,*,#2720,.F.);
#2722=ORIENTED_EDGE('',*,*,#2704,.T.);
#2723=EDGE_LOOP('',(#2718,#2719,#2721,#2722));
#2724=FACE_OUTER_BOUND('',#2723,.F.);
#2725=ADVANCED_FACE('',(#2724),#2717,.F.);
#2726=CARTESIAN_POINT('',(3.7E1,1.6E0,0.E0));
#2727=DIRECTION('',(0.E0,-1.E0,0.E0));
#2728=DIRECTION('',(-1.E0,0.E0,0.E0));
#2729=AXIS2_PLACEMENT_3D('',#2726,#2727,#2728);
#2730=CONICAL_SURFACE('',#2729,3.8E0,4.5E1);
#2732=ORIENTED_EDGE('',*,*,#2731,.F.);
#2734=ORIENTED_EDGE('',*,*,#2733,.T.);
#2736=ORIENTED_EDGE('',*,*,#2735,.T.);
#2737=ORIENTED_EDGE('',*,*,#2720,.T.);
#2738=EDGE_LOOP('',(#2732,#2734,#2736,#2737));
#2739=FACE_OUTER_BOUND('',#2738,.F.);
#2740=ADVANCED_FACE('',(#2739),#2730,.F.);
#2741=CARTESIAN_POINT('',(3.7E1,1.6E0,0.E0));
#2742=DIRECTION('',(0.E0,-1.E0,0.E0));
#2743=DIRECTION('',(-1.E0,0.E0,0.E0));
#2744=AXIS2_PLACEMENT_3D('',#2741,#2742,#2743);
#2745=CONICAL_SURFACE('',#2744,3.8E0,4.5E1);
#2746=ORIENTED_EDGE('',*,*,#2731,.T.);
#2747=ORIENTED_EDGE('',*,*,#2706,.T.);
#2748=ORIENTED_EDGE('',*,*,#2735,.F.);
#2750=ORIENTED_EDGE('',*,*,#2749,.T.);
#2751=EDGE_LOOP('',(#2746,#2747,#2748,#2750));
#2752=FACE_OUTER_BOUND('',#2751,.F.);
#2753=ADVANCED_FACE('',(#2752),#2745,.F.);
#2754=CARTESIAN_POINT('',(3.7E1,6.846000000020E0,0.E0));
#2755=DIRECTION('',(0.E0,-1.E0,0.E0));
#2756=DIRECTION('',(-1.E0,0.E0,0.E0));
#2757=AXIS2_PLACEMENT_3D('',#2754,#2755,#2756);
#2758=CYLINDRICAL_SURFACE('',#2757,5.E0);
#2759=ORIENTED_EDGE('',*,*,#2258,.F.);
#2761=ORIENTED_EDGE('',*,*,#2760,.T.);
#2762=ORIENTED_EDGE('',*,*,#2749,.F.);
#2764=ORIENTED_EDGE('',*,*,#2763,.F.);
#2765=EDGE_LOOP('',(#2759,#2761,#2762,#2764));
#2766=FACE_OUTER_BOUND('',#2765,.F.);
#2767=ADVANCED_FACE('',(#2766),#2758,.F.);
#2768=CARTESIAN_POINT('',(3.7E1,6.846000000020E0,0.E0));
#2769=DIRECTION('',(0.E0,-1.E0,0.E0));
#2770=DIRECTION('',(-1.E0,0.E0,0.E0));
#2771=AXIS2_PLACEMENT_3D('',#2768,#2769,#2770);
#2772=CYLINDRICAL_SURFACE('',#2771,5.E0);
#2773=ORIENTED_EDGE('',*,*,#2260,.F.);
#2774=ORIENTED_EDGE('',*,*,#2763,.T.);
#2775=ORIENTED_EDGE('',*,*,#2733,.F.);
#2776=ORIENTED_EDGE('',*,*,#2760,.F.);
#2777=EDGE_LOOP('',(#2773,#2774,#2775,#2776));
#2778=FACE_OUTER_BOUND('',#2777,.F.);
#2779=ADVANCED_FACE('',(#2778),#2772,.F.);
#2780=CARTESIAN_POINT('',(1.85E1,6.846000000020E0,3.204293994002E1));
#2781=DIRECTION('',(0.E0,-1.E0,0.E0));
#2782=DIRECTION('',(-5.E-1,0.E0,-8.660254037844E-1));
#2783=AXIS2_PLACEMENT_3D('',#2780,#2781,#2782);
#2784=CYLINDRICAL_SURFACE('',#2783,2.6E0);
#2785=ORIENTED_EDGE('',*,*,#2504,.F.);
#2787=ORIENTED_EDGE('',*,*,#2786,.F.);
#2789=ORIENTED_EDGE('',*,*,#2788,.F.);
#2791=ORIENTED_EDGE('',*,*,#2790,.T.);
#2792=EDGE_LOOP('',(#2785,#2787,#2789,#2791));
#2793=FACE_OUTER_BOUND('',#2792,.F.);
#2794=ADVANCED_FACE('',(#2793),#2784,.F.);
#2795=CARTESIAN_POINT('',(1.85E1,6.846000000020E0,3.204293994002E1));
#2796=DIRECTION('',(0.E0,-1.E0,0.E0));
#2797=DIRECTION('',(-5.E-1,0.E0,-8.660254037844E-1));
#2798=AXIS2_PLACEMENT_3D('',#2795,#2796,#2797);
#2799=CYLINDRICAL_SURFACE('',#2798,2.6E0);
#2800=ORIENTED_EDGE('',*,*,#2506,.F.);
#2801=ORIENTED_EDGE('',*,*,#2790,.F.);
#2803=ORIENTED_EDGE('',*,*,#2802,.F.);
#2804=ORIENTED_EDGE('',*,*,#2786,.T.);
#2805=EDGE_LOOP('',(#2800,#2801,#2803,#2804));
#2806=FACE_OUTER_BOUND('',#2805,.F.);
#2807=ADVANCED_FACE('',(#2806),#2799,.F.);
#2808=CARTESIAN_POINT('',(1.85E1,1.6E0,3.204293994002E1));
#2809=DIRECTION('',(0.E0,-1.E0,0.E0));
#2810=DIRECTION('',(-5.E-1,0.E0,-8.660254037844E-1));
#2811=AXIS2_PLACEMENT_3D('',#2808,#2809,#2810);
#2812=CONICAL_SURFACE('',#2811,3.8E0,4.5E1);
#2814=ORIENTED_EDGE('',*,*,#2813,.F.);
#2816=ORIENTED_EDGE('',*,*,#2815,.T.);
#2818=ORIENTED_EDGE('',*,*,#2817,.T.);
#2819=ORIENTED_EDGE('',*,*,#2802,.T.);
#2820=EDGE_LOOP('',(#2814,#2816,#2818,#2819));
#2821=FACE_OUTER_BOUND('',#2820,.F.);
#2822=ADVANCED_FACE('',(#2821),#2812,.F.);
#2823=CARTESIAN_POINT('',(1.85E1,1.6E0,3.204293994002E1));
#2824=DIRECTION('',(0.E0,-1.E0,0.E0));
#2825=DIRECTION('',(-5.E-1,0.E0,-8.660254037844E-1));
#2826=AXIS2_PLACEMENT_3D('',#2823,#2824,#2825);
#2827=CONICAL_SURFACE('',#2826,3.8E0,4.5E1);
#2828=ORIENTED_EDGE('',*,*,#2813,.T.);
#2829=ORIENTED_EDGE('',*,*,#2788,.T.);
#2830=ORIENTED_EDGE('',*,*,#2817,.F.);
#2832=ORIENTED_EDGE('',*,*,#2831,.T.);
#2833=EDGE_LOOP('',(#2828,#2829,#2830,#2832));
#2834=FACE_OUTER_BOUND('',#2833,.F.);
#2835=ADVANCED_FACE('',(#2834),#2827,.F.);
#2836=CARTESIAN_POINT('',(1.85E1,6.846000000020E0,3.204293994002E1));
#2837=DIRECTION('',(0.E0,-1.E0,0.E0));
#2838=DIRECTION('',(-5.E-1,0.E0,-8.660254037844E-1));
#2839=AXIS2_PLACEMENT_3D('',#2836,#2837,#2838);
#2840=CYLINDRICAL_SURFACE('',#2839,5.E0);
#2841=ORIENTED_EDGE('',*,*,#2264,.F.);
#2843=ORIENTED_EDGE('',*,*,#2842,.T.);
#2844=ORIENTED_EDGE('',*,*,#2831,.F.);
#2846=ORIENTED_EDGE('',*,*,#2845,.F.);
#2847=EDGE_LOOP('',(#2841,#2843,#2844,#2846));
#2848=FACE_OUTER_BOUND('',#2847,.F.);
#2849=ADVANCED_FACE('',(#2848),#2840,.F.);
#2850=CARTESIAN_POINT('',(1.85E1,6.846000000020E0,3.204293994002E1));
#2851=DIRECTION('',(0.E0,-1.E0,0.E0));
#2852=DIRECTION('',(-5.E-1,0.E0,-8.660254037844E-1));
#2853=AXIS2_PLACEMENT_3D('',#2850,#2851,#2852);
#2854=CYLINDRICAL_SURFACE('',#2853,5.E0);
#2855=ORIENTED_EDGE('',*,*,#2266,.F.);
#2856=ORIENTED_EDGE('',*,*,#2845,.T.);
#2857=ORIENTED_EDGE('',*,*,#2815,.F.);
#2858=ORIENTED_EDGE('',*,*,#2842,.F.);
#2859=EDGE_LOOP('',(#2855,#2856,#2857,#2858));
#2860=FACE_OUTER_BOUND('',#2859,.F.);
#2861=ADVANCED_FACE('',(#2860),#2854,.F.);
#2862=CARTESIAN_POINT('',(-1.85E1,6.846000000020E0,3.204293994002E1));
#2863=DIRECTION('',(0.E0,-1.E0,0.E0));
#2864=DIRECTION('',(5.E-1,0.E0,-8.660254037844E-1));
#2865=AXIS2_PLACEMENT_3D('',#2862,#2863,#2864);
#2866=CYLINDRICAL_SURFACE('',#2865,2.6E0);
#2867=ORIENTED_EDGE('',*,*,#2510,.F.);
#2869=ORIENTED_EDGE('',*,*,#2868,.F.);
#2871=ORIENTED_EDGE('',*,*,#2870,.F.);
#2873=ORIENTED_EDGE('',*,*,#2872,.T.);
#2874=EDGE_LOOP('',(#2867,#2869,#2871,#2873));
#2875=FACE_OUTER_BOUND('',#2874,.F.);
#2876=ADVANCED_FACE('',(#2875),#2866,.F.);
#2877=CARTESIAN_POINT('',(-1.85E1,6.846000000020E0,3.204293994002E1));
#2878=DIRECTION('',(0.E0,-1.E0,0.E0));
#2879=DIRECTION('',(5.E-1,0.E0,-8.660254037844E-1));
#2880=AXIS2_PLACEMENT_3D('',#2877,#2878,#2879);
#2881=CYLINDRICAL_SURFACE('',#2880,2.6E0);
#2882=ORIENTED_EDGE('',*,*,#2512,.F.);
#2883=ORIENTED_EDGE('',*,*,#2872,.F.);
#2885=ORIENTED_EDGE('',*,*,#2884,.F.);
#2886=ORIENTED_EDGE('',*,*,#2868,.T.);
#2887=EDGE_LOOP('',(#2882,#2883,#2885,#2886));
#2888=FACE_OUTER_BOUND('',#2887,.F.);
#2889=ADVANCED_FACE('',(#2888),#2881,.F.);
#2890=CARTESIAN_POINT('',(-1.85E1,1.6E0,3.204293994002E1));
#2891=DIRECTION('',(0.E0,-1.E0,0.E0));
#2892=DIRECTION('',(5.E-1,0.E0,-8.660254037844E-1));
#2893=AXIS2_PLACEMENT_3D('',#2890,#2891,#2892);
#2894=CONICAL_SURFACE('',#2893,3.8E0,4.5E1);
#2896=ORIENTED_EDGE('',*,*,#2895,.F.);
#2898=ORIENTED_EDGE('',*,*,#2897,.T.);
#2900=ORIENTED_EDGE('',*,*,#2899,.T.);
#2901=ORIENTED_EDGE('',*,*,#2884,.T.);
#2902=EDGE_LOOP('',(#2896,#2898,#2900,#2901));
#2903=FACE_OUTER_BOUND('',#2902,.F.);
#2904=ADVANCED_FACE('',(#2903),#2894,.F.);
#2905=CARTESIAN_POINT('',(-1.85E1,1.6E0,3.204293994002E1));
#2906=DIRECTION('',(0.E0,-1.E0,0.E0));
#2907=DIRECTION('',(5.E-1,0.E0,-8.660254037844E-1));
#2908=AXIS2_PLACEMENT_3D('',#2905,#2906,#2907);
#2909=CONICAL_SURFACE('',#2908,3.8E0,4.5E1);
#2910=ORIENTED_EDGE('',*,*,#2895,.T.);
#2911=ORIENTED_EDGE('',*,*,#2870,.T.);
#2912=ORIENTED_EDGE('',*,*,#2899,.F.);
#2914=ORIENTED_EDGE('',*,*,#2913,.T.);
#2915=EDGE_LOOP('',(#2910,#2911,#2912,#2914));
#2916=FACE_OUTER_BOUND('',#2915,.F.);
#2917=ADVANCED_FACE('',(#2916),#2909,.F.);
#2918=CARTESIAN_POINT('',(-1.85E1,6.846000000020E0,3.204293994002E1));
#2919=DIRECTION('',(0.E0,-1.E0,0.E0));
#2920=DIRECTION('',(5.E-1,0.E0,-8.660254037844E-1));
#2921=AXIS2_PLACEMENT_3D('',#2918,#2919,#2920);
#2922=CYLINDRICAL_SURFACE('',#2921,5.E0);
#2923=ORIENTED_EDGE('',*,*,#2270,.F.);
#2925=ORIENTED_EDGE('',*,*,#2924,.T.);
#2926=ORIENTED_EDGE('',*,*,#2913,.F.);
#2928=ORIENTED_EDGE('',*,*,#2927,.F.);
#2929=EDGE_LOOP('',(#2923,#2925,#2926,#2928));
#2930=FACE_OUTER_BOUND('',#2929,.F.);
#2931=ADVANCED_FACE('',(#2930),#2922,.F.);
#2932=CARTESIAN_POINT('',(-1.85E1,6.846000000020E0,3.204293994002E1));
#2933=DIRECTION('',(0.E0,-1.E0,0.E0));
#2934=DIRECTION('',(5.E-1,0.E0,-8.660254037844E-1));
#2935=AXIS2_PLACEMENT_3D('',#2932,#2933,#2934);
#2936=CYLINDRICAL_SURFACE('',#2935,5.E0);
#2937=ORIENTED_EDGE('',*,*,#2272,.F.);
#2938=ORIENTED_EDGE('',*,*,#2927,.T.);
#2939=ORIENTED_EDGE('',*,*,#2897,.F.);
#2940=ORIENTED_EDGE('',*,*,#2924,.F.);
#2941=EDGE_LOOP('',(#2937,#2938,#2939,#2940));
#2942=FACE_OUTER_BOUND('',#2941,.F.);
#2943=ADVANCED_FACE('',(#2942),#2936,.F.);
#2944=CARTESIAN_POINT('',(-3.7E1,6.846000000020E0,0.E0));
#2945=DIRECTION('',(0.E0,-1.E0,0.E0));
#2946=DIRECTION('',(1.E0,0.E0,0.E0));
#2947=AXIS2_PLACEMENT_3D('',#2944,#2945,#2946);
#2948=CYLINDRICAL_SURFACE('',#2947,2.6E0);
#2949=ORIENTED_EDGE('',*,*,#2516,.F.);
#2951=ORIENTED_EDGE('',*,*,#2950,.F.);
#2953=ORIENTED_EDGE('',*,*,#2952,.F.);
#2955=ORIENTED_EDGE('',*,*,#2954,.T.);
#2956=EDGE_LOOP('',(#2949,#2951,#2953,#2955));
#2957=FACE_OUTER_BOUND('',#2956,.F.);
#2958=ADVANCED_FACE('',(#2957),#2948,.F.);
#2959=CARTESIAN_POINT('',(-3.7E1,6.846000000020E0,0.E0));
#2960=DIRECTION('',(0.E0,-1.E0,0.E0));
#2961=DIRECTION('',(1.E0,0.E0,0.E0));
#2962=AXIS2_PLACEMENT_3D('',#2959,#2960,#2961);
#2963=CYLINDRICAL_SURFACE('',#2962,2.6E0);
#2964=ORIENTED_EDGE('',*,*,#2518,.F.);
#2965=ORIENTED_EDGE('',*,*,#2954,.F.);
#2967=ORIENTED_EDGE('',*,*,#2966,.F.);
#2968=ORIENTED_EDGE('',*,*,#2950,.T.);
#2969=EDGE_LOOP('',(#2964,#2965,#2967,#2968));
#2970=FACE_OUTER_BOUND('',#2969,.F.);
#2971=ADVANCED_FACE('',(#2970),#2963,.F.);
#2972=CARTESIAN_POINT('',(-3.7E1,1.6E0,0.E0));
#2973=DIRECTION('',(0.E0,-1.E0,0.E0));
#2974=DIRECTION('',(1.E0,0.E0,0.E0));
#2975=AXIS2_PLACEMENT_3D('',#2972,#2973,#2974);
#2976=CONICAL_SURFACE('',#2975,3.8E0,4.5E1);
#2978=ORIENTED_EDGE('',*,*,#2977,.F.);
#2980=ORIENTED_EDGE('',*,*,#2979,.T.);
#2982=ORIENTED_EDGE('',*,*,#2981,.T.);
#2983=ORIENTED_EDGE('',*,*,#2966,.T.);
#2984=EDGE_LOOP('',(#2978,#2980,#2982,#2983));
#2985=FACE_OUTER_BOUND('',#2984,.F.);
#2986=ADVANCED_FACE('',(#2985),#2976,.F.);
#2987=CARTESIAN_POINT('',(-3.7E1,1.6E0,0.E0));
#2988=DIRECTION('',(0.E0,-1.E0,0.E0));
#2989=DIRECTION('',(1.E0,0.E0,0.E0));
#2990=AXIS2_PLACEMENT_3D('',#2987,#2988,#2989);
#2991=CONICAL_SURFACE('',#2990,3.8E0,4.5E1);
#2992=ORIENTED_EDGE('',*,*,#2977,.T.);
#2993=ORIENTED_EDGE('',*,*,#2952,.T.);
#2994=ORIENTED_EDGE('',*,*,#2981,.F.);
#2996=ORIENTED_EDGE('',*,*,#2995,.T.);
#2997=EDGE_LOOP('',(#2992,#2993,#2994,#2996));
#2998=FACE_OUTER_BOUND('',#2997,.F.);
#2999=ADVANCED_FACE('',(#2998),#2991,.F.);
#3000=CARTESIAN_POINT('',(-3.7E1,6.846000000020E0,0.E0));
#3001=DIRECTION('',(0.E0,-1.E0,0.E0));
#3002=DIRECTION('',(1.E0,0.E0,0.E0));
#3003=AXIS2_PLACEMENT_3D('',#3000,#3001,#3002);
#3004=CYLINDRICAL_SURFACE('',#3003,5.E0);
#3005=ORIENTED_EDGE('',*,*,#2276,.F.);
#3007=ORIENTED_EDGE('',*,*,#3006,.T.);
#3008=ORIENTED_EDGE('',*,*,#2995,.F.);
#3010=ORIENTED_EDGE('',*,*,#3009,.F.);
#3011=EDGE_LOOP('',(#3005,#3007,#3008,#3010));
#3012=FACE_OUTER_BOUND('',#3011,.F.);
#3013=ADVANCED_FACE('',(#3012),#3004,.F.);
#3014=CARTESIAN_POINT('',(-3.7E1,6.846000000020E0,0.E0));
#3015=DIRECTION('',(0.E0,-1.E0,0.E0));
#3016=DIRECTION('',(1.E0,0.E0,0.E0));
#3017=AXIS2_PLACEMENT_3D('',#3014,#3015,#3016);
#3018=CYLINDRICAL_SURFACE('',#3017,5.E0);
#3019=ORIENTED_EDGE('',*,*,#2278,.F.);
#3020=ORIENTED_EDGE('',*,*,#3009,.T.);
#3021=ORIENTED_EDGE('',*,*,#2979,.F.);
#3022=ORIENTED_EDGE('',*,*,#3006,.F.);
#3023=EDGE_LOOP('',(#3019,#3020,#3021,#3022));
#3024=FACE_OUTER_BOUND('',#3023,.F.);
#3025=ADVANCED_FACE('',(#3024),#3018,.F.);
#3026=CARTESIAN_POINT('',(-1.85E1,6.846000000020E0,-3.204293994002E1));
#3027=DIRECTION('',(0.E0,-1.E0,0.E0));
#3028=DIRECTION('',(5.E-1,0.E0,8.660254037844E-1));
#3029=AXIS2_PLACEMENT_3D('',#3026,#3027,#3028);
#3030=CYLINDRICAL_SURFACE('',#3029,2.6E0);
#3031=ORIENTED_EDGE('',*,*,#2522,.F.);
#3033=ORIENTED_EDGE('',*,*,#3032,.F.);
#3035=ORIENTED_EDGE('',*,*,#3034,.F.);
#3037=ORIENTED_EDGE('',*,*,#3036,.T.);
#3038=EDGE_LOOP('',(#3031,#3033,#3035,#3037));
#3039=FACE_OUTER_BOUND('',#3038,.F.);
#3040=ADVANCED_FACE('',(#3039),#3030,.F.);
#3041=CARTESIAN_POINT('',(-1.85E1,6.846000000020E0,-3.204293994002E1));
#3042=DIRECTION('',(0.E0,-1.E0,0.E0));
#3043=DIRECTION('',(5.E-1,0.E0,8.660254037844E-1));
#3044=AXIS2_PLACEMENT_3D('',#3041,#3042,#3043);
#3045=CYLINDRICAL_SURFACE('',#3044,2.6E0);
#3046=ORIENTED_EDGE('',*,*,#2524,.F.);
#3047=ORIENTED_EDGE('',*,*,#3036,.F.);
#3049=ORIENTED_EDGE('',*,*,#3048,.F.);
#3050=ORIENTED_EDGE('',*,*,#3032,.T.);
#3051=EDGE_LOOP('',(#3046,#3047,#3049,#3050));
#3052=FACE_OUTER_BOUND('',#3051,.F.);
#3053=ADVANCED_FACE('',(#3052),#3045,.F.);
#3054=CARTESIAN_POINT('',(-1.85E1,1.6E0,-3.204293994002E1));
#3055=DIRECTION('',(0.E0,-1.E0,0.E0));
#3056=DIRECTION('',(5.E-1,0.E0,8.660254037844E-1));
#3057=AXIS2_PLACEMENT_3D('',#3054,#3055,#3056);
#3058=CONICAL_SURFACE('',#3057,3.8E0,4.5E1);
#3060=ORIENTED_EDGE('',*,*,#3059,.F.);
#3062=ORIENTED_EDGE('',*,*,#3061,.T.);
#3064=ORIENTED_EDGE('',*,*,#3063,.T.);
#3065=ORIENTED_EDGE('',*,*,#3048,.T.);
#3066=EDGE_LOOP('',(#3060,#3062,#3064,#3065));
#3067=FACE_OUTER_BOUND('',#3066,.F.);
#3068=ADVANCED_FACE('',(#3067),#3058,.F.);
#3069=CARTESIAN_POINT('',(-1.85E1,1.6E0,-3.204293994002E1));
#3070=DIRECTION('',(0.E0,-1.E0,0.E0));
#3071=DIRECTION('',(5.E-1,0.E0,8.660254037844E-1));
#3072=AXIS2_PLACEMENT_3D('',#3069,#3070,#3071);
#3073=CONICAL_SURFACE('',#3072,3.8E0,4.5E1);
#3074=ORIENTED_EDGE('',*,*,#3059,.T.);
#3075=ORIENTED_EDGE('',*,*,#3034,.T.);
#3076=ORIENTED_EDGE('',*,*,#3063,.F.);
#3078=ORIENTED_EDGE('',*,*,#3077,.T.);
#3079=EDGE_LOOP('',(#3074,#3075,#3076,#3078));
#3080=FACE_OUTER_BOUND('',#3079,.F.);
#3081=ADVANCED_FACE('',(#3080),#3073,.F.);
#3082=CARTESIAN_POINT('',(-1.85E1,6.846000000020E0,-3.204293994002E1));
#3083=DIRECTION('',(0.E0,-1.E0,0.E0));
#3084=DIRECTION('',(5.E-1,0.E0,8.660254037844E-1));
#3085=AXIS2_PLACEMENT_3D('',#3082,#3083,#3084);
#3086=CYLINDRICAL_SURFACE('',#3085,5.E0);
#3087=ORIENTED_EDGE('',*,*,#2282,.F.);
#3089=ORIENTED_EDGE('',*,*,#3088,.T.);
#3090=ORIENTED_EDGE('',*,*,#3077,.F.);
#3092=ORIENTED_EDGE('',*,*,#3091,.F.);
#3093=EDGE_LOOP('',(#3087,#3089,#3090,#3092));
#3094=FACE_OUTER_BOUND('',#3093,.F.);
#3095=ADVANCED_FACE('',(#3094),#3086,.F.);
#3096=CARTESIAN_POINT('',(-1.85E1,6.846000000020E0,-3.204293994002E1));
#3097=DIRECTION('',(0.E0,-1.E0,0.E0));
#3098=DIRECTION('',(5.E-1,0.E0,8.660254037844E-1));
#3099=AXIS2_PLACEMENT_3D('',#3096,#3097,#3098);
#3100=CYLINDRICAL_SURFACE('',#3099,5.E0);
#3101=ORIENTED_EDGE('',*,*,#2284,.F.);
#3102=ORIENTED_EDGE('',*,*,#3091,.T.);
#3103=ORIENTED_EDGE('',*,*,#3061,.F.);
#3104=ORIENTED_EDGE('',*,*,#3088,.F.);
#3105=EDGE_LOOP('',(#3101,#3102,#3103,#3104));
#3106=FACE_OUTER_BOUND('',#3105,.F.);
#3107=ADVANCED_FACE('',(#3106),#3100,.F.);
#3108=CARTESIAN_POINT('',(1.85E1,6.846000000020E0,-3.204293994002E1));
#3109=DIRECTION('',(0.E0,-1.E0,0.E0));
#3110=DIRECTION('',(-5.E-1,0.E0,8.660254037844E-1));
#3111=AXIS2_PLACEMENT_3D('',#3108,#3109,#3110);
#3112=CYLINDRICAL_SURFACE('',#3111,2.6E0);
#3113=ORIENTED_EDGE('',*,*,#2528,.F.);
#3115=ORIENTED_EDGE('',*,*,#3114,.F.);
#3117=ORIENTED_EDGE('',*,*,#3116,.F.);
#3119=ORIENTED_EDGE('',*,*,#3118,.T.);
#3120=EDGE_LOOP('',(#3113,#3115,#3117,#3119));
#3121=FACE_OUTER_BOUND('',#3120,.F.);
#3122=ADVANCED_FACE('',(#3121),#3112,.F.);
#3123=CARTESIAN_POINT('',(1.85E1,6.846000000020E0,-3.204293994002E1));
#3124=DIRECTION('',(0.E0,-1.E0,0.E0));
#3125=DIRECTION('',(-5.E-1,0.E0,8.660254037844E-1));
#3126=AXIS2_PLACEMENT_3D('',#3123,#3124,#3125);
#3127=CYLINDRICAL_SURFACE('',#3126,2.6E0);
#3128=ORIENTED_EDGE('',*,*,#2530,.F.);
#3129=ORIENTED_EDGE('',*,*,#3118,.F.);
#3131=ORIENTED_EDGE('',*,*,#3130,.F.);
#3132=ORIENTED_EDGE('',*,*,#3114,.T.);
#3133=EDGE_LOOP('',(#3128,#3129,#3131,#3132));
#3134=FACE_OUTER_BOUND('',#3133,.F.);
#3135=ADVANCED_FACE('',(#3134),#3127,.F.);
#3136=CARTESIAN_POINT('',(1.85E1,1.6E0,-3.204293994002E1));
#3137=DIRECTION('',(0.E0,-1.E0,0.E0));
#3138=DIRECTION('',(-5.E-1,0.E0,8.660254037844E-1));
#3139=AXIS2_PLACEMENT_3D('',#3136,#3137,#3138);
#3140=CONICAL_SURFACE('',#3139,3.8E0,4.5E1);
#3142=ORIENTED_EDGE('',*,*,#3141,.F.);
#3144=ORIENTED_EDGE('',*,*,#3143,.T.);
#3146=ORIENTED_EDGE('',*,*,#3145,.T.);
#3147=ORIENTED_EDGE('',*,*,#3130,.T.);
#3148=EDGE_LOOP('',(#3142,#3144,#3146,#3147));
#3149=FACE_OUTER_BOUND('',#3148,.F.);
#3150=ADVANCED_FACE('',(#3149),#3140,.F.);
#3151=CARTESIAN_POINT('',(1.85E1,1.6E0,-3.204293994002E1));
#3152=DIRECTION('',(0.E0,-1.E0,0.E0));
#3153=DIRECTION('',(-5.E-1,0.E0,8.660254037844E-1));
#3154=AXIS2_PLACEMENT_3D('',#3151,#3152,#3153);
#3155=CONICAL_SURFACE('',#3154,3.8E0,4.5E1);
#3156=ORIENTED_EDGE('',*,*,#3141,.T.);
#3157=ORIENTED_EDGE('',*,*,#3116,.T.);
#3158=ORIENTED_EDGE('',*,*,#3145,.F.);
#3160=ORIENTED_EDGE('',*,*,#3159,.T.);
#3161=EDGE_LOOP('',(#3156,#3157,#3158,#3160));
#3162=FACE_OUTER_BOUND('',#3161,.F.);
#3163=ADVANCED_FACE('',(#3162),#3155,.F.);
#3164=CARTESIAN_POINT('',(1.85E1,6.846000000020E0,-3.204293994002E1));
#3165=DIRECTION('',(0.E0,-1.E0,0.E0));
#3166=DIRECTION('',(-5.E-1,0.E0,8.660254037844E-1));
#3167=AXIS2_PLACEMENT_3D('',#3164,#3165,#3166);
#3168=CYLINDRICAL_SURFACE('',#3167,5.E0);
#3169=ORIENTED_EDGE('',*,*,#2288,.F.);
#3171=ORIENTED_EDGE('',*,*,#3170,.T.);
#3172=ORIENTED_EDGE('',*,*,#3159,.F.);
#3174=ORIENTED_EDGE('',*,*,#3173,.F.);
#3175=EDGE_LOOP('',(#3169,#3171,#3172,#3174));
#3176=FACE_OUTER_BOUND('',#3175,.F.);
#3177=ADVANCED_FACE('',(#3176),#3168,.F.);
#3178=CARTESIAN_POINT('',(1.85E1,6.846000000020E0,-3.204293994002E1));
#3179=DIRECTION('',(0.E0,-1.E0,0.E0));
#3180=DIRECTION('',(-5.E-1,0.E0,8.660254037844E-1));
#3181=AXIS2_PLACEMENT_3D('',#3178,#3179,#3180);
#3182=CYLINDRICAL_SURFACE('',#3181,5.E0);
#3183=ORIENTED_EDGE('',*,*,#2290,.F.);
#3184=ORIENTED_EDGE('',*,*,#3173,.T.);
#3185=ORIENTED_EDGE('',*,*,#3143,.F.);
#3186=ORIENTED_EDGE('',*,*,#3170,.F.);
#3187=EDGE_LOOP('',(#3183,#3184,#3185,#3186));
#3188=FACE_OUTER_BOUND('',#3187,.F.);
#3189=ADVANCED_FACE('',(#3188),#3182,.F.);
#3190=CARTESIAN_POINT('',(3.204293994002E1,6.846000000020E0,-1.85E1));
#3191=DIRECTION('',(0.E0,-1.E0,0.E0));
#3192=DIRECTION('',(-1.E0,0.E0,0.E0));
#3193=AXIS2_PLACEMENT_3D('',#3190,#3191,#3192);
#3194=CYLINDRICAL_SURFACE('',#3193,2.1E0);
#3195=ORIENTED_EDGE('',*,*,#2534,.F.);
#3197=ORIENTED_EDGE('',*,*,#3196,.F.);
#3199=ORIENTED_EDGE('',*,*,#3198,.F.);
#3201=ORIENTED_EDGE('',*,*,#3200,.T.);
#3202=EDGE_LOOP('',(#3195,#3197,#3199,#3201));
#3203=FACE_OUTER_BOUND('',#3202,.F.);
#3204=ADVANCED_FACE('',(#3203),#3194,.F.);
#3205=CARTESIAN_POINT('',(3.204293994002E1,6.846000000020E0,-1.85E1));
#3206=DIRECTION('',(0.E0,-1.E0,0.E0));
#3207=DIRECTION('',(-1.E0,0.E0,0.E0));
#3208=AXIS2_PLACEMENT_3D('',#3205,#3206,#3207);
#3209=CYLINDRICAL_SURFACE('',#3208,2.1E0);
#3210=ORIENTED_EDGE('',*,*,#2536,.F.);
#3211=ORIENTED_EDGE('',*,*,#3200,.F.);
#3213=ORIENTED_EDGE('',*,*,#3212,.F.);
#3214=ORIENTED_EDGE('',*,*,#3196,.T.);
#3215=EDGE_LOOP('',(#3210,#3211,#3213,#3214));
#3216=FACE_OUTER_BOUND('',#3215,.F.);
#3217=ADVANCED_FACE('',(#3216),#3209,.F.);
#3218=CARTESIAN_POINT('',(3.204293994002E1,1.35E0,-1.85E1));
#3219=DIRECTION('',(0.E0,-1.E0,0.E0));
#3220=DIRECTION('',(-1.E0,0.E0,0.E0));
#3221=AXIS2_PLACEMENT_3D('',#3218,#3219,#3220);
#3222=CONICAL_SURFACE('',#3221,3.05E0,4.5E1);
#3224=ORIENTED_EDGE('',*,*,#3223,.F.);
#3226=ORIENTED_EDGE('',*,*,#3225,.T.);
#3228=ORIENTED_EDGE('',*,*,#3227,.T.);
#3229=ORIENTED_EDGE('',*,*,#3212,.T.);
#3230=EDGE_LOOP('',(#3224,#3226,#3228,#3229));
#3231=FACE_OUTER_BOUND('',#3230,.F.);
#3232=ADVANCED_FACE('',(#3231),#3222,.F.);
#3233=CARTESIAN_POINT('',(3.204293994002E1,1.35E0,-1.85E1));
#3234=DIRECTION('',(0.E0,-1.E0,0.E0));
#3235=DIRECTION('',(-1.E0,0.E0,0.E0));
#3236=AXIS2_PLACEMENT_3D('',#3233,#3234,#3235);
#3237=CONICAL_SURFACE('',#3236,3.05E0,4.5E1);
#3238=ORIENTED_EDGE('',*,*,#3223,.T.);
#3239=ORIENTED_EDGE('',*,*,#3198,.T.);
#3240=ORIENTED_EDGE('',*,*,#3227,.F.);
#3242=ORIENTED_EDGE('',*,*,#3241,.T.);
#3243=EDGE_LOOP('',(#3238,#3239,#3240,#3242));
#3244=FACE_OUTER_BOUND('',#3243,.F.);
#3245=ADVANCED_FACE('',(#3244),#3237,.F.);
#3246=CARTESIAN_POINT('',(3.204293994002E1,6.846000000020E0,-1.85E1));
#3247=DIRECTION('',(0.E0,-1.E0,0.E0));
#3248=DIRECTION('',(-1.E0,0.E0,0.E0));
#3249=AXIS2_PLACEMENT_3D('',#3246,#3247,#3248);
#3250=CYLINDRICAL_SURFACE('',#3249,4.E0);
#3251=ORIENTED_EDGE('',*,*,#2294,.F.);
#3253=ORIENTED_EDGE('',*,*,#3252,.T.);
#3254=ORIENTED_EDGE('',*,*,#3241,.F.);
#3256=ORIENTED_EDGE('',*,*,#3255,.F.);
#3257=EDGE_LOOP('',(#3251,#3253,#3254,#3256));
#3258=FACE_OUTER_BOUND('',#3257,.F.);
#3259=ADVANCED_FACE('',(#3258),#3250,.F.);
#3260=CARTESIAN_POINT('',(3.204293994002E1,6.846000000020E0,-1.85E1));
#3261=DIRECTION('',(0.E0,-1.E0,0.E0));
#3262=DIRECTION('',(-1.E0,0.E0,0.E0));
#3263=AXIS2_PLACEMENT_3D('',#3260,#3261,#3262);
#3264=CYLINDRICAL_SURFACE('',#3263,4.E0);
#3265=ORIENTED_EDGE('',*,*,#2296,.F.);
#3266=ORIENTED_EDGE('',*,*,#3255,.T.);
#3267=ORIENTED_EDGE('',*,*,#3225,.F.);
#3268=ORIENTED_EDGE('',*,*,#3252,.F.);
#3269=EDGE_LOOP('',(#3265,#3266,#3267,#3268));
#3270=FACE_OUTER_BOUND('',#3269,.F.);
#3271=ADVANCED_FACE('',(#3270),#3264,.F.);
#3272=CARTESIAN_POINT('',(3.204293994002E1,6.846000000020E0,1.85E1));
#3273=DIRECTION('',(0.E0,-1.E0,0.E0));
#3274=DIRECTION('',(-5.E-1,0.E0,-8.660254037844E-1));
#3275=AXIS2_PLACEMENT_3D('',#3272,#3273,#3274);
#3276=CYLINDRICAL_SURFACE('',#3275,2.1E0);
#3277=ORIENTED_EDGE('',*,*,#2540,.F.);
#3279=ORIENTED_EDGE('',*,*,#3278,.F.);
#3281=ORIENTED_EDGE('',*,*,#3280,.F.);
#3283=ORIENTED_EDGE('',*,*,#3282,.T.);
#3284=EDGE_LOOP('',(#3277,#3279,#3281,#3283));
#3285=FACE_OUTER_BOUND('',#3284,.F.);
#3286=ADVANCED_FACE('',(#3285),#3276,.F.);
#3287=CARTESIAN_POINT('',(3.204293994002E1,6.846000000020E0,1.85E1));
#3288=DIRECTION('',(0.E0,-1.E0,0.E0));
#3289=DIRECTION('',(-5.E-1,0.E0,-8.660254037844E-1));
#3290=AXIS2_PLACEMENT_3D('',#3287,#3288,#3289);
#3291=CYLINDRICAL_SURFACE('',#3290,2.1E0);
#3292=ORIENTED_EDGE('',*,*,#2542,.F.);
#3293=ORIENTED_EDGE('',*,*,#3282,.F.);
#3295=ORIENTED_EDGE('',*,*,#3294,.F.);
#3296=ORIENTED_EDGE('',*,*,#3278,.T.);
#3297=EDGE_LOOP('',(#3292,#3293,#3295,#3296));
#3298=FACE_OUTER_BOUND('',#3297,.F.);
#3299=ADVANCED_FACE('',(#3298),#3291,.F.);
#3300=CARTESIAN_POINT('',(3.204293994002E1,1.35E0,1.85E1));
#3301=DIRECTION('',(0.E0,-1.E0,0.E0));
#3302=DIRECTION('',(-5.E-1,0.E0,-8.660254037844E-1));
#3303=AXIS2_PLACEMENT_3D('',#3300,#3301,#3302);
#3304=CONICAL_SURFACE('',#3303,3.05E0,4.5E1);
#3306=ORIENTED_EDGE('',*,*,#3305,.F.);
#3308=ORIENTED_EDGE('',*,*,#3307,.T.);
#3310=ORIENTED_EDGE('',*,*,#3309,.T.);
#3311=ORIENTED_EDGE('',*,*,#3294,.T.);
#3312=EDGE_LOOP('',(#3306,#3308,#3310,#3311));
#3313=FACE_OUTER_BOUND('',#3312,.F.);
#3314=ADVANCED_FACE('',(#3313),#3304,.F.);
#3315=CARTESIAN_POINT('',(3.204293994002E1,1.35E0,1.85E1));
#3316=DIRECTION('',(0.E0,-1.E0,0.E0));
#3317=DIRECTION('',(-5.E-1,0.E0,-8.660254037844E-1));
#3318=AXIS2_PLACEMENT_3D('',#3315,#3316,#3317);
#3319=CONICAL_SURFACE('',#3318,3.05E0,4.5E1);
#3320=ORIENTED_EDGE('',*,*,#3305,.T.);
#3321=ORIENTED_EDGE('',*,*,#3280,.T.);
#3322=ORIENTED_EDGE('',*,*,#3309,.F.);
#3324=ORIENTED_EDGE('',*,*,#3323,.T.);
#3325=EDGE_LOOP('',(#3320,#3321,#3322,#3324));
#3326=FACE_OUTER_BOUND('',#3325,.F.);
#3327=ADVANCED_FACE('',(#3326),#3319,.F.);
#3328=CARTESIAN_POINT('',(3.204293994002E1,6.846000000020E0,1.85E1));
#3329=DIRECTION('',(0.E0,-1.E0,0.E0));
#3330=DIRECTION('',(-5.E-1,0.E0,-8.660254037844E-1));
#3331=AXIS2_PLACEMENT_3D('',#3328,#3329,#3330);
#3332=CYLINDRICAL_SURFACE('',#3331,4.E0);
#3333=ORIENTED_EDGE('',*,*,#2300,.F.);
#3335=ORIENTED_EDGE('',*,*,#3334,.T.);
#3336=ORIENTED_EDGE('',*,*,#3323,.F.);
#3338=ORIENTED_EDGE('',*,*,#3337,.F.);
#3339=EDGE_LOOP('',(#3333,#3335,#3336,#3338));
#3340=FACE_OUTER_BOUND('',#3339,.F.);
#3341=ADVANCED_FACE('',(#3340),#3332,.F.);
#3342=CARTESIAN_POINT('',(3.204293994002E1,6.846000000020E0,1.85E1));
#3343=DIRECTION('',(0.E0,-1.E0,0.E0));
#3344=DIRECTION('',(-5.E-1,0.E0,-8.660254037844E-1));
#3345=AXIS2_PLACEMENT_3D('',#3342,#3343,#3344);
#3346=CYLINDRICAL_SURFACE('',#3345,4.E0);
#3347=ORIENTED_EDGE('',*,*,#2302,.F.);
#3348=ORIENTED_EDGE('',*,*,#3337,.T.);
#3349=ORIENTED_EDGE('',*,*,#3307,.F.);
#3350=ORIENTED_EDGE('',*,*,#3334,.F.);
#3351=EDGE_LOOP('',(#3347,#3348,#3349,#3350));
#3352=FACE_OUTER_BOUND('',#3351,.F.);
#3353=ADVANCED_FACE('',(#3352),#3346,.F.);
#3354=CARTESIAN_POINT('',(1.065814103640E-14,6.846000000020E0,3.7E1));
#3355=DIRECTION('',(0.E0,-1.E0,0.E0));
#3356=DIRECTION('',(5.E-1,0.E0,-8.660254037844E-1));
#3357=AXIS2_PLACEMENT_3D('',#3354,#3355,#3356);
#3358=CYLINDRICAL_SURFACE('',#3357,2.1E0);
#3359=ORIENTED_EDGE('',*,*,#2546,.F.);
#3361=ORIENTED_EDGE('',*,*,#3360,.F.);
#3363=ORIENTED_EDGE('',*,*,#3362,.F.);
#3365=ORIENTED_EDGE('',*,*,#3364,.T.);
#3366=EDGE_LOOP('',(#3359,#3361,#3363,#3365));
#3367=FACE_OUTER_BOUND('',#3366,.F.);
#3368=ADVANCED_FACE('',(#3367),#3358,.F.);
#3369=CARTESIAN_POINT('',(1.065814103640E-14,6.846000000020E0,3.7E1));
#3370=DIRECTION('',(0.E0,-1.E0,0.E0));
#3371=DIRECTION('',(5.E-1,0.E0,-8.660254037844E-1));
#3372=AXIS2_PLACEMENT_3D('',#3369,#3370,#3371);
#3373=CYLINDRICAL_SURFACE('',#3372,2.1E0);
#3374=ORIENTED_EDGE('',*,*,#2548,.F.);
#3375=ORIENTED_EDGE('',*,*,#3364,.F.);
#3377=ORIENTED_EDGE('',*,*,#3376,.F.);
#3378=ORIENTED_EDGE('',*,*,#3360,.T.);
#3379=EDGE_LOOP('',(#3374,#3375,#3377,#3378));
#3380=FACE_OUTER_BOUND('',#3379,.F.);
#3381=ADVANCED_FACE('',(#3380),#3373,.F.);
#3382=CARTESIAN_POINT('',(0.E0,1.35E0,3.7E1));
#3383=DIRECTION('',(0.E0,-1.E0,0.E0));
#3384=DIRECTION('',(5.E-1,0.E0,-8.660254037844E-1));
#3385=AXIS2_PLACEMENT_3D('',#3382,#3383,#3384);
#3386=CONICAL_SURFACE('',#3385,3.05E0,4.5E1);
#3388=ORIENTED_EDGE('',*,*,#3387,.F.);
#3390=ORIENTED_EDGE('',*,*,#3389,.T.);
#3392=ORIENTED_EDGE('',*,*,#3391,.T.);
#3393=ORIENTED_EDGE('',*,*,#3376,.T.);
#3394=EDGE_LOOP('',(#3388,#3390,#3392,#3393));
#3395=FACE_OUTER_BOUND('',#3394,.F.);
#3396=ADVANCED_FACE('',(#3395),#3386,.F.);
#3397=CARTESIAN_POINT('',(0.E0,1.35E0,3.7E1));
#3398=DIRECTION('',(0.E0,-1.E0,0.E0));
#3399=DIRECTION('',(5.E-1,0.E0,-8.660254037844E-1));
#3400=AXIS2_PLACEMENT_3D('',#3397,#3398,#3399);
#3401=CONICAL_SURFACE('',#3400,3.05E0,4.5E1);
#3402=ORIENTED_EDGE('',*,*,#3387,.T.);
#3403=ORIENTED_EDGE('',*,*,#3362,.T.);
#3404=ORIENTED_EDGE('',*,*,#3391,.F.);
#3406=ORIENTED_EDGE('',*,*,#3405,.T.);
#3407=EDGE_LOOP('',(#3402,#3403,#3404,#3406));
#3408=FACE_OUTER_BOUND('',#3407,.F.);
#3409=ADVANCED_FACE('',(#3408),#3401,.F.);
#3410=CARTESIAN_POINT('',(1.065814103640E-14,6.846000000020E0,3.7E1));
#3411=DIRECTION('',(0.E0,-1.E0,0.E0));
#3412=DIRECTION('',(5.E-1,0.E0,-8.660254037844E-1));
#3413=AXIS2_PLACEMENT_3D('',#3410,#3411,#3412);
#3414=CYLINDRICAL_SURFACE('',#3413,4.E0);
#3415=ORIENTED_EDGE('',*,*,#2306,.F.);
#3417=ORIENTED_EDGE('',*,*,#3416,.T.);
#3418=ORIENTED_EDGE('',*,*,#3405,.F.);
#3420=ORIENTED_EDGE('',*,*,#3419,.F.);
#3421=EDGE_LOOP('',(#3415,#3417,#3418,#3420));
#3422=FACE_OUTER_BOUND('',#3421,.F.);
#3423=ADVANCED_FACE('',(#3422),#3414,.F.);
#3424=CARTESIAN_POINT('',(1.065814103640E-14,6.846000000020E0,3.7E1));
#3425=DIRECTION('',(0.E0,-1.E0,0.E0));
#3426=DIRECTION('',(5.E-1,0.E0,-8.660254037844E-1));
#3427=AXIS2_PLACEMENT_3D('',#3424,#3425,#3426);
#3428=CYLINDRICAL_SURFACE('',#3427,4.E0);
#3429=ORIENTED_EDGE('',*,*,#2308,.F.);
#3430=ORIENTED_EDGE('',*,*,#3419,.T.);
#3431=ORIENTED_EDGE('',*,*,#3389,.F.);
#3432=ORIENTED_EDGE('',*,*,#3416,.F.);
#3433=EDGE_LOOP('',(#3429,#3430,#3431,#3432));
#3434=FACE_OUTER_BOUND('',#3433,.F.);
#3435=ADVANCED_FACE('',(#3434),#3428,.F.);
#3436=CARTESIAN_POINT('',(-3.204293994002E1,6.846000000020E0,1.85E1));
#3437=DIRECTION('',(0.E0,-1.E0,0.E0));
#3438=DIRECTION('',(1.E0,0.E0,0.E0));
#3439=AXIS2_PLACEMENT_3D('',#3436,#3437,#3438);
#3440=CYLINDRICAL_SURFACE('',#3439,2.1E0);
#3441=ORIENTED_EDGE('',*,*,#2552,.F.);
#3443=ORIENTED_EDGE('',*,*,#3442,.F.);
#3445=ORIENTED_EDGE('',*,*,#3444,.F.);
#3447=ORIENTED_EDGE('',*,*,#3446,.T.);
#3448=EDGE_LOOP('',(#3441,#3443,#3445,#3447));
#3449=FACE_OUTER_BOUND('',#3448,.F.);
#3450=ADVANCED_FACE('',(#3449),#3440,.F.);
#3451=CARTESIAN_POINT('',(-3.204293994002E1,6.846000000020E0,1.85E1));
#3452=DIRECTION('',(0.E0,-1.E0,0.E0));
#3453=DIRECTION('',(1.E0,0.E0,0.E0));
#3454=AXIS2_PLACEMENT_3D('',#3451,#3452,#3453);
#3455=CYLINDRICAL_SURFACE('',#3454,2.1E0);
#3456=ORIENTED_EDGE('',*,*,#2554,.F.);
#3457=ORIENTED_EDGE('',*,*,#3446,.F.);
#3459=ORIENTED_EDGE('',*,*,#3458,.F.);
#3460=ORIENTED_EDGE('',*,*,#3442,.T.);
#3461=EDGE_LOOP('',(#3456,#3457,#3459,#3460));
#3462=FACE_OUTER_BOUND('',#3461,.F.);
#3463=ADVANCED_FACE('',(#3462),#3455,.F.);
#3464=CARTESIAN_POINT('',(-3.204293994002E1,1.35E0,1.85E1));
#3465=DIRECTION('',(0.E0,-1.E0,0.E0));
#3466=DIRECTION('',(1.E0,0.E0,0.E0));
#3467=AXIS2_PLACEMENT_3D('',#3464,#3465,#3466);
#3468=CONICAL_SURFACE('',#3467,3.05E0,4.5E1);
#3470=ORIENTED_EDGE('',*,*,#3469,.F.);
#3472=ORIENTED_EDGE('',*,*,#3471,.T.);
#3474=ORIENTED_EDGE('',*,*,#3473,.T.);
#3475=ORIENTED_EDGE('',*,*,#3458,.T.);
#3476=EDGE_LOOP('',(#3470,#3472,#3474,#3475));
#3477=FACE_OUTER_BOUND('',#3476,.F.);
#3478=ADVANCED_FACE('',(#3477),#3468,.F.);
#3479=CARTESIAN_POINT('',(-3.204293994002E1,1.35E0,1.85E1));
#3480=DIRECTION('',(0.E0,-1.E0,0.E0));
#3481=DIRECTION('',(1.E0,0.E0,0.E0));
#3482=AXIS2_PLACEMENT_3D('',#3479,#3480,#3481);
#3483=CONICAL_SURFACE('',#3482,3.05E0,4.5E1);
#3484=ORIENTED_EDGE('',*,*,#3469,.T.);
#3485=ORIENTED_EDGE('',*,*,#3444,.T.);
#3486=ORIENTED_EDGE('',*,*,#3473,.F.);
#3488=ORIENTED_EDGE('',*,*,#3487,.T.);
#3489=EDGE_LOOP('',(#3484,#3485,#3486,#3488));
#3490=FACE_OUTER_BOUND('',#3489,.F.);
#3491=ADVANCED_FACE('',(#3490),#3483,.F.);
#3492=CARTESIAN_POINT('',(-3.204293994002E1,6.846000000020E0,1.85E1));
#3493=DIRECTION('',(0.E0,-1.E0,0.E0));
#3494=DIRECTION('',(1.E0,0.E0,0.E0));
#3495=AXIS2_PLACEMENT_3D('',#3492,#3493,#3494);
#3496=CYLINDRICAL_SURFACE('',#3495,4.E0);
#3497=ORIENTED_EDGE('',*,*,#2312,.F.);
#3499=ORIENTED_EDGE('',*,*,#3498,.T.);
#3500=ORIENTED_EDGE('',*,*,#3487,.F.);
#3502=ORIENTED_EDGE('',*,*,#3501,.F.);
#3503=EDGE_LOOP('',(#3497,#3499,#3500,#3502));
#3504=FACE_OUTER_BOUND('',#3503,.F.);
#3505=ADVANCED_FACE('',(#3504),#3496,.F.);
#3506=CARTESIAN_POINT('',(-3.204293994002E1,6.846000000020E0,1.85E1));
#3507=DIRECTION('',(0.E0,-1.E0,0.E0));
#3508=DIRECTION('',(1.E0,0.E0,0.E0));
#3509=AXIS2_PLACEMENT_3D('',#3506,#3507,#3508);
#3510=CYLINDRICAL_SURFACE('',#3509,4.E0);
#3511=ORIENTED_EDGE('',*,*,#2314,.F.);
#3512=ORIENTED_EDGE('',*,*,#3501,.T.);
#3513=ORIENTED_EDGE('',*,*,#3471,.F.);
#3514=ORIENTED_EDGE('',*,*,#3498,.F.);
#3515=EDGE_LOOP('',(#3511,#3512,#3513,#3514));
#3516=FACE_OUTER_BOUND('',#3515,.F.);
#3517=ADVANCED_FACE('',(#3516),#3510,.F.);
#3518=CARTESIAN_POINT('',(-3.204293994002E1,6.846000000020E0,-1.85E1));
#3519=DIRECTION('',(0.E0,-1.E0,0.E0));
#3520=DIRECTION('',(5.E-1,0.E0,8.660254037844E-1));
#3521=AXIS2_PLACEMENT_3D('',#3518,#3519,#3520);
#3522=CYLINDRICAL_SURFACE('',#3521,2.1E0);
#3523=ORIENTED_EDGE('',*,*,#2558,.F.);
#3525=ORIENTED_EDGE('',*,*,#3524,.F.);
#3527=ORIENTED_EDGE('',*,*,#3526,.F.);
#3529=ORIENTED_EDGE('',*,*,#3528,.T.);
#3530=EDGE_LOOP('',(#3523,#3525,#3527,#3529));
#3531=FACE_OUTER_BOUND('',#3530,.F.);
#3532=ADVANCED_FACE('',(#3531),#3522,.F.);
#3533=CARTESIAN_POINT('',(-3.204293994002E1,6.846000000020E0,-1.85E1));
#3534=DIRECTION('',(0.E0,-1.E0,0.E0));
#3535=DIRECTION('',(5.E-1,0.E0,8.660254037844E-1));
#3536=AXIS2_PLACEMENT_3D('',#3533,#3534,#3535);
#3537=CYLINDRICAL_SURFACE('',#3536,2.1E0);
#3538=ORIENTED_EDGE('',*,*,#2560,.F.);
#3539=ORIENTED_EDGE('',*,*,#3528,.F.);
#3541=ORIENTED_EDGE('',*,*,#3540,.F.);
#3542=ORIENTED_EDGE('',*,*,#3524,.T.);
#3543=EDGE_LOOP('',(#3538,#3539,#3541,#3542));
#3544=FACE_OUTER_BOUND('',#3543,.F.);
#3545=ADVANCED_FACE('',(#3544),#3537,.F.);
#3546=CARTESIAN_POINT('',(-3.204293994002E1,1.35E0,-1.85E1));
#3547=DIRECTION('',(0.E0,-1.E0,0.E0));
#3548=DIRECTION('',(5.E-1,0.E0,8.660254037844E-1));
#3549=AXIS2_PLACEMENT_3D('',#3546,#3547,#3548);
#3550=CONICAL_SURFACE('',#3549,3.05E0,4.5E1);
#3552=ORIENTED_EDGE('',*,*,#3551,.F.);
#3554=ORIENTED_EDGE('',*,*,#3553,.T.);
#3556=ORIENTED_EDGE('',*,*,#3555,.T.);
#3557=ORIENTED_EDGE('',*,*,#3540,.T.);
#3558=EDGE_LOOP('',(#3552,#3554,#3556,#3557));
#3559=FACE_OUTER_BOUND('',#3558,.F.);
#3560=ADVANCED_FACE('',(#3559),#3550,.F.);
#3561=CARTESIAN_POINT('',(-3.204293994002E1,1.35E0,-1.85E1));
#3562=DIRECTION('',(0.E0,-1.E0,0.E0));
#3563=DIRECTION('',(5.E-1,0.E0,8.660254037844E-1));
#3564=AXIS2_PLACEMENT_3D('',#3561,#3562,#3563);
#3565=CONICAL_SURFACE('',#3564,3.05E0,4.5E1);
#3566=ORIENTED_EDGE('',*,*,#3551,.T.);
#3567=ORIENTED_EDGE('',*,*,#3526,.T.);
#3568=ORIENTED_EDGE('',*,*,#3555,.F.);
#3570=ORIENTED_EDGE('',*,*,#3569,.T.);
#3571=EDGE_LOOP('',(#3566,#3567,#3568,#3570));
#3572=FACE_OUTER_BOUND('',#3571,.F.);
#3573=ADVANCED_FACE('',(#3572),#3565,.F.);
#3574=CARTESIAN_POINT('',(-3.204293994002E1,6.846000000020E0,-1.85E1));
#3575=DIRECTION('',(0.E0,-1.E0,0.E0));
#3576=DIRECTION('',(5.E-1,0.E0,8.660254037844E-1));
#3577=AXIS2_PLACEMENT_3D('',#3574,#3575,#3576);
#3578=CYLINDRICAL_SURFACE('',#3577,4.E0);
#3579=ORIENTED_EDGE('',*,*,#2318,.F.);
#3581=ORIENTED_EDGE('',*,*,#3580,.T.);
#3582=ORIENTED_EDGE('',*,*,#3569,.F.);
#3584=ORIENTED_EDGE('',*,*,#3583,.F.);
#3585=EDGE_LOOP('',(#3579,#3581,#3582,#3584));
#3586=FACE_OUTER_BOUND('',#3585,.F.);
#3587=ADVANCED_FACE('',(#3586),#3578,.F.);
#3588=CARTESIAN_POINT('',(-3.204293994002E1,6.846000000020E0,-1.85E1));
#3589=DIRECTION('',(0.E0,-1.E0,0.E0));
#3590=DIRECTION('',(5.E-1,0.E0,8.660254037844E-1));
#3591=AXIS2_PLACEMENT_3D('',#3588,#3589,#3590);
#3592=CYLINDRICAL_SURFACE('',#3591,4.E0);
#3593=ORIENTED_EDGE('',*,*,#2320,.F.);
#3594=ORIENTED_EDGE('',*,*,#3583,.T.);
#3595=ORIENTED_EDGE('',*,*,#3553,.F.);
#3596=ORIENTED_EDGE('',*,*,#3580,.F.);
#3597=EDGE_LOOP('',(#3593,#3594,#3595,#3596));
#3598=FACE_OUTER_BOUND('',#3597,.F.);
#3599=ADVANCED_FACE('',(#3598),#3592,.F.);
#3600=CARTESIAN_POINT('',(0.E0,6.846000000020E0,-3.7E1));
#3601=DIRECTION('',(0.E0,-1.E0,0.E0));
#3602=DIRECTION('',(-5.E-1,0.E0,8.660254037844E-1));
#3603=AXIS2_PLACEMENT_3D('',#3600,#3601,#3602);
#3604=CYLINDRICAL_SURFACE('',#3603,2.1E0);
#3605=ORIENTED_EDGE('',*,*,#2564,.F.);
#3607=ORIENTED_EDGE('',*,*,#3606,.F.);
#3609=ORIENTED_EDGE('',*,*,#3608,.F.);
#3611=ORIENTED_EDGE('',*,*,#3610,.T.);
#3612=EDGE_LOOP('',(#3605,#3607,#3609,#3611));
#3613=FACE_OUTER_BOUND('',#3612,.F.);
#3614=ADVANCED_FACE('',(#3613),#3604,.F.);
#3615=CARTESIAN_POINT('',(0.E0,6.846000000020E0,-3.7E1));
#3616=DIRECTION('',(0.E0,-1.E0,0.E0));
#3617=DIRECTION('',(-5.E-1,0.E0,8.660254037844E-1));
#3618=AXIS2_PLACEMENT_3D('',#3615,#3616,#3617);
#3619=CYLINDRICAL_SURFACE('',#3618,2.1E0);
#3620=ORIENTED_EDGE('',*,*,#2566,.F.);
#3621=ORIENTED_EDGE('',*,*,#3610,.F.);
#3623=ORIENTED_EDGE('',*,*,#3622,.F.);
#3624=ORIENTED_EDGE('',*,*,#3606,.T.);
#3625=EDGE_LOOP('',(#3620,#3621,#3623,#3624));
#3626=FACE_OUTER_BOUND('',#3625,.F.);
#3627=ADVANCED_FACE('',(#3626),#3619,.F.);
#3628=CARTESIAN_POINT('',(0.E0,1.35E0,-3.7E1));
#3629=DIRECTION('',(0.E0,-1.E0,0.E0));
#3630=DIRECTION('',(-5.E-1,0.E0,8.660254037844E-1));
#3631=AXIS2_PLACEMENT_3D('',#3628,#3629,#3630);
#3632=CONICAL_SURFACE('',#3631,3.05E0,4.5E1);
#3634=ORIENTED_EDGE('',*,*,#3633,.F.);
#3636=ORIENTED_EDGE('',*,*,#3635,.T.);
#3638=ORIENTED_EDGE('',*,*,#3637,.T.);
#3639=ORIENTED_EDGE('',*,*,#3622,.T.);
#3640=EDGE_LOOP('',(#3634,#3636,#3638,#3639));
#3641=FACE_OUTER_BOUND('',#3640,.F.);
#3642=ADVANCED_FACE('',(#3641),#3632,.F.);
#3643=CARTESIAN_POINT('',(0.E0,1.35E0,-3.7E1));
#3644=DIRECTION('',(0.E0,-1.E0,0.E0));
#3645=DIRECTION('',(-5.E-1,0.E0,8.660254037844E-1));
#3646=AXIS2_PLACEMENT_3D('',#3643,#3644,#3645);
#3647=CONICAL_SURFACE('',#3646,3.05E0,4.5E1);
#3648=ORIENTED_EDGE('',*,*,#3633,.T.);
#3649=ORIENTED_EDGE('',*,*,#3608,.T.);
#3650=ORIENTED_EDGE('',*,*,#3637,.F.);
#3652=ORIENTED_EDGE('',*,*,#3651,.T.);
#3653=EDGE_LOOP('',(#3648,#3649,#3650,#3652));
#3654=FACE_OUTER_BOUND('',#3653,.F.);
#3655=ADVANCED_FACE('',(#3654),#3647,.F.);
#3656=CARTESIAN_POINT('',(0.E0,6.846000000020E0,-3.7E1));
#3657=DIRECTION('',(0.E0,-1.E0,0.E0));
#3658=DIRECTION('',(-5.E-1,0.E0,8.660254037844E-1));
#3659=AXIS2_PLACEMENT_3D('',#3656,#3657,#3658);
#3660=CYLINDRICAL_SURFACE('',#3659,4.E0);
#3661=ORIENTED_EDGE('',*,*,#2324,.F.);
#3663=ORIENTED_EDGE('',*,*,#3662,.T.);
#3664=ORIENTED_EDGE('',*,*,#3651,.F.);
#3666=ORIENTED_EDGE('',*,*,#3665,.F.);
#3667=EDGE_LOOP('',(#3661,#3663,#3664,#3666));
#3668=FACE_OUTER_BOUND('',#3667,.F.);
#3669=ADVANCED_FACE('',(#3668),#3660,.F.);
#3670=CARTESIAN_POINT('',(0.E0,6.846000000020E0,-3.7E1));
#3671=DIRECTION('',(0.E0,-1.E0,0.E0));
#3672=DIRECTION('',(-5.E-1,0.E0,8.660254037844E-1));
#3673=AXIS2_PLACEMENT_3D('',#3670,#3671,#3672);
#3674=CYLINDRICAL_SURFACE('',#3673,4.E0);
#3675=ORIENTED_EDGE('',*,*,#2326,.F.);
#3676=ORIENTED_EDGE('',*,*,#3665,.T.);
#3677=ORIENTED_EDGE('',*,*,#3635,.F.);
#3678=ORIENTED_EDGE('',*,*,#3662,.F.);
#3679=EDGE_LOOP('',(#3675,#3676,#3677,#3678));
#3680=FACE_OUTER_BOUND('',#3679,.F.);
#3681=ADVANCED_FACE('',(#3680),#3674,.F.);
#3682=CARTESIAN_POINT('',(-4.795296469447E-14,-2.906698729811E1,0.E0));
#3683=DIRECTION('',(0.E0,-1.E0,0.E0));
#3684=DIRECTION('',(0.E0,0.E0,-1.E0));
#3685=AXIS2_PLACEMENT_3D('',#3682,#3683,#3684);
#3686=CONICAL_SURFACE('',#3685,5.44E1,1.5E1);
#3687=ORIENTED_EDGE('',*,*,#2433,.F.);
#3688=ORIENTED_EDGE('',*,*,#2431,.F.);
#3689=ORIENTED_EDGE('',*,*,#2415,.F.);
#3690=ORIENTED_EDGE('',*,*,#2385,.F.);
#3691=ORIENTED_EDGE('',*,*,#2412,.T.);
#3692=EDGE_LOOP('',(#3687,#3688,#3689,#3690,#3691));
#3693=FACE_OUTER_BOUND('',#3692,.F.);
#3694=ADVANCED_FACE('',(#3693),#3686,.F.);
#3698=DIMENSIONAL_EXPONENTS(0.E0,0.E0,0.E0,0.E0,0.E0,0.E0,0.E0);
#3700=PLANE_ANGLE_MEASURE_WITH_UNIT(PLANE_ANGLE_MEASURE(1.745329251994E-2),
#3699);
#3701=(CONVERSION_BASED_UNIT('DEGREE',#3700)NAMED_UNIT(*)PLANE_ANGLE_UNIT());
#3703=UNCERTAINTY_MEASURE_WITH_UNIT(LENGTH_MEASURE(1.E-2),#3697,'closure',
'Maximum model space distance between geometric entities at asserted connectivities');
#3704=(GEOMETRIC_REPRESENTATION_CONTEXT(3)GLOBAL_UNCERTAINTY_ASSIGNED_CONTEXT((
#3703))GLOBAL_UNIT_ASSIGNED_CONTEXT((#3697,#3701,#3702))REPRESENTATION_CONTEXT(
'ID2','3'));
#3705=CARTESIAN_POINT('',(0.E0,0.E0,0.E0));
#3706=DIRECTION('',(0.E0,0.E0,1.E0));
#3707=DIRECTION('',(1.E0,0.E0,0.E0));
#3710=MECHANICAL_CONTEXT('',#926,'mechanical');
#3711=PRODUCT('RO10000_16','RO10000_16','NOT SPECIFIED',(#3710));
#3712=PRODUCT_DEFINITION_FORMATION_WITH_SPECIFIED_SOURCE('1','LAST_VERSION',
#3711,.MADE.);
#3718=CARTESIAN_POINT('',(0.E0,2.55E1,0.E0));
#3719=DIRECTION('',(0.E0,0.E0,1.E0));
#3720=DIRECTION('',(1.E0,0.E0,0.E0));
#3721=AXIS2_PLACEMENT_3D('',#3718,#3719,#3720);
#3722=ITEM_DEFINED_TRANSFORMATION('','',#3708,#3721);
#3723=(REPRESENTATION_RELATIONSHIP('','',#3709,#937)REPRESENTATION_RELATIONSHIP_WITH_TRANSFORMATION(#3722)SHAPE_REPRESENTATION_RELATIONSHIP());
#3724=CONTEXT_DEPENDENT_SHAPE_REPRESENTATION(#3723,#3717);
#3725=CARTESIAN_POINT('',(0.E0,0.E0,0.E0));
#3726=DIRECTION('',(0.E0,-1.E0,0.E0));
#3727=DIRECTION('',(1.E0,0.E0,0.E0));
#3728=AXIS2_PLACEMENT_3D('',#3725,#3726,#3727);
#3730=CARTESIAN_POINT('',(0.E0,0.E0,0.E0));
#3731=DIRECTION('',(0.E0,-1.E0,0.E0));
#3732=DIRECTION('',(-1.E0,0.E0,0.E0));
#3733=AXIS2_PLACEMENT_3D('',#3730,#3731,#3732);
#3735=CARTESIAN_POINT('',(0.E0,0.E0,0.E0));
#3736=DIRECTION('',(0.E0,1.E0,0.E0));
#3737=DIRECTION('',(1.E0,0.E0,0.E0));
#3738=AXIS2_PLACEMENT_3D('',#3735,#3736,#3737);
#3740=CARTESIAN_POINT('',(0.E0,0.E0,0.E0));
#3741=DIRECTION('',(0.E0,1.E0,0.E0));
#3742=DIRECTION('',(-1.E0,0.E0,0.E0));
#3743=AXIS2_PLACEMENT_3D('',#3740,#3741,#3742);
#3745=DIRECTION('',(0.E0,-1.E0,0.E0));
#3746=VECTOR('',#3745,2.6E1);
#3747=CARTESIAN_POINT('',(5.08E1,2.6E1,0.E0));
#3748=LINE('',#3747,#3746);
#3749=CARTESIAN_POINT('',(0.E0,2.6E1,0.E0));
#3750=DIRECTION('',(0.E0,-1.E0,0.E0));
#3751=DIRECTION('',(1.E0,0.E0,0.E0));
#3752=AXIS2_PLACEMENT_3D('',#3749,#3750,#3751);
#3754=CARTESIAN_POINT('',(0.E0,2.6E1,0.E0));
#3755=DIRECTION('',(0.E0,-1.E0,0.E0));
#3756=DIRECTION('',(-1.E0,0.E0,0.E0));
#3757=AXIS2_PLACEMENT_3D('',#3754,#3755,#3756);
#3759=CARTESIAN_POINT('',(0.E0,2.6E1,0.E0));
#3760=DIRECTION('',(0.E0,-1.E0,0.E0));
#3761=DIRECTION('',(-1.E0,0.E0,0.E0));
#3762=AXIS2_PLACEMENT_3D('',#3759,#3760,#3761);
#3764=CARTESIAN_POINT('',(0.E0,2.6E1,0.E0));
#3765=DIRECTION('',(0.E0,-1.E0,0.E0));
#3766=DIRECTION('',(1.E0,0.E0,0.E0));
#3767=AXIS2_PLACEMENT_3D('',#3764,#3765,#3766);
#3769=DIRECTION('',(0.E0,-1.E0,0.E0));
#3770=VECTOR('',#3769,2.6E1);
#3771=CARTESIAN_POINT('',(-5.08E1,2.6E1,0.E0));
#3772=LINE('',#3771,#3770);
#3773=DIRECTION('',(0.E0,-1.E0,0.E0));
#3774=VECTOR('',#3773,2.6E1);
#3775=CARTESIAN_POINT('',(-5.415E1,2.6E1,0.E0));
#3776=LINE('',#3775,#3774);
#3777=DIRECTION('',(0.E0,-1.E0,0.E0));
#3778=VECTOR('',#3777,2.6E1);
#3779=CARTESIAN_POINT('',(5.415E1,2.6E1,0.E0));
#3780=LINE('',#3779,#3778);
#3781=CARTESIAN_POINT('',(5.415E1,0.E0,0.E0));
#3782=CARTESIAN_POINT('',(-5.415E1,0.E0,0.E0));
#3783=VERTEX_POINT('',#3781);
#3784=VERTEX_POINT('',#3782);
#3785=CARTESIAN_POINT('',(5.415E1,2.6E1,0.E0));
#3786=VERTEX_POINT('',#3785);
#3787=CARTESIAN_POINT('',(-5.415E1,2.6E1,0.E0));
#3788=VERTEX_POINT('',#3787);
#3789=CARTESIAN_POINT('',(5.08E1,2.6E1,0.E0));
#3790=CARTESIAN_POINT('',(-5.08E1,2.6E1,0.E0));
#3791=VERTEX_POINT('',#3789);
#3792=VERTEX_POINT('',#3790);
#3793=CARTESIAN_POINT('',(5.08E1,0.E0,0.E0));
#3794=CARTESIAN_POINT('',(-5.08E1,0.E0,0.E0));
#3795=VERTEX_POINT('',#3793);
#3796=VERTEX_POINT('',#3794);
#3797=CARTESIAN_POINT('',(0.E0,0.E0,0.E0));
#3798=DIRECTION('',(0.E0,1.E0,0.E0));
#3799=DIRECTION('',(1.E0,0.E0,0.E0));
#3800=AXIS2_PLACEMENT_3D('',#3797,#3798,#3799);
#3801=PLANE('',#3800);
#3803=ORIENTED_EDGE('',*,*,#3802,.T.);
#3805=ORIENTED_EDGE('',*,*,#3804,.T.);
#3806=EDGE_LOOP('',(#3803,#3805));
#3807=FACE_OUTER_BOUND('',#3806,.F.);
#3809=ORIENTED_EDGE('',*,*,#3808,.T.);
#3811=ORIENTED_EDGE('',*,*,#3810,.T.);
#3812=EDGE_LOOP('',(#3809,#3811));
#3813=FACE_BOUND('',#3812,.F.);
#3814=ADVANCED_FACE('',(#3807,#3813),#3801,.F.);
#3815=CARTESIAN_POINT('',(0.E0,2.6E1,0.E0));
#3816=DIRECTION('',(0.E0,1.E0,0.E0));
#3817=DIRECTION('',(1.E0,0.E0,0.E0));
#3818=AXIS2_PLACEMENT_3D('',#3815,#3816,#3817);
#3819=CYLINDRICAL_SURFACE('',#3818,5.08E1);
#3821=ORIENTED_EDGE('',*,*,#3820,.T.);
#3823=ORIENTED_EDGE('',*,*,#3822,.T.);
#3824=ORIENTED_EDGE('',*,*,#3808,.F.);
#3826=ORIENTED_EDGE('',*,*,#3825,.F.);
#3827=EDGE_LOOP('',(#3821,#3823,#3824,#3826));
#3828=FACE_OUTER_BOUND('',#3827,.F.);
#3829=ADVANCED_FACE('',(#3828),#3819,.F.);
#3830=CARTESIAN_POINT('',(0.E0,2.6E1,0.E0));
#3831=DIRECTION('',(0.E0,1.E0,0.E0));
#3832=DIRECTION('',(1.E0,0.E0,0.E0));
#3833=AXIS2_PLACEMENT_3D('',#3830,#3831,#3832);
#3834=PLANE('',#3833);
#3836=ORIENTED_EDGE('',*,*,#3835,.T.);
#3838=ORIENTED_EDGE('',*,*,#3837,.T.);
#3839=EDGE_LOOP('',(#3836,#3838));
#3840=FACE_OUTER_BOUND('',#3839,.F.);
#3841=ORIENTED_EDGE('',*,*,#3820,.F.);
#3843=ORIENTED_EDGE('',*,*,#3842,.F.);
#3844=EDGE_LOOP('',(#3841,#3843));
#3845=FACE_BOUND('',#3844,.F.);
#3846=ADVANCED_FACE('',(#3840,#3845),#3834,.T.);
#3847=CARTESIAN_POINT('',(0.E0,2.6E1,0.E0));
#3848=DIRECTION('',(0.E0,1.E0,0.E0));
#3849=DIRECTION('',(1.E0,0.E0,0.E0));
#3850=AXIS2_PLACEMENT_3D('',#3847,#3848,#3849);
#3851=CYLINDRICAL_SURFACE('',#3850,5.08E1);
#3852=ORIENTED_EDGE('',*,*,#3842,.T.);
#3853=ORIENTED_EDGE('',*,*,#3825,.T.);
#3854=ORIENTED_EDGE('',*,*,#3810,.F.);
#3855=ORIENTED_EDGE('',*,*,#3822,.F.);
#3856=EDGE_LOOP('',(#3852,#3853,#3854,#3855));
#3857=FACE_OUTER_BOUND('',#3856,.F.);
#3858=ADVANCED_FACE('',(#3857),#3851,.F.);
#3859=CARTESIAN_POINT('',(0.E0,0.E0,0.E0));
#3860=DIRECTION('',(0.E0,1.E0,0.E0));
#3861=DIRECTION('',(1.E0,0.E0,0.E0));
#3862=AXIS2_PLACEMENT_3D('',#3859,#3860,#3861);
#3863=CYLINDRICAL_SURFACE('',#3862,5.415E1);
#3864=ORIENTED_EDGE('',*,*,#3802,.F.);
#3866=ORIENTED_EDGE('',*,*,#3865,.F.);
#3867=ORIENTED_EDGE('',*,*,#3835,.F.);
#3869=ORIENTED_EDGE('',*,*,#3868,.T.);
#3870=EDGE_LOOP('',(#3864,#3866,#3867,#3869));
#3871=FACE_OUTER_BOUND('',#3870,.F.);
#3872=ADVANCED_FACE('',(#3871),#3863,.T.);
#3873=CARTESIAN_POINT('',(0.E0,0.E0,0.E0));
#3874=DIRECTION('',(0.E0,1.E0,0.E0));
#3875=DIRECTION('',(1.E0,0.E0,0.E0));
#3876=AXIS2_PLACEMENT_3D('',#3873,#3874,#3875);
#3877=CYLINDRICAL_SURFACE('',#3876,5.415E1);
#3878=ORIENTED_EDGE('',*,*,#3804,.F.);
#3879=ORIENTED_EDGE('',*,*,#3868,.F.);
#3880=ORIENTED_EDGE('',*,*,#3837,.F.);
#3881=ORIENTED_EDGE('',*,*,#3865,.T.);
#3882=EDGE_LOOP('',(#3878,#3879,#3880,#3881));
#3883=FACE_OUTER_BOUND('',#3882,.F.);
#3884=ADVANCED_FACE('',(#3883),#3877,.T.);
#3888=DIMENSIONAL_EXPONENTS(0.E0,0.E0,0.E0,0.E0,0.E0,0.E0,0.E0);
#3890=PLANE_ANGLE_MEASURE_WITH_UNIT(PLANE_ANGLE_MEASURE(1.745329251994E-2),
#3889);
#3891=(CONVERSION_BASED_UNIT('DEGREE',#3890)NAMED_UNIT(*)PLANE_ANGLE_UNIT());
#3893=UNCERTAINTY_MEASURE_WITH_UNIT(LENGTH_MEASURE(1.E-2),#3887,'closure',
'Maximum model space distance between geometric entities at asserted connectivities');
#3894=(GEOMETRIC_REPRESENTATION_CONTEXT(3)GLOBAL_UNCERTAINTY_ASSIGNED_CONTEXT((
#3893))GLOBAL_UNIT_ASSIGNED_CONTEXT((#3887,#3891,#3892))REPRESENTATION_CONTEXT(
'ID3','3'));
#3895=CARTESIAN_POINT('',(0.E0,0.E0,0.E0));
#3896=DIRECTION('',(0.E0,0.E0,1.E0));
#3897=DIRECTION('',(1.E0,0.E0,0.E0));
#3900=DESIGN_CONTEXT('',#926,'design');
#3901=MECHANICAL_CONTEXT('',#926,'mechanical');
#3902=PRODUCT('RO10000_13','RO10000_13','NOT SPECIFIED',(#3901));
#3903=PRODUCT_DEFINITION_FORMATION_WITH_SPECIFIED_SOURCE('1','LAST_VERSION',
#3902,.MADE.);
#3909=CARTESIAN_POINT('',(0.E0,-4.5E0,0.E0));
#3910=DIRECTION('',(0.E0,0.E0,1.E0));
#3911=DIRECTION('',(1.E0,0.E0,0.E0));
#3912=AXIS2_PLACEMENT_3D('',#3909,#3910,#3911);
#3913=ITEM_DEFINED_TRANSFORMATION('','',#3898,#3912);
#3914=(REPRESENTATION_RELATIONSHIP('','',#3899,#937)REPRESENTATION_RELATIONSHIP_WITH_TRANSFORMATION(#3913)SHAPE_REPRESENTATION_RELATIONSHIP());
#3915=CONTEXT_DEPENDENT_SHAPE_REPRESENTATION(#3914,#3908);
#3916=CARTESIAN_POINT('',(-9.793405650682E-13,3.149999999999E1,
-2.344791028008E-13));
#3917=DIRECTION('',(0.E0,-1.E0,0.E0));
#3918=DIRECTION('',(2.382614065123E-2,0.E0,-9.997161172161E-1));
#3919=AXIS2_PLACEMENT_3D('',#3916,#3917,#3918);
#3921=CARTESIAN_POINT('',(-9.793405650682E-13,3.149999999999E1,
-2.344791028008E-13));
#3922=DIRECTION('',(0.E0,-1.E0,0.E0));
#3923=DIRECTION('',(0.E0,0.E0,1.E0));
#3924=AXIS2_PLACEMENT_3D('',#3921,#3922,#3923);
#3926=CARTESIAN_POINT('',(0.E0,3.15E1,-3.9E1));
#3927=DIRECTION('',(0.E0,1.E0,0.E0));
#3928=DIRECTION('',(-8.736251572107E-1,0.E0,4.865995115993E-1));
#3929=AXIS2_PLACEMENT_3D('',#3926,#3927,#3928);
#3931=CARTESIAN_POINT('',(-1.317131202936E-13,3.15E1,4.618527782441E-14));
#3932=DIRECTION('',(0.E0,1.E0,0.E0));
#3933=DIRECTION('',(2.478548038966E-2,0.E0,9.996927927928E-1));
#3934=AXIS2_PLACEMENT_3D('',#3931,#3932,#3933);
#3936=CARTESIAN_POINT('',(-1.317131202936E-13,3.15E1,4.618527782441E-14));
#3937=DIRECTION('',(0.E0,1.E0,0.E0));
#3938=DIRECTION('',(0.E0,0.E0,-1.E0));
#3939=AXIS2_PLACEMENT_3D('',#3936,#3937,#3938);
#3941=CARTESIAN_POINT('',(0.E0,3.15E1,3.7E1));
#3942=DIRECTION('',(0.E0,1.E0,0.E0));
#3943=DIRECTION('',(-8.851957282021E-1,0.E0,4.652187902188E-1));
#3944=AXIS2_PLACEMENT_3D('',#3941,#3942,#3943);
#3946=CARTESIAN_POINT('',(0.E0,3.15E1,3.7E1));
#3947=DIRECTION('',(0.E0,1.E0,0.E0));
#3948=DIRECTION('',(0.E0,0.E0,1.E0));
#3949=AXIS2_PLACEMENT_3D('',#3946,#3947,#3948);
#3951=CARTESIAN_POINT('',(-9.793405650682E-13,3.099999999999E1,
-2.344791028008E-13));
#3952=DIRECTION('',(0.E0,-1.E0,0.E0));
#3953=DIRECTION('',(9.999999999999E-1,0.E0,3.810780026037E-7));
#3954=AXIS2_PLACEMENT_3D('',#3951,#3952,#3953);
#3956=CARTESIAN_POINT('',(-9.793405650682E-13,3.1E1,-2.344791028008E-13));
#3957=DIRECTION('',(0.E0,-1.E0,0.E0));
#3958=DIRECTION('',(0.E0,0.E0,1.E0));
#3959=AXIS2_PLACEMENT_3D('',#3956,#3957,#3958);
#3961=CARTESIAN_POINT('',(-9.793405650682E-13,3.1E1,-2.344791028008E-13));
#3962=DIRECTION('',(0.E0,-1.E0,0.E0));
#3963=DIRECTION('',(-1.E0,0.E0,0.E0));
#3964=AXIS2_PLACEMENT_3D('',#3961,#3962,#3963);
#3966=CARTESIAN_POINT('',(-9.793405650682E-13,3.099999999999E1,
-2.344791028008E-13));
#3967=DIRECTION('',(0.E0,-1.E0,0.E0));
#3968=DIRECTION('',(2.692063740657E-2,0.E0,-9.996375739645E-1));
#3969=AXIS2_PLACEMENT_3D('',#3966,#3967,#3968);
#3971=DIRECTION('',(8.042739051583E-14,-1.E0,0.E0));
#3972=VECTOR('',#3971,2.35E1);
#3973=CARTESIAN_POINT('',(3.9E1,3.1E1,9.908027913247E-6));
#3974=LINE('',#3973,#3972);
#3975=DIRECTION('',(3.915923693041E-9,1.E0,-1.053092250415E-10));
#3976=VECTOR('',#3975,1.150000053442E1);
#3977=CARTESIAN_POINT('',(-1.049904791692E0,1.95E1,-3.898586485550E1));
#3978=LINE('',#3977,#3976);
#3979=DIRECTION('',(-6.168115663620E-14,-1.E0,9.606530202427E-9));
#3980=VECTOR('',#3979,2.35E1);
#3981=CARTESIAN_POINT('',(-3.9E1,3.1E1,-2.257534565742E-7));
#3982=LINE('',#3981,#3980);
#3983=CARTESIAN_POINT('',(1.049904858855E0,3.1E1,-3.898586538461E1));
#3984=CARTESIAN_POINT('',(1.049106812696E0,3.105927805722E1,-3.892658732739E1));
#3985=CARTESIAN_POINT('',(1.037518136358E0,3.117612554667E1,-3.881000355196E1));
#3986=CARTESIAN_POINT('',(9.925401743581E-1,3.134390571243E1,
-3.864337258752E1));
#3987=CARTESIAN_POINT('',(9.451763745367E-1,3.144931333962E1,
-3.853910734422E1));
#3988=CARTESIAN_POINT('',(9.173064150709E-1,3.15E1,-3.848907051282E1));
#3990=CARTESIAN_POINT('',(-9.173064150711E-1,3.15E1,-3.848907051282E1));
#3991=CARTESIAN_POINT('',(-9.451641767984E-1,3.144933552346E1,
-3.853908544479E1));
#3992=CARTESIAN_POINT('',(-9.925210369775E-1,3.134395988798E1,
-3.864331994180E1));
#3993=CARTESIAN_POINT('',(-1.037514426716E0,3.117615616869E1,
-3.880997291404E1));
#3994=CARTESIAN_POINT('',(-1.049106447064E0,3.105929073920E1,
-3.892657465436E1));
#3995=CARTESIAN_POINT('',(-1.049904746659E0,3.100000053442E1,
-3.898586485672E1));
#3997=DIRECTION('',(0.E0,1.E0,1.322227351762E-13));
#3998=VECTOR('',#3997,1.15E1);
#3999=CARTESIAN_POINT('',(1.049904858855E0,1.95E1,-3.898586538461E1));
#4000=LINE('',#3999,#3998);
#4001=CARTESIAN_POINT('',(0.E0,1.95E1,0.E0));
#4002=DIRECTION('',(0.E0,-1.E0,0.E0));
#4003=DIRECTION('',(-2.692063740653E-2,0.E0,-9.996375739645E-1));
#4004=AXIS2_PLACEMENT_3D('',#4001,#4002,#4003);
#4006=CARTESIAN_POINT('',(0.E0,1.95E1,-3.9E1));
#4007=DIRECTION('',(0.E0,-1.E0,0.E0));
#4008=DIRECTION('',(9.999093893860E-1,0.E0,1.346153846153E-2));
#4009=AXIS2_PLACEMENT_3D('',#4006,#4007,#4008);
#4011=CARTESIAN_POINT('',(0.E0,7.5E0,0.E0));
#4012=DIRECTION('',(0.E0,-1.E0,0.E0));
#4013=DIRECTION('',(-1.E0,0.E0,0.E0));
#4014=AXIS2_PLACEMENT_3D('',#4011,#4012,#4013);
#4016=CARTESIAN_POINT('',(0.E0,7.5E0,0.E0));
#4017=DIRECTION('',(0.E0,-1.E0,0.E0));
#4018=DIRECTION('',(1.E0,0.E0,0.E0));
#4019=AXIS2_PLACEMENT_3D('',#4016,#4017,#4018);
#4021=CARTESIAN_POINT('',(0.E0,7.5E0,0.E0));
#4022=DIRECTION('',(0.E0,1.E0,0.E0));
#4023=DIRECTION('',(-1.E0,0.E0,0.E0));
#4024=AXIS2_PLACEMENT_3D('',#4021,#4022,#4023);
#4026=CARTESIAN_POINT('',(0.E0,7.5E0,0.E0));
#4027=DIRECTION('',(0.E0,1.E0,0.E0));
#4028=DIRECTION('',(1.E0,0.E0,0.E0));
#4029=AXIS2_PLACEMENT_3D('',#4026,#4027,#4028);
#4031=DIRECTION('',(0.E0,-1.E0,0.E0));
#4032=VECTOR('',#4031,4.3E0);
#4033=CARTESIAN_POINT('',(-3.93E1,7.5E0,0.E0));
#4034=LINE('',#4033,#4032);
#4035=DIRECTION('',(2.729668343212E-12,1.E0,-1.176022242551E-11));
#4036=VECTOR('',#4035,1.2E0);
#4037=CARTESIAN_POINT('',(-3.906601810995E1,2.E0,-4.282082324430E0));
#4038=LINE('',#4037,#4036);
#4039=DIRECTION('',(0.E0,-1.E0,0.E0));
#4040=VECTOR('',#4039,1.2E0);
#4041=CARTESIAN_POINT('',(-4.105411063462E1,3.2E0,-2.5E0));
#4042=LINE('',#4041,#4040);
#4043=CARTESIAN_POINT('',(-4.199702370407E1,2.E0,-4.999999999998E-1));
#4044=DIRECTION('',(0.E0,1.E0,0.E0));
#4045=DIRECTION('',(7.638334409421E-13,0.E0,-1.E0));
#4046=AXIS2_PLACEMENT_3D('',#4043,#4044,#4045);
#4048=CARTESIAN_POINT('',(0.E0,2.E0,0.E0));
#4049=DIRECTION('',(0.E0,-1.E0,0.E0));
#4050=DIRECTION('',(-9.999291358111E-1,0.E0,-1.190476190558E-2));
#4051=AXIS2_PLACEMENT_3D('',#4048,#4049,#4050);
#4053=CARTESIAN_POINT('',(4.199702370407E1,2.E0,-5.000000000002E-1));
#4054=DIRECTION('',(0.E0,1.E0,0.E0));
#4055=DIRECTION('',(9.999291358109E-1,0.E0,-1.190476192313E-2));
#4056=AXIS2_PLACEMENT_3D('',#4053,#4054,#4055);
#4058=CARTESIAN_POINT('',(4.105411063462E1,2.E0,-4.5E0));
#4059=DIRECTION('',(0.E0,-1.E0,0.E0));
#4060=DIRECTION('',(0.E0,0.E0,1.E0));
#4061=AXIS2_PLACEMENT_3D('',#4058,#4059,#4060);
#4063=CARTESIAN_POINT('',(0.E0,2.E0,0.E0));
#4064=DIRECTION('',(0.E0,1.E0,0.E0));
#4065=DIRECTION('',(9.940462623398E-1,0.E0,-1.089588377705E-1));
#4066=AXIS2_PLACEMENT_3D('',#4063,#4064,#4065);
#4068=CARTESIAN_POINT('',(-4.105411063462E1,2.E0,-4.5E0));
#4069=DIRECTION('',(0.E0,-1.E0,0.E0));
#4070=DIRECTION('',(9.940462623354E-1,0.E0,1.089588378101E-1));
#4071=AXIS2_PLACEMENT_3D('',#4068,#4069,#4070);
#4073=DIRECTION('',(1.E0,0.E0,-7.064636564684E-14));
#4074=VECTOR('',#4073,9.429130694495E-1);
#4075=CARTESIAN_POINT('',(-4.199702370407E1,2.E0,-2.5E0));
#4076=LINE('',#4075,#4074);
#4077=DIRECTION('',(0.E0,1.E0,0.E0));
#4078=VECTOR('',#4077,1.2E0);
#4079=CARTESIAN_POINT('',(-4.199702370407E1,2.E0,-2.5E0));
#4080=LINE('',#4079,#4078);
#4081=CARTESIAN_POINT('',(-4.199702370407E1,3.2E0,5.000000000002E-1));
#4082=DIRECTION('',(0.E0,-1.E0,0.E0));
#4083=DIRECTION('',(-7.638334409421E-13,0.E0,1.E0));
#4084=AXIS2_PLACEMENT_3D('',#4081,#4082,#4083);
#4086=CARTESIAN_POINT('',(0.E0,3.2E0,0.E0));
#4087=DIRECTION('',(0.E0,-1.E0,0.E0));
#4088=DIRECTION('',(-9.999291358111E-1,0.E0,1.190476190521E-2));
#4089=AXIS2_PLACEMENT_3D('',#4086,#4087,#4088);
#4091=CARTESIAN_POINT('',(0.E0,3.2E0,0.E0));
#4092=DIRECTION('',(0.E0,-1.E0,0.E0));
#4093=DIRECTION('',(-1.E0,0.E0,0.E0));
#4094=AXIS2_PLACEMENT_3D('',#4091,#4092,#4093);
#4096=CARTESIAN_POINT('',(-4.199702370407E1,3.2E0,-4.999999999998E-1));
#4097=DIRECTION('',(0.E0,-1.E0,0.E0));
#4098=DIRECTION('',(-9.999291358110E-1,0.E0,-1.190476191451E-2));
#4099=AXIS2_PLACEMENT_3D('',#4096,#4097,#4098);
#4101=DIRECTION('',(1.E0,0.E0,-7.064636564684E-14));
#4102=VECTOR('',#4101,9.429130694495E-1);
#4103=CARTESIAN_POINT('',(-4.199702370407E1,3.2E0,-2.5E0));
#4104=LINE('',#4103,#4102);
#4105=CARTESIAN_POINT('',(-4.105411063462E1,3.2E0,-4.5E0));
#4106=DIRECTION('',(0.E0,1.E0,0.E0));
#4107=DIRECTION('',(0.E0,0.E0,1.E0));
#4108=AXIS2_PLACEMENT_3D('',#4105,#4106,#4107);
#4110=CARTESIAN_POINT('',(0.E0,3.2E0,0.E0));
#4111=DIRECTION('',(0.E0,1.E0,0.E0));
#4112=DIRECTION('',(-9.940462623397E-1,0.E0,-1.089588377716E-1));
#4113=AXIS2_PLACEMENT_3D('',#4110,#4111,#4112);
#4115=CARTESIAN_POINT('',(0.E0,3.2E0,0.E0));
#4116=DIRECTION('',(0.E0,1.E0,0.E0));
#4117=DIRECTION('',(-1.E0,0.E0,0.E0));
#4118=AXIS2_PLACEMENT_3D('',#4115,#4116,#4117);
#4120=CARTESIAN_POINT('',(-4.105411063462E1,3.2E0,4.5E0));
#4121=DIRECTION('',(0.E0,1.E0,0.E0));
#4122=DIRECTION('',(9.940462623377E-1,0.E0,-1.089588377892E-1));
#4123=AXIS2_PLACEMENT_3D('',#4120,#4121,#4122);
#4125=DIRECTION('',(-1.E0,0.E0,7.017538987578E-14));
#4126=VECTOR('',#4125,9.429130694505E-1);
#4127=CARTESIAN_POINT('',(-4.105411063462E1,3.2E0,2.5E0));
#4128=LINE('',#4127,#4126);
#4129=CARTESIAN_POINT('',(-4.125E1,3.2E0,0.E0));
#4130=DIRECTION('',(0.E0,1.E0,0.E0));
#4131=DIRECTION('',(0.E0,0.E0,1.E0));
#4132=AXIS2_PLACEMENT_3D('',#4129,#4130,#4131);
#4134=CARTESIAN_POINT('',(-4.125E1,3.2E0,0.E0));
#4135=DIRECTION('',(0.E0,1.E0,0.E0));
#4136=DIRECTION('',(0.E0,0.E0,-1.E0));
#4137=AXIS2_PLACEMENT_3D('',#4134,#4135,#4136);
#4139=DIRECTION('',(-6.690944095074E-13,1.E0,-4.694207985286E-12));
#4140=VECTOR('',#4139,1.2E0);
#4141=CARTESIAN_POINT('',(-4.399688197569E1,2.E0,5.238095238219E-1));
#4142=LINE('',#4141,#4140);
#4143=DIRECTION('',(0.E0,-1.E0,0.E0));
#4144=VECTOR('',#4143,1.2E0);
#4145=CARTESIAN_POINT('',(-4.199702370407E1,3.2E0,2.5E0));
#4146=LINE('',#4145,#4144);
#4147=CARTESIAN_POINT('',(0.E0,2.E0,0.E0));
#4148=DIRECTION('',(0.E0,-1.E0,0.E0));
#4149=DIRECTION('',(-1.E0,0.E0,0.E0));
#4150=AXIS2_PLACEMENT_3D('',#4147,#4148,#4149);
#4152=DIRECTION('',(-6.572520305781E-13,1.E0,2.170208457386E-12));
#4153=VECTOR('',#4152,1.2E0);
#4154=CARTESIAN_POINT('',(-4.399688197569E1,2.E0,-5.238095238184E-1));
#4155=LINE('',#4154,#4153);
#4156=DIRECTION('',(4.699111470311E-12,1.E0,6.750155989721E-13));
#4157=VECTOR('',#4156,1.2E0);
#4158=CARTESIAN_POINT('',(-5.238095238213E-1,2.E0,4.399688197569E1));
#4159=LINE('',#4158,#4157);
#4160=DIRECTION('',(6.572520305781E-13,1.E0,-4.620285635563E-12));
#4161=VECTOR('',#4160,1.2E0);
#4162=CARTESIAN_POINT('',(4.399688197569E1,2.E0,5.238095238213E-1));
#4163=LINE('',#4162,#4161);
#4164=CARTESIAN_POINT('',(0.E0,2.E0,0.E0));
#4165=DIRECTION('',(0.E0,-1.E0,0.E0));
#4166=DIRECTION('',(9.999291358111E-1,0.E0,-1.190476190477E-2));
#4167=AXIS2_PLACEMENT_3D('',#4164,#4165,#4166);
#4169=DIRECTION('',(-1.657933050107E-13,-1.E0,-1.985123443323E-9));
#4170=VECTOR('',#4169,1.5E0);
#4171=CARTESIAN_POINT('',(4.4E1,2.E0,-4.472186236316E-9));
#4172=LINE('',#4171,#4170);
#4173=CARTESIAN_POINT('',(7.909101819535E-14,4.999999999994E-1,0.E0));
#4174=DIRECTION('',(0.E0,1.E0,0.E0));
#4175=DIRECTION('',(-1.E0,0.E0,0.E0));
#4176=AXIS2_PLACEMENT_3D('',#4173,#4174,#4175);
#4178=CARTESIAN_POINT('',(7.909101819535E-14,4.999999999994E-1,0.E0));
#4179=DIRECTION('',(0.E0,1.E0,0.E0));
#4180=DIRECTION('',(0.E0,0.E0,1.E0));
#4181=AXIS2_PLACEMENT_3D('',#4178,#4179,#4180);
#4183=DIRECTION('',(-7.071067811867E-1,7.071067811864E-1,2.223330073944E-9));
#4184=VECTOR('',#4183,7.071067811866E-1);
#4185=CARTESIAN_POINT('',(-4.35E1,3.694822225953E-13,-6.513103389097E-9));
#4186=LINE('',#4185,#4184);
#4187=CARTESIAN_POINT('',(7.909101819541E-14,5.000000000017E-1,0.E0));
#4188=DIRECTION('',(0.E0,1.E0,0.E0));
#4189=DIRECTION('',(1.E0,0.E0,-1.016405962799E-10));
#4190=AXIS2_PLACEMENT_3D('',#4187,#4188,#4189);
#4192=CARTESIAN_POINT('',(7.909101819541E-14,5.000000000017E-1,0.E0));
#4193=DIRECTION('',(0.E0,1.E0,0.E0));
#4194=DIRECTION('',(0.E0,0.E0,-1.E0));
#4195=AXIS2_PLACEMENT_3D('',#4192,#4193,#4194);
#4197=DIRECTION('',(7.071067811867E-1,7.071067811864E-1,-8.162339376920E-10));
#4198=VECTOR('',#4197,7.071067811865E-1);
#4199=CARTESIAN_POINT('',(4.35E1,3.694822225953E-13,-6.872706848923E-9));
#4200=LINE('',#4199,#4198);
#4201=DIRECTION('',(1.989519660129E-13,-1.E0,-3.293984670295E-9));
#4202=VECTOR('',#4201,1.5E0);
#4203=CARTESIAN_POINT('',(-4.4E1,2.E0,0.E0));
#4204=LINE('',#4203,#4202);
#4205=CARTESIAN_POINT('',(7.909101819541E-14,1.698197138467E-12,0.E0));
#4206=DIRECTION('',(0.E0,1.E0,0.E0));
#4207=DIRECTION('',(1.E0,0.E0,0.E0));
#4208=AXIS2_PLACEMENT_3D('',#4205,#4206,#4207);
#4210=CARTESIAN_POINT('',(7.909101819541E-14,1.698197138467E-12,0.E0));
#4211=DIRECTION('',(0.E0,1.E0,0.E0));
#4212=DIRECTION('',(0.E0,0.E0,-1.E0));
#4213=AXIS2_PLACEMENT_3D('',#4210,#4211,#4212);
#4215=CARTESIAN_POINT('',(7.909101819535E-14,-5.826450433233E-13,0.E0));
#4216=DIRECTION('',(0.E0,1.E0,0.E0));
#4217=DIRECTION('',(-1.E0,0.E0,0.E0));
#4218=AXIS2_PLACEMENT_3D('',#4215,#4216,#4217);
#4220=CARTESIAN_POINT('',(7.909101819535E-14,-5.826450433233E-13,0.E0));
#4221=DIRECTION('',(0.E0,1.E0,0.E0));
#4222=DIRECTION('',(0.E0,0.E0,1.E0));
#4223=AXIS2_PLACEMENT_3D('',#4220,#4221,#4222);
#4225=CARTESIAN_POINT('',(-3.526442342062E-14,1.790567694115E-12,0.E0));
#4226=DIRECTION('',(0.E0,-1.E0,0.E0));
#4227=DIRECTION('',(-1.E0,0.E0,0.E0));
#4228=AXIS2_PLACEMENT_3D('',#4225,#4226,#4227);
#4230=CARTESIAN_POINT('',(-3.526442342062E-14,1.790567694115E-12,0.E0));
#4231=DIRECTION('',(0.E0,-1.E0,0.E0));
#4232=DIRECTION('',(0.E0,0.E0,-1.E0));
#4233=AXIS2_PLACEMENT_3D('',#4230,#4231,#4232);
#4235=CARTESIAN_POINT('',(-3.526442342062E-14,1.790567694115E-12,0.E0));
#4236=DIRECTION('',(0.E0,-1.E0,0.E0));
#4237=DIRECTION('',(1.E0,0.E0,0.E0));
#4238=AXIS2_PLACEMENT_3D('',#4235,#4236,#4237);
#4240=CARTESIAN_POINT('',(-3.526442342062E-14,1.790567694115E-12,0.E0));
#4241=DIRECTION('',(0.E0,-1.E0,0.E0));
#4242=DIRECTION('',(0.E0,0.E0,1.E0));
#4243=AXIS2_PLACEMENT_3D('',#4240,#4241,#4242);
#4245=CARTESIAN_POINT('',(0.E0,2.131628207280E-14,4.125E1));
#4246=DIRECTION('',(0.E0,-1.E0,0.E0));
#4247=DIRECTION('',(-1.E0,0.E0,0.E0));
#4248=AXIS2_PLACEMENT_3D('',#4245,#4246,#4247);
#4250=CARTESIAN_POINT('',(0.E0,2.131628207280E-14,4.125E1));
#4251=DIRECTION('',(0.E0,-1.E0,0.E0));
#4252=DIRECTION('',(1.E0,0.E0,0.E0));
#4253=AXIS2_PLACEMENT_3D('',#4250,#4251,#4252);
#4255=CARTESIAN_POINT('',(-4.125E1,2.131628207280E-14,0.E0));
#4256=DIRECTION('',(0.E0,-1.E0,0.E0));
#4257=DIRECTION('',(0.E0,0.E0,-1.E0));
#4258=AXIS2_PLACEMENT_3D('',#4255,#4256,#4257);
#4260=CARTESIAN_POINT('',(-4.125E1,2.131628207280E-14,0.E0));
#4261=DIRECTION('',(0.E0,-1.E0,0.E0));
#4262=DIRECTION('',(0.E0,0.E0,1.E0));
#4263=AXIS2_PLACEMENT_3D('',#4260,#4261,#4262);
#4265=CARTESIAN_POINT('',(4.125E1,2.131628207280E-14,-1.262917011621E-14));
#4266=DIRECTION('',(0.E0,-1.E0,0.E0));
#4267=DIRECTION('',(0.E0,0.E0,1.E0));
#4268=AXIS2_PLACEMENT_3D('',#4265,#4266,#4267);
#4270=CARTESIAN_POINT('',(4.125E1,2.131628207280E-14,-1.262917011621E-14));
#4271=DIRECTION('',(0.E0,-1.E0,0.E0));
#4272=DIRECTION('',(0.E0,0.E0,-1.E0));
#4273=AXIS2_PLACEMENT_3D('',#4270,#4271,#4272);
#4275=CARTESIAN_POINT('',(-3.526442342062E-14,5.000000000018E-1,0.E0));
#4276=DIRECTION('',(0.E0,-1.E0,0.E0));
#4277=DIRECTION('',(-1.E0,0.E0,0.E0));
#4278=AXIS2_PLACEMENT_3D('',#4275,#4276,#4277);
#4280=CARTESIAN_POINT('',(-3.526442342062E-14,5.000000000018E-1,0.E0));
#4281=DIRECTION('',(0.E0,-1.E0,0.E0));
#4282=DIRECTION('',(0.E0,0.E0,-1.E0));
#4283=AXIS2_PLACEMENT_3D('',#4280,#4281,#4282);
#4285=DIRECTION('',(7.071067810907E-1,-7.071067810845E-1,1.672957536991E-5));
#4286=VECTOR('',#4285,7.071067812881E-1);
#4287=CARTESIAN_POINT('',(3.7E1,5.000000000009E-1,-1.182701074993E-5));
#4288=LINE('',#4287,#4286);
#4289=CARTESIAN_POINT('',(-3.526442342062E-14,5.000000000018E-1,0.E0));
#4290=DIRECTION('',(0.E0,-1.E0,0.E0));
#4291=DIRECTION('',(9.999999999998E-1,0.E0,-6.394012960323E-7));
#4292=AXIS2_PLACEMENT_3D('',#4289,#4290,#4291);
#4294=CARTESIAN_POINT('',(-3.526442342062E-14,5.000000000018E-1,0.E0));
#4295=DIRECTION('',(0.E0,-1.E0,0.E0));
#4296=DIRECTION('',(0.E0,0.E0,1.E0));
#4297=AXIS2_PLACEMENT_3D('',#4294,#4295,#4296);
#4299=DIRECTION('',(-7.071067811870E-1,-7.071067811861E-1,-9.506595372311E-10));
#4300=VECTOR('',#4299,7.071067811866E-1);
#4301=CARTESIAN_POINT('',(-3.7E1,5.000000000009E-1,-1.913224400017E-9));
#4302=LINE('',#4301,#4300);
#4303=DIRECTION('',(-7.152020323880E-14,1.E0,-1.293405864696E-7));
#4304=VECTOR('',#4303,3.05E1);
#4305=CARTESIAN_POINT('',(3.7E1,5.000000000009E-1,-1.182701074993E-5));
#4306=LINE('',#4305,#4304);
#4307=DIRECTION('',(-5.413375374016E-9,1.E0,-1.536695611416E-10));
#4308=VECTOR('',#4307,7.499999512739E0);
#4309=CARTESIAN_POINT('',(-1.049894355878E0,2.35E1,3.698510086330E1));
#4310=LINE('',#4309,#4308);
#4311=DIRECTION('',(2.912060392460E-14,1.E0,6.272870916082E-11));
#4312=VECTOR('',#4311,3.05E1);
#4313=CARTESIAN_POINT('',(-3.7E1,5.000000000009E-1,-1.913224400017E-9));
#4314=LINE('',#4313,#4312);
#4315=CARTESIAN_POINT('',(-1.317131202936E-13,3.1E1,4.618527782441E-14));
#4316=DIRECTION('',(0.E0,1.E0,0.E0));
#4317=DIRECTION('',(9.999999999998E-1,0.E0,-6.394012972806E-7));
#4318=AXIS2_PLACEMENT_3D('',#4315,#4316,#4317);
#4320=CARTESIAN_POINT('',(-1.317131202936E-13,3.1E1,4.618527782441E-14));
#4321=DIRECTION('',(0.E0,1.E0,0.E0));
#4322=DIRECTION('',(0.E0,0.E0,-1.E0));
#4323=AXIS2_PLACEMENT_3D('',#4320,#4321,#4322);
#4325=CARTESIAN_POINT('',(-1.317131202936E-13,3.1E1,4.618527782441E-14));
#4326=DIRECTION('',(0.E0,1.E0,0.E0));
#4327=DIRECTION('',(-1.E0,0.E0,0.E0));
#4328=AXIS2_PLACEMENT_3D('',#4325,#4326,#4327);
#4330=CARTESIAN_POINT('',(-1.317131202936E-13,3.1E1,4.618527782441E-14));
#4331=DIRECTION('',(0.E0,1.E0,0.E0));
#4332=DIRECTION('',(2.837552706419E-2,0.E0,9.995973336618E-1));
#4333=AXIS2_PLACEMENT_3D('',#4330,#4331,#4332);
#4335=CARTESIAN_POINT('',(-9.294555146123E-1,3.15E1,3.748847972973E1));
#4336=CARTESIAN_POINT('',(-9.562121222796E-1,3.144976764159E1,
3.743756855566E1));
#4337=CARTESIAN_POINT('',(-1.001248033127E0,3.134500884506E1,3.733158935660E1));
#4338=CARTESIAN_POINT('',(-1.042231957214E0,3.117723284312E1,3.716263406622E1));
#4339=CARTESIAN_POINT('',(-1.050742491351E0,3.105975814303E1,3.704485949009E1));
#4340=CARTESIAN_POINT('',(-1.049894396478E0,3.099999951274E1,3.698510086215E1));
#4342=DIRECTION('',(5.518521853890E-9,1.E0,-1.566519461509E-10));
#4343=VECTOR('',#4342,7.499999507665E0);
#4344=CARTESIAN_POINT('',(1.049894356692E0,2.35E1,3.698510085821E1));
#4345=LINE('',#4344,#4343);
#4346=CARTESIAN_POINT('',(1.049894398081E0,3.099999950767E1,3.698510085704E1));
#4347=CARTESIAN_POINT('',(1.050742407573E0,3.105975206089E1,3.704485340788E1));
#4348=CARTESIAN_POINT('',(1.042232607893E0,3.117721822022E1,3.716261939584E1));
#4349=CARTESIAN_POINT('',(1.001261979763E0,3.134496526374E1,3.733154630314E1));
#4350=CARTESIAN_POINT('',(9.562215979134E-1,3.144974985221E1,3.743755052589E1));
#4351=CARTESIAN_POINT('',(9.294555146122E-1,3.15E1,3.748847972973E1));
#4353=CARTESIAN_POINT('',(0.E0,2.35E1,0.E0));
#4354=DIRECTION('',(0.E0,1.E0,0.E0));
#4355=DIRECTION('',(-2.837552148127E-2,0.E0,9.995973338203E-1));
#4356=AXIS2_PLACEMENT_3D('',#4353,#4354,#4355);
#4358=CARTESIAN_POINT('',(0.E0,2.35E1,3.7E1));
#4359=DIRECTION('',(0.E0,-1.E0,0.E0));
#4360=DIRECTION('',(9.998993283877E-1,0.E0,-1.418918918918E-2));
#4361=AXIS2_PLACEMENT_3D('',#4358,#4359,#4360);
#4363=CARTESIAN_POINT('',(0.E0,2.35E1,3.7E1));
#4364=DIRECTION('',(0.E0,-1.E0,0.E0));
#4365=DIRECTION('',(0.E0,0.E0,1.E0));
#4366=AXIS2_PLACEMENT_3D('',#4363,#4364,#4365);
#4368=DIRECTION('',(0.E0,1.E0,0.E0));
#4369=VECTOR('',#4368,3.2E0);
#4370=CARTESIAN_POINT('',(-1.25E0,0.E0,4.125E1));
#4371=LINE('',#4370,#4369);
#4372=DIRECTION('',(0.E0,1.E0,0.E0));
#4373=VECTOR('',#4372,3.2E0);
#4374=CARTESIAN_POINT('',(1.25E0,0.E0,4.125E1));
#4375=LINE('',#4374,#4373);
#4376=CARTESIAN_POINT('',(5.000000000002E-1,3.2E0,4.199702370407E1));
#4377=DIRECTION('',(0.E0,-1.E0,0.E0));
#4378=DIRECTION('',(1.E0,0.E0,7.638334409421E-13));
#4379=AXIS2_PLACEMENT_3D('',#4376,#4377,#4378);
#4381=CARTESIAN_POINT('',(0.E0,3.2E0,0.E0));
#4382=DIRECTION('',(0.E0,-1.E0,0.E0));
#4383=DIRECTION('',(1.190476190520E-2,0.E0,9.999291358111E-1));
#4384=AXIS2_PLACEMENT_3D('',#4381,#4382,#4383);
#4386=CARTESIAN_POINT('',(-4.999999999998E-1,3.2E0,4.199702370407E1));
#4387=DIRECTION('',(0.E0,-1.E0,0.E0));
#4388=DIRECTION('',(-1.190476191437E-2,0.E0,9.999291358110E-1));
#4389=AXIS2_PLACEMENT_3D('',#4386,#4387,#4388);
#4391=DIRECTION('',(-7.064636564684E-14,0.E0,-1.E0));
#4392=VECTOR('',#4391,9.429130694495E-1);
#4393=CARTESIAN_POINT('',(-2.5E0,3.2E0,4.199702370407E1));
#4394=LINE('',#4393,#4392);
#4395=CARTESIAN_POINT('',(-4.5E0,3.2E0,4.105411063462E1));
#4396=DIRECTION('',(0.E0,1.E0,0.E0));
#4397=DIRECTION('',(1.E0,0.E0,0.E0));
#4398=AXIS2_PLACEMENT_3D('',#4395,#4396,#4397);
#4400=CARTESIAN_POINT('',(0.E0,3.2E0,0.E0));
#4401=DIRECTION('',(0.E0,1.E0,0.E0));
#4402=DIRECTION('',(-1.089588377717E-1,0.E0,9.940462623397E-1));
#4403=AXIS2_PLACEMENT_3D('',#4400,#4401,#4402);
#4405=CARTESIAN_POINT('',(4.5E0,3.2E0,4.105411063462E1));
#4406=DIRECTION('',(0.E0,1.E0,0.E0));
#4407=DIRECTION('',(-1.089588377874E-1,0.E0,-9.940462623379E-1));
#4408=AXIS2_PLACEMENT_3D('',#4405,#4406,#4407);
#4410=DIRECTION('',(7.017538987578E-14,0.E0,1.E0));
#4411=VECTOR('',#4410,9.429130694505E-1);
#4412=CARTESIAN_POINT('',(2.5E0,3.2E0,4.105411063462E1));
#4413=LINE('',#4412,#4411);
#4414=CARTESIAN_POINT('',(0.E0,3.2E0,4.125E1));
#4415=DIRECTION('',(0.E0,1.E0,0.E0));
#4416=DIRECTION('',(1.E0,0.E0,0.E0));
#4417=AXIS2_PLACEMENT_3D('',#4414,#4415,#4416);
#4419=CARTESIAN_POINT('',(0.E0,3.2E0,4.125E1));
#4420=DIRECTION('',(0.E0,1.E0,0.E0));
#4421=DIRECTION('',(-1.E0,0.E0,0.E0));
#4422=AXIS2_PLACEMENT_3D('',#4419,#4420,#4421);
#4424=DIRECTION('',(-4.759156032226E-12,1.E0,6.868579779014E-13));
#4425=VECTOR('',#4424,1.2E0);
#4426=CARTESIAN_POINT('',(5.238095238218E-1,2.E0,4.399688197569E1));
#4427=LINE('',#4426,#4425);
#4428=DIRECTION('',(0.E0,-1.E0,0.E0));
#4429=VECTOR('',#4428,1.2E0);
#4430=CARTESIAN_POINT('',(2.5E0,3.2E0,4.199702370407E1));
#4431=LINE('',#4430,#4429);
#4432=DIRECTION('',(7.017538987578E-14,0.E0,1.E0));
#4433=VECTOR('',#4432,9.429130694505E-1);
#4434=CARTESIAN_POINT('',(2.5E0,2.E0,4.105411063462E1));
#4435=LINE('',#4434,#4433);
#4436=DIRECTION('',(-1.199336926068E-11,-1.E0,2.865855700899E-12));
#4437=VECTOR('',#4436,1.2E0);
#4438=CARTESIAN_POINT('',(4.282082324445E0,3.2E0,3.906601810994E1));
#4439=LINE('',#4438,#4437);
#4440=DIRECTION('',(0.E0,1.E0,0.E0));
#4441=VECTOR('',#4440,1.2E0);
#4442=CARTESIAN_POINT('',(2.5E0,2.E0,4.105411063462E1));
#4443=LINE('',#4442,#4441);
#4444=DIRECTION('',(0.E0,-1.E0,0.E0));
#4445=VECTOR('',#4444,4.3E0);
#4446=CARTESIAN_POINT('',(3.93E1,7.5E0,0.E0));
#4447=LINE('',#4446,#4445);
#4448=DIRECTION('',(-2.629008122312E-12,-1.E0,-1.097492467276E-11));
#4449=VECTOR('',#4448,1.2E0);
#4450=CARTESIAN_POINT('',(-3.906601810994E1,3.2E0,4.282082324444E0));
#4451=LINE('',#4450,#4449);
#4452=DIRECTION('',(0.E0,1.E0,0.E0));
#4453=VECTOR('',#4452,1.2E0);
#4454=CARTESIAN_POINT('',(-4.105411063462E1,2.E0,2.5E0));
#4455=LINE('',#4454,#4453);
#4456=CARTESIAN_POINT('',(0.E0,2.E0,0.E0));
#4457=DIRECTION('',(0.E0,-1.E0,0.E0));
#4458=DIRECTION('',(-1.190476190558E-2,0.E0,9.999291358111E-1));
#4459=AXIS2_PLACEMENT_3D('',#4456,#4457,#4458);
#4461=CARTESIAN_POINT('',(-4.199702370407E1,2.E0,5.000000000002E-1));
#4462=DIRECTION('',(0.E0,1.E0,0.E0));
#4463=DIRECTION('',(-9.999291358109E-1,0.E0,1.190476192298E-2));
#4464=AXIS2_PLACEMENT_3D('',#4461,#4462,#4463);
#4466=CARTESIAN_POINT('',(-4.105411063462E1,2.E0,4.5E0));
#4467=DIRECTION('',(0.E0,-1.E0,0.E0));
#4468=DIRECTION('',(0.E0,0.E0,-1.E0));
#4469=AXIS2_PLACEMENT_3D('',#4466,#4467,#4468);
#4471=CARTESIAN_POINT('',(0.E0,2.E0,0.E0));
#4472=DIRECTION('',(0.E0,1.E0,0.E0));
#4473=DIRECTION('',(-9.940462623398E-1,0.E0,1.089588377705E-1));
#4474=AXIS2_PLACEMENT_3D('',#4471,#4472,#4473);
#4476=CARTESIAN_POINT('',(-4.5E0,2.E0,4.105411063462E1));
#4477=DIRECTION('',(0.E0,-1.E0,0.E0));
#4478=DIRECTION('',(1.089588378108E-1,0.E0,-9.940462623354E-1));
#4479=AXIS2_PLACEMENT_3D('',#4476,#4477,#4478);
#4481=CARTESIAN_POINT('',(-4.999999999998E-1,2.E0,4.199702370407E1));
#4482=DIRECTION('',(0.E0,1.E0,0.E0));
#4483=DIRECTION('',(-1.E0,0.E0,-7.638334409421E-13));
#4484=AXIS2_PLACEMENT_3D('',#4481,#4482,#4483);
#4486=DIRECTION('',(-1.E0,0.E0,7.017538987578E-14));
#4487=VECTOR('',#4486,9.429130694505E-1);
#4488=CARTESIAN_POINT('',(-4.105411063462E1,2.E0,2.5E0));
#4489=LINE('',#4488,#4487);
#4490=DIRECTION('',(-1.313911942210E-11,1.E0,-3.055333763768E-12));
#4491=VECTOR('',#4490,1.2E0);
#4492=CARTESIAN_POINT('',(-4.282082324430E0,2.E0,3.906601810995E1));
#4493=LINE('',#4492,#4491);
#4494=DIRECTION('',(0.E0,-1.E0,0.E0));
#4495=VECTOR('',#4494,1.2E0);
#4496=CARTESIAN_POINT('',(-2.5E0,3.2E0,4.105411063462E1));
#4497=LINE('',#4496,#4495);
#4498=DIRECTION('',(-7.064636564684E-14,0.E0,-1.E0));
#4499=VECTOR('',#4498,9.429130694495E-1);
#4500=CARTESIAN_POINT('',(-2.5E0,2.E0,4.199702370407E1));
#4501=LINE('',#4500,#4499);
#4502=DIRECTION('',(0.E0,1.E0,0.E0));
#4503=VECTOR('',#4502,1.2E0);
#4504=CARTESIAN_POINT('',(-2.5E0,2.E0,4.199702370407E1));
#4505=LINE('',#4504,#4503);
#4506=DIRECTION('',(-1.E0,0.E0,7.064636564684E-14));
#4507=VECTOR('',#4506,9.429130694495E-1);
#4508=CARTESIAN_POINT('',(4.199702370407E1,3.2E0,2.5E0));
#4509=LINE('',#4508,#4507);
#4510=CARTESIAN_POINT('',(4.105411063462E1,3.2E0,4.5E0));
#4511=DIRECTION('',(0.E0,1.E0,0.E0));
#4512=DIRECTION('',(0.E0,0.E0,-1.E0));
#4513=AXIS2_PLACEMENT_3D('',#4510,#4511,#4512);
#4515=CARTESIAN_POINT('',(0.E0,3.2E0,0.E0));
#4516=DIRECTION('',(0.E0,1.E0,0.E0));
#4517=DIRECTION('',(9.940462623397E-1,0.E0,1.089588377716E-1));
#4518=AXIS2_PLACEMENT_3D('',#4515,#4516,#4517);
#4520=CARTESIAN_POINT('',(0.E0,3.2E0,0.E0));
#4521=DIRECTION('',(0.E0,1.E0,0.E0));
#4522=DIRECTION('',(1.E0,0.E0,0.E0));
#4523=AXIS2_PLACEMENT_3D('',#4520,#4521,#4522);
#4525=CARTESIAN_POINT('',(4.105411063462E1,3.2E0,-4.5E0));
#4526=DIRECTION('',(0.E0,1.E0,0.E0));
#4527=DIRECTION('',(-9.940462623377E-1,0.E0,1.089588377892E-1));
#4528=AXIS2_PLACEMENT_3D('',#4525,#4526,#4527);
#4530=DIRECTION('',(1.E0,0.E0,-7.017538987578E-14));
#4531=VECTOR('',#4530,9.429130694505E-1);
#4532=CARTESIAN_POINT('',(4.105411063462E1,3.2E0,-2.5E0));
#4533=LINE('',#4532,#4531);
#4534=CARTESIAN_POINT('',(4.199702370407E1,3.2E0,-5.000000000002E-1));
#4535=DIRECTION('',(0.E0,-1.E0,0.E0));
#4536=DIRECTION('',(7.638334409421E-13,0.E0,-1.E0));
#4537=AXIS2_PLACEMENT_3D('',#4534,#4535,#4536);
#4539=CARTESIAN_POINT('',(0.E0,3.2E0,0.E0));
#4540=DIRECTION('',(0.E0,-1.E0,0.E0));
#4541=DIRECTION('',(9.999291358111E-1,0.E0,-1.190476190521E-2));
#4542=AXIS2_PLACEMENT_3D('',#4539,#4540,#4541);
#4544=CARTESIAN_POINT('',(0.E0,3.2E0,0.E0));
#4545=DIRECTION('',(0.E0,-1.E0,0.E0));
#4546=DIRECTION('',(1.E0,0.E0,0.E0));
#4547=AXIS2_PLACEMENT_3D('',#4544,#4545,#4546);
#4549=CARTESIAN_POINT('',(4.199702370407E1,3.2E0,4.999999999998E-1));
#4550=DIRECTION('',(0.E0,-1.E0,0.E0));
#4551=DIRECTION('',(9.999291358110E-1,0.E0,1.190476191451E-2));
#4552=AXIS2_PLACEMENT_3D('',#4549,#4550,#4551);
#4554=CARTESIAN_POINT('',(4.125E1,3.2E0,-1.262917011621E-14));
#4555=DIRECTION('',(0.E0,1.E0,0.E0));
#4556=DIRECTION('',(0.E0,0.E0,-1.E0));
#4557=AXIS2_PLACEMENT_3D('',#4554,#4555,#4556);
#4559=CARTESIAN_POINT('',(4.125E1,3.2E0,-1.262917011621E-14));
#4560=DIRECTION('',(0.E0,1.E0,0.E0));
#4561=DIRECTION('',(0.E0,0.E0,1.E0));
#4562=AXIS2_PLACEMENT_3D('',#4559,#4560,#4561);
#4564=CARTESIAN_POINT('',(0.E0,2.E0,0.E0));
#4565=DIRECTION('',(0.E0,-1.E0,0.E0));
#4566=DIRECTION('',(9.999291358111E-1,0.E0,1.190476190558E-2));
#4567=AXIS2_PLACEMENT_3D('',#4564,#4565,#4566);
#4569=CARTESIAN_POINT('',(5.000000000002E-1,2.E0,4.199702370407E1));
#4570=DIRECTION('',(0.E0,1.E0,0.E0));
#4571=DIRECTION('',(1.190476192298E-2,0.E0,9.999291358109E-1));
#4572=AXIS2_PLACEMENT_3D('',#4569,#4570,#4571);
#4574=CARTESIAN_POINT('',(4.5E0,2.E0,4.105411063462E1));
#4575=DIRECTION('',(0.E0,-1.E0,0.E0));
#4576=DIRECTION('',(-1.E0,0.E0,0.E0));
#4577=AXIS2_PLACEMENT_3D('',#4574,#4575,#4576);
#4579=CARTESIAN_POINT('',(0.E0,2.E0,0.E0));
#4580=DIRECTION('',(0.E0,1.E0,0.E0));
#4581=DIRECTION('',(1.089588377705E-1,0.E0,9.940462623398E-1));
#4582=AXIS2_PLACEMENT_3D('',#4579,#4580,#4581);
#4584=CARTESIAN_POINT('',(4.105411063462E1,2.E0,4.5E0));
#4585=DIRECTION('',(0.E0,-1.E0,0.E0));
#4586=DIRECTION('',(-9.940462623354E-1,0.E0,-1.089588378108E-1));
#4587=AXIS2_PLACEMENT_3D('',#4584,#4585,#4586);
#4589=DIRECTION('',(1.E0,0.E0,-7.064636564684E-14));
#4590=VECTOR('',#4589,9.429130694495E-1);
#4591=CARTESIAN_POINT('',(4.105411063462E1,2.E0,2.5E0));
#4592=LINE('',#4591,#4590);
#4593=CARTESIAN_POINT('',(4.199702370407E1,2.E0,4.999999999998E-1));
#4594=DIRECTION('',(0.E0,1.E0,0.E0));
#4595=DIRECTION('',(-7.638334409421E-13,0.E0,1.E0));
#4596=AXIS2_PLACEMENT_3D('',#4593,#4594,#4595);
#4598=DIRECTION('',(-2.818486185182E-12,1.E0,1.213177706442E-11));
#4599=VECTOR('',#4598,1.2E0);
#4600=CARTESIAN_POINT('',(3.906601810995E1,2.E0,4.282082324430E0));
#4601=LINE('',#4600,#4599);
#4602=DIRECTION('',(0.E0,-1.E0,0.E0));
#4603=VECTOR('',#4602,1.2E0);
#4604=CARTESIAN_POINT('',(4.105411063462E1,3.2E0,2.5E0));
#4605=LINE('',#4604,#4603);
#4606=DIRECTION('',(0.E0,1.E0,0.E0));
#4607=VECTOR('',#4606,1.2E0);
#4608=CARTESIAN_POINT('',(4.199702370407E1,2.E0,2.5E0));
#4609=LINE('',#4608,#4607);
#4610=DIRECTION('',(2.629008122312E-12,-1.E0,1.097196407803E-11));
#4611=VECTOR('',#4610,1.2E0);
#4612=CARTESIAN_POINT('',(3.906601810994E1,3.2E0,-4.282082324444E0));
#4613=LINE('',#4612,#4611);
#4614=DIRECTION('',(0.E0,1.E0,0.E0));
#4615=VECTOR('',#4614,1.2E0);
#4616=CARTESIAN_POINT('',(4.105411063462E1,2.E0,-2.5E0));
#4617=LINE('',#4616,#4615);
#4618=DIRECTION('',(1.E0,0.E0,-7.017538987578E-14));
#4619=VECTOR('',#4618,9.429130694505E-1);
#4620=CARTESIAN_POINT('',(4.105411063462E1,2.E0,-2.5E0));
#4621=LINE('',#4620,#4619);
#4622=DIRECTION('',(6.750155989721E-13,1.E0,2.225349534276E-12));
#4623=VECTOR('',#4622,1.2E0);
#4624=CARTESIAN_POINT('',(4.399688197569E1,2.E0,-5.238095238189E-1));
#4625=LINE('',#4624,#4623);
#4626=DIRECTION('',(0.E0,-1.E0,0.E0));
#4627=VECTOR('',#4626,1.2E0);
#4628=CARTESIAN_POINT('',(4.199702370407E1,3.2E0,-2.5E0));
#4629=LINE('',#4628,#4627);
#4630=DIRECTION('',(0.E0,1.E0,0.E0));
#4631=VECTOR('',#4630,3.2E0);
#4632=CARTESIAN_POINT('',(4.125E1,0.E0,1.25E0));
#4633=LINE('',#4632,#4631);
#4634=DIRECTION('',(0.E0,1.E0,0.E0));
#4635=VECTOR('',#4634,3.2E0);
#4636=CARTESIAN_POINT('',(4.125E1,0.E0,-1.25E0));
#4637=LINE('',#4636,#4635);
#4638=DIRECTION('',(0.E0,1.E0,0.E0));
#4639=VECTOR('',#4638,3.2E0);
#4640=CARTESIAN_POINT('',(-4.125E1,0.E0,-1.25E0));
#4641=LINE('',#4640,#4639);
#4642=DIRECTION('',(0.E0,1.E0,0.E0));
#4643=VECTOR('',#4642,3.2E0);
#4644=CARTESIAN_POINT('',(-4.125E1,0.E0,1.25E0));
#4645=LINE('',#4644,#4643);
#4646=CARTESIAN_POINT('',(-9.649727609116E-13,3.149999999999E1,
3.849999999999E1));
#4647=CARTESIAN_POINT('',(-9.173064150711E-1,3.149999999999E1,
-3.848907051282E1));
#4648=VERTEX_POINT('',#4646);
#4649=VERTEX_POINT('',#4647);
#4650=CARTESIAN_POINT('',(9.173064150712E-1,3.149999999999E1,
-3.848907051282E1));
#4651=VERTEX_POINT('',#4650);
#4652=CARTESIAN_POINT('',(-1.378844441659E-13,3.15E1,-3.75E1));
#4653=CARTESIAN_POINT('',(-9.294555146123E-1,3.15E1,3.748847972973E1));
#4654=VERTEX_POINT('',#4652);
#4655=VERTEX_POINT('',#4653);
#4656=CARTESIAN_POINT('',(9.294555146122E-1,3.15E1,3.748847972973E1));
#4657=VERTEX_POINT('',#4656);
#4658=CARTESIAN_POINT('',(0.E0,3.15E1,3.805E1));
#4659=VERTEX_POINT('',#4658);
#4660=CARTESIAN_POINT('',(-9.627266505375E-13,3.1E1,3.899999999999E1));
#4661=CARTESIAN_POINT('',(-3.9E1,3.1E1,0.E0));
#4662=VERTEX_POINT('',#4660);
#4663=VERTEX_POINT('',#4661);
#4664=CARTESIAN_POINT('',(3.899999999999E1,3.099999999999E1,1.486204186707E-5));
#4665=VERTEX_POINT('',#4664);
#4666=CARTESIAN_POINT('',(-1.049904678804E0,3.1E1,-3.898586538946E1));
#4667=VERTEX_POINT('',#4666);
#4668=VERTEX_POINT('',#3983);
#4669=CARTESIAN_POINT('',(3.9E1,7.5E0,9.908027911378E-6));
#4670=VERTEX_POINT('',#4669);
#4671=CARTESIAN_POINT('',(-3.9E1,7.5E0,0.E0));
#4672=VERTEX_POINT('',#4671);
#4673=CARTESIAN_POINT('',(1.049904858855E0,1.95E1,-3.898586538461E1));
#4674=VERTEX_POINT('',#4673);
#4675=CARTESIAN_POINT('',(-1.049904858855E0,1.95E1,-3.898586538462E1));
#4676=VERTEX_POINT('',#4675);
#4677=CARTESIAN_POINT('',(-3.93E1,7.5E0,0.E0));
#4678=CARTESIAN_POINT('',(3.93E1,7.5E0,0.E0));
#4679=VERTEX_POINT('',#4677);
#4680=VERTEX_POINT('',#4678);
#4681=CARTESIAN_POINT('',(-3.906601810995E1,2.E0,-4.282082324430E0));
#4682=CARTESIAN_POINT('',(-3.906601810994E1,3.2E0,-4.282082324444E0));
#4683=VERTEX_POINT('',#4681);
#4684=VERTEX_POINT('',#4682);
#4685=CARTESIAN_POINT('',(3.906601810995E1,2.E0,-4.282082324382E0));
#4686=VERTEX_POINT('',#4685);
#4687=CARTESIAN_POINT('',(3.906601810994E1,3.2E0,-4.282082324444E0));
#4688=VERTEX_POINT('',#4687);
#4689=CARTESIAN_POINT('',(3.93E1,3.2E0,0.E0));
#4690=VERTEX_POINT('',#4689);
#4691=CARTESIAN_POINT('',(-3.93E1,3.2E0,0.E0));
#4692=VERTEX_POINT('',#4691);
#4693=CARTESIAN_POINT('',(-4.105411063462E1,2.E0,-2.5E0));
#4694=VERTEX_POINT('',#4693);
#4695=CARTESIAN_POINT('',(-4.105411063462E1,3.2E0,-2.5E0));
#4696=VERTEX_POINT('',#4695);
#4697=CARTESIAN_POINT('',(4.399688197569E1,2.E0,5.238095238454E-1));
#4698=CARTESIAN_POINT('',(5.238095238461E-1,2.E0,4.399688197569E1));
#4699=VERTEX_POINT('',#4697);
#4700=VERTEX_POINT('',#4698);
#4701=CARTESIAN_POINT('',(2.5E0,2.E0,4.199702370407E1));
#4702=VERTEX_POINT('',#4701);
#4703=CARTESIAN_POINT('',(2.5E0,2.E0,4.105411063462E1));
#4704=VERTEX_POINT('',#4703);
#4705=CARTESIAN_POINT('',(4.282082324381E0,2.E0,3.906601810995E1));
#4706=VERTEX_POINT('',#4705);
#4707=CARTESIAN_POINT('',(3.906601810995E1,2.E0,4.282082324379E0));
#4708=VERTEX_POINT('',#4707);
#4709=CARTESIAN_POINT('',(4.105411063462E1,2.E0,2.5E0));
#4710=VERTEX_POINT('',#4709);
#4711=CARTESIAN_POINT('',(4.199702370407E1,2.E0,2.5E0));
#4712=VERTEX_POINT('',#4711);
#4713=CARTESIAN_POINT('',(-5.238095238454E-1,2.E0,4.399688197569E1));
#4714=CARTESIAN_POINT('',(-4.399688197569E1,2.E0,5.238095238461E-1));
#4715=VERTEX_POINT('',#4713);
#4716=VERTEX_POINT('',#4714);
#4717=CARTESIAN_POINT('',(-4.199702370407E1,2.E0,2.5E0));
#4718=VERTEX_POINT('',#4717);
#4719=CARTESIAN_POINT('',(-4.105411063462E1,2.E0,2.5E0));
#4720=VERTEX_POINT('',#4719);
#4721=CARTESIAN_POINT('',(-3.906601810995E1,2.E0,4.282082324381E0));
#4722=VERTEX_POINT('',#4721);
#4723=CARTESIAN_POINT('',(-4.282082324379E0,2.E0,3.906601810995E1));
#4724=VERTEX_POINT('',#4723);
#4725=CARTESIAN_POINT('',(-2.5E0,2.E0,4.105411063462E1));
#4726=VERTEX_POINT('',#4725);
#4727=CARTESIAN_POINT('',(-2.5E0,2.E0,4.199702370407E1));
#4728=VERTEX_POINT('',#4727);
#4729=CARTESIAN_POINT('',(-4.199702370407E1,2.E0,-2.5E0));
#4730=VERTEX_POINT('',#4729);
#4731=CARTESIAN_POINT('',(-4.399688197569E1,2.E0,-5.238095238456E-1));
#4732=VERTEX_POINT('',#4731);
#4733=CARTESIAN_POINT('',(4.399688197569E1,2.E0,-5.238095238464E-1));
#4734=VERTEX_POINT('',#4733);
#4735=CARTESIAN_POINT('',(4.199702370407E1,2.E0,-2.5E0));
#4736=VERTEX_POINT('',#4735);
#4737=CARTESIAN_POINT('',(4.105411063462E1,2.E0,-2.5E0));
#4738=VERTEX_POINT('',#4737);
#4739=CARTESIAN_POINT('',(-4.4E1,4.999999999994E-1,1.077689183250E-14));
#4740=CARTESIAN_POINT('',(1.262535375365E-13,4.999999999994E-1,4.4E1));
#4741=VERTEX_POINT('',#4739);
#4742=VERTEX_POINT('',#4740);
#4743=CARTESIAN_POINT('',(4.4E1,4.999999999994E-1,-4.472185304999E-9));
#4744=VERTEX_POINT('',#4743);
#4745=CARTESIAN_POINT('',(-4.4E1,2.E0,0.E0));
#4746=VERTEX_POINT('',#4745);
#4747=CARTESIAN_POINT('',(-4.399688197569E1,3.2E0,-5.238095238158E-1));
#4748=VERTEX_POINT('',#4747);
#4749=CARTESIAN_POINT('',(-4.4E1,3.2E0,0.E0));
#4750=VERTEX_POINT('',#4749);
#4751=CARTESIAN_POINT('',(-4.399688197569E1,3.2E0,5.238095238292E-1));
#4752=VERTEX_POINT('',#4751);
#4753=CARTESIAN_POINT('',(-5.238095238157E-1,3.2E0,4.399688197569E1));
#4754=VERTEX_POINT('',#4753);
#4755=CARTESIAN_POINT('',(5.238095238290E-1,3.2E0,4.399688197569E1));
#4756=VERTEX_POINT('',#4755);
#4757=CARTESIAN_POINT('',(4.399688197569E1,3.2E0,5.238095238158E-1));
#4758=VERTEX_POINT('',#4757);
#4759=CARTESIAN_POINT('',(4.4E1,3.2E0,0.E0));
#4760=VERTEX_POINT('',#4759);
#4761=CARTESIAN_POINT('',(4.399688197569E1,3.2E0,-5.238095238292E-1));
#4762=VERTEX_POINT('',#4761);
#4763=CARTESIAN_POINT('',(4.4E1,2.E0,-4.472186287963E-9));
#4764=VERTEX_POINT('',#4763);
#4765=CARTESIAN_POINT('',(4.35E1,3.694822225953E-13,-6.872706848923E-9));
#4766=VERTEX_POINT('',#4765);
#4767=CARTESIAN_POINT('',(-4.35E1,-5.826450433233E-13,0.E0));
#4768=CARTESIAN_POINT('',(1.317172164734E-13,-5.826450433233E-13,4.35E1));
#4769=VERTEX_POINT('',#4767);
#4770=VERTEX_POINT('',#4768);
#4771=CARTESIAN_POINT('',(1.350165709291E-13,5.000000000017E-1,-4.4E1));
#4772=VERTEX_POINT('',#4771);
#4773=CARTESIAN_POINT('',(1.423721036882E-13,1.698197138467E-12,-4.35E1));
#4774=VERTEX_POINT('',#4773);
#4775=CARTESIAN_POINT('',(-3.301413492721E-14,1.790567694115E-12,-3.75E1));
#4776=CARTESIAN_POINT('',(3.75E1,1.790567694115E-12,0.E0));
#4777=VERTEX_POINT('',#4775);
#4778=VERTEX_POINT('',#4776);
#4779=CARTESIAN_POINT('',(-3.75E1,1.790567694115E-12,0.E0));
#4780=VERTEX_POINT('',#4779);
#4781=CARTESIAN_POINT('',(-3.760656042401E-14,1.790567694115E-12,3.75E1));
#4782=VERTEX_POINT('',#4781);
#4783=CARTESIAN_POINT('',(-1.25E0,2.131628207280E-14,4.125E1));
#4784=CARTESIAN_POINT('',(1.25E0,2.131628207280E-14,4.125E1));
#4785=VERTEX_POINT('',#4783);
#4786=VERTEX_POINT('',#4784);
#4787=CARTESIAN_POINT('',(-4.125E1,2.131628207280E-14,-1.25E0));
#4788=CARTESIAN_POINT('',(-4.125E1,2.131628207280E-14,1.25E0));
#4789=VERTEX_POINT('',#4787);
#4790=VERTEX_POINT('',#4788);
#4791=CARTESIAN_POINT('',(4.125E1,2.131628207280E-14,1.25E0));
#4792=CARTESIAN_POINT('',(4.125E1,2.131628207280E-14,-1.25E0));
#4793=VERTEX_POINT('',#4791);
#4794=VERTEX_POINT('',#4792);
#4795=CARTESIAN_POINT('',(-3.7E1,5.000000000009E-1,-1.913224400017E-9));
#4796=VERTEX_POINT('',#4795);
#4797=CARTESIAN_POINT('',(-4.334384848955E-14,5.000000000018E-1,-3.7E1));
#4798=CARTESIAN_POINT('',(3.699999999999E1,5.000000000018E-1,
-2.365784795079E-5));
#4799=VERTEX_POINT('',#4797);
#4800=VERTEX_POINT('',#4798);
#4801=CARTESIAN_POINT('',(-2.606581179364E-14,5.000000000018E-1,3.7E1));
#4802=VERTEX_POINT('',#4801);
#4803=CARTESIAN_POINT('',(3.699999999999E1,3.1E1,-1.577189863726E-5));
#4804=VERTEX_POINT('',#4803);
#4805=CARTESIAN_POINT('',(1.049894501375E0,3.1E1,3.698510134549E1));
#4806=VERTEX_POINT('',#4805);
#4807=CARTESIAN_POINT('',(1.049894356692E0,2.35E1,3.698510085821E1));
#4808=VERTEX_POINT('',#4807);
#4809=CARTESIAN_POINT('',(-1.049894294807E0,2.35E1,3.698510135135E1));
#4810=VERTEX_POINT('',#4809);
#4811=CARTESIAN_POINT('',(-1.049894396478E0,3.099999951274E1,3.698510086215E1));
#4812=VERTEX_POINT('',#4811);
#4813=CARTESIAN_POINT('',(-3.7E1,3.1E1,0.E0));
#4814=VERTEX_POINT('',#4813);
#4815=CARTESIAN_POINT('',(-1.473013047911E-13,3.1E1,-3.7E1));
#4816=VERTEX_POINT('',#4815);
#4817=CARTESIAN_POINT('',(0.E0,2.35E1,3.805E1));
#4818=VERTEX_POINT('',#4817);
#4819=CARTESIAN_POINT('',(-1.25E0,3.2E0,4.125E1));
#4820=VERTEX_POINT('',#4819);
#4821=CARTESIAN_POINT('',(1.25E0,3.2E0,4.125E1));
#4822=VERTEX_POINT('',#4821);
#4823=CARTESIAN_POINT('',(2.5E0,3.2E0,4.199702370407E1));
#4824=VERTEX_POINT('',#4823);
#4825=CARTESIAN_POINT('',(-2.5E0,3.2E0,4.199702370407E1));
#4826=VERTEX_POINT('',#4825);
#4827=CARTESIAN_POINT('',(-2.5E0,3.2E0,4.105411063462E1));
#4828=VERTEX_POINT('',#4827);
#4829=CARTESIAN_POINT('',(-4.282082324426E0,3.2E0,3.906601810994E1));
#4830=VERTEX_POINT('',#4829);
#4831=CARTESIAN_POINT('',(4.282082324426E0,3.2E0,3.906601810995E1));
#4832=VERTEX_POINT('',#4831);
#4833=CARTESIAN_POINT('',(2.5E0,3.2E0,4.105411063462E1));
#4834=VERTEX_POINT('',#4833);
#4835=CARTESIAN_POINT('',(-3.906601810994E1,3.2E0,4.282082324444E0));
#4836=VERTEX_POINT('',#4835);
#4837=CARTESIAN_POINT('',(3.906601810995E1,3.2E0,4.282082324423E0));
#4838=VERTEX_POINT('',#4837);
#4839=CARTESIAN_POINT('',(-4.105411063462E1,3.2E0,2.5E0));
#4840=VERTEX_POINT('',#4839);
#4841=CARTESIAN_POINT('',(-4.199702370407E1,3.2E0,2.5E0));
#4842=VERTEX_POINT('',#4841);
#4843=CARTESIAN_POINT('',(-4.199702370407E1,3.2E0,-2.5E0));
#4844=VERTEX_POINT('',#4843);
#4845=CARTESIAN_POINT('',(-4.125E1,3.2E0,1.25E0));
#4846=CARTESIAN_POINT('',(-4.125E1,3.2E0,-1.25E0));
#4847=VERTEX_POINT('',#4845);
#4848=VERTEX_POINT('',#4846);
#4849=CARTESIAN_POINT('',(4.199702370407E1,3.2E0,2.5E0));
#4850=CARTESIAN_POINT('',(4.105411063462E1,3.2E0,2.5E0));
#4851=VERTEX_POINT('',#4849);
#4852=VERTEX_POINT('',#4850);
#4853=CARTESIAN_POINT('',(4.105411063462E1,3.2E0,-2.5E0));
#4854=VERTEX_POINT('',#4853);
#4855=CARTESIAN_POINT('',(4.199702370407E1,3.2E0,-2.5E0));
#4856=VERTEX_POINT('',#4855);
#4857=CARTESIAN_POINT('',(4.125E1,3.2E0,-1.25E0));
#4858=CARTESIAN_POINT('',(4.125E1,3.2E0,1.25E0));
#4859=VERTEX_POINT('',#4857);
#4860=VERTEX_POINT('',#4858);
#4861=CARTESIAN_POINT('',(0.E0,3.15E1,0.E0));
#4862=DIRECTION('',(0.E0,-1.E0,0.E0));
#4863=DIRECTION('',(-1.E0,0.E0,0.E0));
#4864=AXIS2_PLACEMENT_3D('',#4861,#4862,#4863);
#4865=PLANE('',#4864);
#4867=ORIENTED_EDGE('',*,*,#4866,.T.);
#4869=ORIENTED_EDGE('',*,*,#4868,.T.);
#4871=ORIENTED_EDGE('',*,*,#4870,.T.);
#4872=EDGE_LOOP('',(#4867,#4869,#4871));
#4873=FACE_OUTER_BOUND('',#4872,.F.);
#4875=ORIENTED_EDGE('',*,*,#4874,.T.);
#4877=ORIENTED_EDGE('',*,*,#4876,.T.);
#4879=ORIENTED_EDGE('',*,*,#4878,.T.);
#4881=ORIENTED_EDGE('',*,*,#4880,.T.);
#4882=EDGE_LOOP('',(#4875,#4877,#4879,#4881));
#4883=FACE_BOUND('',#4882,.F.);
#4884=ADVANCED_FACE('',(#4873,#4883),#4865,.F.);
#4885=CARTESIAN_POINT('',(-9.793405650682E-13,3.124999999999E1,
-2.344791028008E-13));
#4886=DIRECTION('',(0.E0,-1.E0,0.E0));
#4887=DIRECTION('',(0.E0,0.E0,-1.E0));
#4888=AXIS2_PLACEMENT_3D('',#4885,#4886,#4887);
#4889=CONICAL_SURFACE('',#4888,3.875E1,4.5E1);
#4891=ORIENTED_EDGE('',*,*,#4890,.T.);
#4893=ORIENTED_EDGE('',*,*,#4892,.T.);
#4895=ORIENTED_EDGE('',*,*,#4894,.T.);
#4897=ORIENTED_EDGE('',*,*,#4896,.F.);
#4898=ORIENTED_EDGE('',*,*,#4868,.F.);
#4899=ORIENTED_EDGE('',*,*,#4866,.F.);
#4901=ORIENTED_EDGE('',*,*,#4900,.F.);
#4903=ORIENTED_EDGE('',*,*,#4902,.T.);
#4904=EDGE_LOOP('',(#4891,#4893,#4895,#4897,#4898,#4899,#4901,#4903));
#4905=FACE_OUTER_BOUND('',#4904,.F.);
#4906=ADVANCED_FACE('',(#4905),#4889,.T.);
#4907=CARTESIAN_POINT('',(0.E0,3.3075E1,0.E0));
#4908=DIRECTION('',(0.E0,-1.E0,0.E0));
#4909=DIRECTION('',(-1.E0,0.E0,0.E0));
#4910=AXIS2_PLACEMENT_3D('',#4907,#4908,#4909);
#4911=CYLINDRICAL_SURFACE('',#4910,3.9E1);
#4912=ORIENTED_EDGE('',*,*,#4892,.F.);
#4913=ORIENTED_EDGE('',*,*,#4890,.F.);
#4915=ORIENTED_EDGE('',*,*,#4914,.T.);
#4917=ORIENTED_EDGE('',*,*,#4916,.F.);
#4919=ORIENTED_EDGE('',*,*,#4918,.F.);
#4920=EDGE_LOOP('',(#4912,#4913,#4915,#4917,#4919));
#4921=FACE_OUTER_BOUND('',#4920,.F.);
#4922=ADVANCED_FACE('',(#4921),#4911,.T.);
#4923=CARTESIAN_POINT('',(0.E0,3.3075E1,0.E0));
#4924=DIRECTION('',(0.E0,-1.E0,0.E0));
#4925=DIRECTION('',(-1.E0,0.E0,0.E0));
#4926=AXIS2_PLACEMENT_3D('',#4923,#4924,#4925);
#4927=CYLINDRICAL_SURFACE('',#4926,3.9E1);
#4928=ORIENTED_EDGE('',*,*,#4902,.F.);
#4930=ORIENTED_EDGE('',*,*,#4929,.F.);
#4932=ORIENTED_EDGE('',*,*,#4931,.F.);
#4934=ORIENTED_EDGE('',*,*,#4933,.T.);
#4935=ORIENTED_EDGE('',*,*,#4894,.F.);
#4936=ORIENTED_EDGE('',*,*,#4918,.T.);
#4938=ORIENTED_EDGE('',*,*,#4937,.F.);
#4939=ORIENTED_EDGE('',*,*,#4914,.F.);
#4940=EDGE_LOOP('',(#4928,#4930,#4932,#4934,#4935,#4936,#4938,#4939));
#4941=FACE_OUTER_BOUND('',#4940,.F.);
#4942=ADVANCED_FACE('',(#4941),#4927,.T.);
#4943=CARTESIAN_POINT('',(0.E0,3.15E1,-3.9E1));
#4944=DIRECTION('',(0.E0,1.E0,0.E0));
#4945=DIRECTION('',(1.E0,0.E0,0.E0));
#4946=AXIS2_PLACEMENT_3D('',#4943,#4944,#4945);
#4947=CYLINDRICAL_SURFACE('',#4946,1.05E0);
#4948=ORIENTED_EDGE('',*,*,#4900,.T.);
#4949=ORIENTED_EDGE('',*,*,#4870,.F.);
#4950=ORIENTED_EDGE('',*,*,#4896,.T.);
#4951=ORIENTED_EDGE('',*,*,#4933,.F.);
#4953=ORIENTED_EDGE('',*,*,#4952,.F.);
#4954=ORIENTED_EDGE('',*,*,#4929,.T.);
#4955=EDGE_LOOP('',(#4948,#4949,#4950,#4951,#4953,#4954));
#4956=FACE_OUTER_BOUND('',#4955,.F.);
#4957=ADVANCED_FACE('',(#4956),#4947,.F.);
#4958=CARTESIAN_POINT('',(0.E0,1.95E1,0.E0));
#4959=DIRECTION('',(0.E0,1.E0,0.E0));
#4960=DIRECTION('',(1.E0,0.E0,0.E0));
#4961=AXIS2_PLACEMENT_3D('',#4958,#4959,#4960);
#4962=PLANE('',#4961);
#4963=ORIENTED_EDGE('',*,*,#4931,.T.);
#4964=ORIENTED_EDGE('',*,*,#4952,.T.);
#4965=EDGE_LOOP('',(#4963,#4964));
#4966=FACE_OUTER_BOUND('',#4965,.F.);
#4967=ADVANCED_FACE('',(#4966),#4962,.T.);
#4968=CARTESIAN_POINT('',(0.E0,7.5E0,0.E0));
#4969=DIRECTION('',(0.E0,-1.E0,0.E0));
#4970=DIRECTION('',(-1.E0,0.E0,0.E0));
#4971=AXIS2_PLACEMENT_3D('',#4968,#4969,#4970);
#4972=PLANE('',#4971);
#4974=ORIENTED_EDGE('',*,*,#4973,.T.);
#4976=ORIENTED_EDGE('',*,*,#4975,.T.);
#4977=EDGE_LOOP('',(#4974,#4976));
#4978=FACE_OUTER_BOUND('',#4977,.F.);
#4979=ORIENTED_EDGE('',*,*,#4916,.T.);
#4980=ORIENTED_EDGE('',*,*,#4937,.T.);
#4981=EDGE_LOOP('',(#4979,#4980));
#4982=FACE_BOUND('',#4981,.F.);
#4983=ADVANCED_FACE('',(#4978,#4982),#4972,.F.);
#4984=CARTESIAN_POINT('',(0.E0,3.3075E1,0.E0));
#4985=DIRECTION('',(0.E0,-1.E0,0.E0));
#4986=DIRECTION('',(-1.E0,0.E0,0.E0));
#4987=AXIS2_PLACEMENT_3D('',#4984,#4985,#4986);
#4988=CYLINDRICAL_SURFACE('',#4987,3.93E1);
#4990=ORIENTED_EDGE('',*,*,#4989,.F.);
#4992=ORIENTED_EDGE('',*,*,#4991,.F.);
#4994=ORIENTED_EDGE('',*,*,#4993,.F.);
#4996=ORIENTED_EDGE('',*,*,#4995,.F.);
#4998=ORIENTED_EDGE('',*,*,#4997,.F.);
#4999=ORIENTED_EDGE('',*,*,#4973,.F.);
#5001=ORIENTED_EDGE('',*,*,#5000,.T.);
#5003=ORIENTED_EDGE('',*,*,#5002,.F.);
#5004=EDGE_LOOP('',(#4990,#4992,#4994,#4996,#4998,#4999,#5001,#5003));
#5005=FACE_OUTER_BOUND('',#5004,.F.);
#5006=ADVANCED_FACE('',(#5005),#4988,.T.);
#5007=CARTESIAN_POINT('',(-4.105411063462E1,7.25634E1,-4.5E0));
#5008=DIRECTION('',(0.E0,-1.E0,0.E0));
#5009=DIRECTION('',(9.940462623396E-1,0.E0,1.089588377724E-1));
#5010=AXIS2_PLACEMENT_3D('',#5007,#5008,#5009);
#5011=CYLINDRICAL_SURFACE('',#5010,2.E0);
#5013=ORIENTED_EDGE('',*,*,#5012,.F.);
#5014=ORIENTED_EDGE('',*,*,#4989,.T.);
#5016=ORIENTED_EDGE('',*,*,#5015,.F.);
#5018=ORIENTED_EDGE('',*,*,#5017,.T.);
#5019=EDGE_LOOP('',(#5013,#5014,#5016,#5018));
#5020=FACE_OUTER_BOUND('',#5019,.F.);
#5021=ADVANCED_FACE('',(#5020),#5011,.F.);
#5022=CARTESIAN_POINT('',(0.E0,2.E0,0.E0));
#5023=DIRECTION('',(0.E0,-1.E0,0.E0));
#5024=DIRECTION('',(-1.E0,0.E0,0.E0));
#5025=AXIS2_PLACEMENT_3D('',#5022,#5023,#5024);
#5026=PLANE('',#5025);
#5028=ORIENTED_EDGE('',*,*,#5027,.F.);
#5030=ORIENTED_EDGE('',*,*,#5029,.T.);
#5032=ORIENTED_EDGE('',*,*,#5031,.T.);
#5034=ORIENTED_EDGE('',*,*,#5033,.T.);
#5036=ORIENTED_EDGE('',*,*,#5035,.F.);
#5038=ORIENTED_EDGE('',*,*,#5037,.T.);
#5039=ORIENTED_EDGE('',*,*,#4991,.T.);
#5040=ORIENTED_EDGE('',*,*,#5012,.T.);
#5041=EDGE_LOOP('',(#5028,#5030,#5032,#5034,#5036,#5038,#5039,#5040));
#5042=FACE_OUTER_BOUND('',#5041,.F.);
#5043=ADVANCED_FACE('',(#5042),#5026,.F.);
#5044=CARTESIAN_POINT('',(-3.922040285362E1,2.E0,-2.5E0));
#5045=DIRECTION('',(0.E0,0.E0,-1.E0));
#5046=DIRECTION('',(-1.E0,0.E0,0.E0));
#5047=AXIS2_PLACEMENT_3D('',#5044,#5045,#5046);
#5048=PLANE('',#5047);
#5050=ORIENTED_EDGE('',*,*,#5049,.F.);
#5051=ORIENTED_EDGE('',*,*,#5027,.T.);
#5052=ORIENTED_EDGE('',*,*,#5017,.F.);
#5054=ORIENTED_EDGE('',*,*,#5053,.F.);
#5055=EDGE_LOOP('',(#5050,#5051,#5052,#5054));
#5056=FACE_OUTER_BOUND('',#5055,.F.);
#5057=ADVANCED_FACE('',(#5056),#5048,.T.);
#5058=CARTESIAN_POINT('',(-4.199702370407E1,7.25634E1,-4.999999999998E-1));
#5059=DIRECTION('',(0.E0,-1.E0,0.E0));
#5060=DIRECTION('',(-9.999291358111E-1,0.E0,-1.190476190475E-2));
#5061=AXIS2_PLACEMENT_3D('',#5058,#5059,#5060);
#5062=CYLINDRICAL_SURFACE('',#5061,2.E0);
#5063=ORIENTED_EDGE('',*,*,#5049,.T.);
#5065=ORIENTED_EDGE('',*,*,#5064,.F.);
#5067=ORIENTED_EDGE('',*,*,#5066,.F.);
#5068=ORIENTED_EDGE('',*,*,#5029,.F.);
#5069=EDGE_LOOP('',(#5063,#5065,#5067,#5068));
#5070=FACE_OUTER_BOUND('',#5069,.F.);
#5071=ADVANCED_FACE('',(#5070),#5062,.T.);
#5072=CARTESIAN_POINT('',(0.E0,3.2E0,0.E0));
#5073=DIRECTION('',(0.E0,1.E0,0.E0));
#5074=DIRECTION('',(-1.E0,0.E0,0.E0));
#5075=AXIS2_PLACEMENT_3D('',#5072,#5073,#5074);
#5076=PLANE('',#5075);
#5078=ORIENTED_EDGE('',*,*,#5077,.T.);
#5080=ORIENTED_EDGE('',*,*,#5079,.T.);
#5082=ORIENTED_EDGE('',*,*,#5081,.T.);
#5083=ORIENTED_EDGE('',*,*,#5064,.T.);
#5084=ORIENTED_EDGE('',*,*,#5053,.T.);
#5085=ORIENTED_EDGE('',*,*,#5015,.T.);
#5086=ORIENTED_EDGE('',*,*,#5002,.T.);
#5088=ORIENTED_EDGE('',*,*,#5087,.T.);
#5090=ORIENTED_EDGE('',*,*,#5089,.T.);
#5092=ORIENTED_EDGE('',*,*,#5091,.T.);
#5093=EDGE_LOOP('',(#5078,#5080,#5082,#5083,#5084,#5085,#5086,#5088,#5090,
#5092));
#5094=FACE_OUTER_BOUND('',#5093,.F.);
#5096=ORIENTED_EDGE('',*,*,#5095,.T.);
#5098=ORIENTED_EDGE('',*,*,#5097,.T.);
#5099=EDGE_LOOP('',(#5096,#5098));
#5100=FACE_BOUND('',#5099,.F.);
#5101=ADVANCED_FACE('',(#5094,#5100),#5076,.T.);
#5102=CARTESIAN_POINT('',(-4.199702370407E1,7.25634E1,5.000000000002E-1));
#5103=DIRECTION('',(0.E0,-1.E0,0.E0));
#5104=DIRECTION('',(0.E0,0.E0,1.E0));
#5105=AXIS2_PLACEMENT_3D('',#5102,#5103,#5104);
#5106=CYLINDRICAL_SURFACE('',#5105,2.E0);
#5108=ORIENTED_EDGE('',*,*,#5107,.T.);
#5109=ORIENTED_EDGE('',*,*,#5077,.F.);
#5111=ORIENTED_EDGE('',*,*,#5110,.T.);
#5113=ORIENTED_EDGE('',*,*,#5112,.F.);
#5114=EDGE_LOOP('',(#5108,#5109,#5111,#5113));
#5115=FACE_OUTER_BOUND('',#5114,.F.);
#5116=ADVANCED_FACE('',(#5115),#5106,.T.);
#5117=CARTESIAN_POINT('',(0.E0,3.3075E1,0.E0));
#5118=DIRECTION('',(0.E0,-1.E0,0.E0));
#5119=DIRECTION('',(-1.E0,0.E0,0.E0));
#5120=AXIS2_PLACEMENT_3D('',#5117,#5118,#5119);
#5121=CYLINDRICAL_SURFACE('',#5120,4.4E1);
#5123=ORIENTED_EDGE('',*,*,#5122,.F.);
#5125=ORIENTED_EDGE('',*,*,#5124,.F.);
#5127=ORIENTED_EDGE('',*,*,#5126,.F.);
#5129=ORIENTED_EDGE('',*,*,#5128,.T.);
#5130=ORIENTED_EDGE('',*,*,#5066,.T.);
#5131=ORIENTED_EDGE('',*,*,#5081,.F.);
#5132=ORIENTED_EDGE('',*,*,#5079,.F.);
#5133=ORIENTED_EDGE('',*,*,#5107,.F.);
#5135=ORIENTED_EDGE('',*,*,#5134,.F.);
#5137=ORIENTED_EDGE('',*,*,#5136,.T.);
#5139=ORIENTED_EDGE('',*,*,#5138,.F.);
#5141=ORIENTED_EDGE('',*,*,#5140,.F.);
#5143=ORIENTED_EDGE('',*,*,#5142,.F.);
#5145=ORIENTED_EDGE('',*,*,#5144,.T.);
#5147=ORIENTED_EDGE('',*,*,#5146,.F.);
#5149=ORIENTED_EDGE('',*,*,#5148,.F.);
#5151=ORIENTED_EDGE('',*,*,#5150,.F.);
#5153=ORIENTED_EDGE('',*,*,#5152,.T.);
#5155=ORIENTED_EDGE('',*,*,#5154,.T.);
#5156=EDGE_LOOP('',(#5123,#5125,#5127,#5129,#5130,#5131,#5132,#5133,#5135,#5137,
#5139,#5141,#5143,#5145,#5147,#5149,#5151,#5153,#5155));
#5157=FACE_OUTER_BOUND('',#5156,.F.);
#5158=ADVANCED_FACE('',(#5157),#5121,.T.);
#5159=CARTESIAN_POINT('',(7.909101819535E-14,2.499999999994E-1,0.E0));
#5160=DIRECTION('',(0.E0,1.E0,0.E0));
#5161=DIRECTION('',(0.E0,0.E0,-1.E0));
#5162=AXIS2_PLACEMENT_3D('',#5159,#5160,#5161);
#5163=CONICAL_SURFACE('',#5162,4.375E1,4.5E1);
#5164=ORIENTED_EDGE('',*,*,#5124,.T.);
#5165=ORIENTED_EDGE('',*,*,#5122,.T.);
#5167=ORIENTED_EDGE('',*,*,#5166,.F.);
#5169=ORIENTED_EDGE('',*,*,#5168,.F.);
#5171=ORIENTED_EDGE('',*,*,#5170,.F.);
#5173=ORIENTED_EDGE('',*,*,#5172,.T.);
#5174=EDGE_LOOP('',(#5164,#5165,#5167,#5169,#5171,#5173));
#5175=FACE_OUTER_BOUND('',#5174,.F.);
#5176=ADVANCED_FACE('',(#5175),#5163,.T.);
#5177=CARTESIAN_POINT('',(7.909101819541E-14,2.500000000017E-1,0.E0));
#5178=DIRECTION('',(0.E0,1.E0,0.E0));
#5179=DIRECTION('',(0.E0,0.E0,-1.E0));
#5180=AXIS2_PLACEMENT_3D('',#5177,#5178,#5179);
#5181=CONICAL_SURFACE('',#5180,4.375E1,4.5E1);
#5183=ORIENTED_EDGE('',*,*,#5182,.T.);
#5185=ORIENTED_EDGE('',*,*,#5184,.T.);
#5186=ORIENTED_EDGE('',*,*,#5172,.F.);
#5188=ORIENTED_EDGE('',*,*,#5187,.F.);
#5190=ORIENTED_EDGE('',*,*,#5189,.F.);
#5191=ORIENTED_EDGE('',*,*,#5166,.T.);
#5192=EDGE_LOOP('',(#5183,#5185,#5186,#5188,#5190,#5191));
#5193=FACE_OUTER_BOUND('',#5192,.F.);
#5194=ADVANCED_FACE('',(#5193),#5181,.T.);
#5195=CARTESIAN_POINT('',(0.E0,3.3075E1,0.E0));
#5196=DIRECTION('',(0.E0,-1.E0,0.E0));
#5197=DIRECTION('',(-1.E0,0.E0,0.E0));
#5198=AXIS2_PLACEMENT_3D('',#5195,#5196,#5197);
#5199=CYLINDRICAL_SURFACE('',#5198,4.4E1);
#5200=ORIENTED_EDGE('',*,*,#5184,.F.);
#5201=ORIENTED_EDGE('',*,*,#5182,.F.);
#5202=ORIENTED_EDGE('',*,*,#5154,.F.);
#5203=ORIENTED_EDGE('',*,*,#5152,.F.);
#5204=ORIENTED_EDGE('',*,*,#5031,.F.);
#5205=ORIENTED_EDGE('',*,*,#5128,.F.);
#5206=ORIENTED_EDGE('',*,*,#5126,.T.);
#5207=EDGE_LOOP('',(#5200,#5201,#5202,#5203,#5204,#5205,#5206));
#5208=FACE_OUTER_BOUND('',#5207,.F.);
#5209=ADVANCED_FACE('',(#5208),#5199,.T.);
#5210=CARTESIAN_POINT('',(0.E0,0.E0,0.E0));
#5211=DIRECTION('',(0.E0,-1.E0,0.E0));
#5212=DIRECTION('',(-1.E0,0.E0,0.E0));
#5213=AXIS2_PLACEMENT_3D('',#5210,#5211,#5212);
#5214=PLANE('',#5213);
#5215=ORIENTED_EDGE('',*,*,#5189,.T.);
#5216=ORIENTED_EDGE('',*,*,#5187,.T.);
#5217=ORIENTED_EDGE('',*,*,#5170,.T.);
#5218=ORIENTED_EDGE('',*,*,#5168,.T.);
#5219=EDGE_LOOP('',(#5215,#5216,#5217,#5218));
#5220=FACE_OUTER_BOUND('',#5219,.F.);
#5222=ORIENTED_EDGE('',*,*,#5221,.T.);
#5224=ORIENTED_EDGE('',*,*,#5223,.T.);
#5226=ORIENTED_EDGE('',*,*,#5225,.T.);
#5228=ORIENTED_EDGE('',*,*,#5227,.T.);
#5229=EDGE_LOOP('',(#5222,#5224,#5226,#5228));
#5230=FACE_BOUND('',#5229,.F.);
#5232=ORIENTED_EDGE('',*,*,#5231,.T.);
#5234=ORIENTED_EDGE('',*,*,#5233,.T.);
#5235=EDGE_LOOP('',(#5232,#5234));
#5236=FACE_BOUND('',#5235,.F.);
#5238=ORIENTED_EDGE('',*,*,#5237,.T.);
#5240=ORIENTED_EDGE('',*,*,#5239,.T.);
#5241=EDGE_LOOP('',(#5238,#5240));
#5242=FACE_BOUND('',#5241,.F.);
#5244=ORIENTED_EDGE('',*,*,#5243,.T.);
#5246=ORIENTED_EDGE('',*,*,#5245,.T.);
#5247=EDGE_LOOP('',(#5244,#5246));
#5248=FACE_BOUND('',#5247,.F.);
#5249=ADVANCED_FACE('',(#5220,#5230,#5236,#5242,#5248),#5214,.T.);
#5250=CARTESIAN_POINT('',(-3.526442342062E-14,2.500000000018E-1,0.E0));
#5251=DIRECTION('',(0.E0,-1.E0,0.E0));
#5252=DIRECTION('',(0.E0,0.E0,-1.E0));
#5253=AXIS2_PLACEMENT_3D('',#5250,#5251,#5252);
#5254=CONICAL_SURFACE('',#5253,3.725E1,4.5E1);
#5255=ORIENTED_EDGE('',*,*,#5223,.F.);
#5256=ORIENTED_EDGE('',*,*,#5221,.F.);
#5258=ORIENTED_EDGE('',*,*,#5257,.F.);
#5260=ORIENTED_EDGE('',*,*,#5259,.T.);
#5262=ORIENTED_EDGE('',*,*,#5261,.T.);
#5264=ORIENTED_EDGE('',*,*,#5263,.T.);
#5265=EDGE_LOOP('',(#5255,#5256,#5258,#5260,#5262,#5264));
#5266=FACE_OUTER_BOUND('',#5265,.F.);
#5267=ADVANCED_FACE('',(#5266),#5254,.F.);
#5268=CARTESIAN_POINT('',(-3.526442342062E-14,2.500000000018E-1,0.E0));
#5269=DIRECTION('',(0.E0,-1.E0,0.E0));
#5270=DIRECTION('',(0.E0,0.E0,-1.E0));
#5271=AXIS2_PLACEMENT_3D('',#5268,#5269,#5270);
#5272=CONICAL_SURFACE('',#5271,3.725E1,4.5E1);
#5273=ORIENTED_EDGE('',*,*,#5227,.F.);
#5274=ORIENTED_EDGE('',*,*,#5225,.F.);
#5275=ORIENTED_EDGE('',*,*,#5263,.F.);
#5277=ORIENTED_EDGE('',*,*,#5276,.T.);
#5279=ORIENTED_EDGE('',*,*,#5278,.T.);
#5280=ORIENTED_EDGE('',*,*,#5257,.T.);
#5281=EDGE_LOOP('',(#5273,#5274,#5275,#5277,#5279,#5280));
#5282=FACE_OUTER_BOUND('',#5281,.F.);
#5283=ADVANCED_FACE('',(#5282),#5272,.F.);
#5284=CARTESIAN_POINT('',(0.E0,3.3075E1,0.E0));
#5285=DIRECTION('',(0.E0,-1.E0,0.E0));
#5286=DIRECTION('',(-1.E0,0.E0,0.E0));
#5287=AXIS2_PLACEMENT_3D('',#5284,#5285,#5286);
#5288=CYLINDRICAL_SURFACE('',#5287,3.7E1);
#5289=ORIENTED_EDGE('',*,*,#5278,.F.);
#5290=ORIENTED_EDGE('',*,*,#5276,.F.);
#5292=ORIENTED_EDGE('',*,*,#5291,.T.);
#5294=ORIENTED_EDGE('',*,*,#5293,.F.);
#5296=ORIENTED_EDGE('',*,*,#5295,.F.);
#5298=ORIENTED_EDGE('',*,*,#5297,.F.);
#5300=ORIENTED_EDGE('',*,*,#5299,.T.);
#5302=ORIENTED_EDGE('',*,*,#5301,.F.);
#5304=ORIENTED_EDGE('',*,*,#5303,.F.);
#5305=EDGE_LOOP('',(#5289,#5290,#5292,#5294,#5296,#5298,#5300,#5302,#5304));
#5306=FACE_OUTER_BOUND('',#5305,.F.);
#5307=ADVANCED_FACE('',(#5306),#5288,.F.);
#5308=CARTESIAN_POINT('',(0.E0,3.3075E1,0.E0));
#5309=DIRECTION('',(0.E0,-1.E0,0.E0));
#5310=DIRECTION('',(-1.E0,0.E0,0.E0));
#5311=AXIS2_PLACEMENT_3D('',#5308,#5309,#5310);
#5312=CYLINDRICAL_SURFACE('',#5311,3.7E1);
#5313=ORIENTED_EDGE('',*,*,#5261,.F.);
#5314=ORIENTED_EDGE('',*,*,#5259,.F.);
#5315=ORIENTED_EDGE('',*,*,#5303,.T.);
#5317=ORIENTED_EDGE('',*,*,#5316,.F.);
#5319=ORIENTED_EDGE('',*,*,#5318,.F.);
#5320=ORIENTED_EDGE('',*,*,#5291,.F.);
#5321=EDGE_LOOP('',(#5313,#5314,#5315,#5317,#5319,#5320));
#5322=FACE_OUTER_BOUND('',#5321,.F.);
#5323=ADVANCED_FACE('',(#5322),#5312,.F.);
#5324=CARTESIAN_POINT('',(-1.317131202936E-13,3.125E1,4.618527782441E-14));
#5325=DIRECTION('',(0.E0,1.E0,0.E0));
#5326=DIRECTION('',(0.E0,0.E0,-1.E0));
#5327=AXIS2_PLACEMENT_3D('',#5324,#5325,#5326);
#5328=CONICAL_SURFACE('',#5327,3.725E1,4.5E1);
#5329=ORIENTED_EDGE('',*,*,#5318,.T.);
#5330=ORIENTED_EDGE('',*,*,#5316,.T.);
#5331=ORIENTED_EDGE('',*,*,#5301,.T.);
#5333=ORIENTED_EDGE('',*,*,#5332,.F.);
#5334=ORIENTED_EDGE('',*,*,#4876,.F.);
#5335=ORIENTED_EDGE('',*,*,#4874,.F.);
#5337=ORIENTED_EDGE('',*,*,#5336,.F.);
#5338=ORIENTED_EDGE('',*,*,#5293,.T.);
#5339=EDGE_LOOP('',(#5329,#5330,#5331,#5333,#5334,#5335,#5337,#5338));
#5340=FACE_OUTER_BOUND('',#5339,.F.);
#5341=ADVANCED_FACE('',(#5340),#5328,.F.);
#5342=CARTESIAN_POINT('',(0.E0,3.15E1,3.7E1));
#5343=DIRECTION('',(0.E0,1.E0,0.E0));
#5344=DIRECTION('',(0.E0,0.E0,1.E0));
#5345=AXIS2_PLACEMENT_3D('',#5342,#5343,#5344);
#5346=CYLINDRICAL_SURFACE('',#5345,1.05E0);
#5347=ORIENTED_EDGE('',*,*,#5332,.T.);
#5348=ORIENTED_EDGE('',*,*,#5299,.F.);
#5350=ORIENTED_EDGE('',*,*,#5349,.F.);
#5352=ORIENTED_EDGE('',*,*,#5351,.F.);
#5353=ORIENTED_EDGE('',*,*,#5295,.T.);
#5354=ORIENTED_EDGE('',*,*,#5336,.T.);
#5355=ORIENTED_EDGE('',*,*,#4880,.F.);
#5356=ORIENTED_EDGE('',*,*,#4878,.F.);
#5357=EDGE_LOOP('',(#5347,#5348,#5350,#5352,#5353,#5354,#5355,#5356));
#5358=FACE_OUTER_BOUND('',#5357,.F.);
#5359=ADVANCED_FACE('',(#5358),#5346,.F.);
#5360=CARTESIAN_POINT('',(0.E0,2.35E1,0.E0));
#5361=DIRECTION('',(0.E0,1.E0,0.E0));
#5362=DIRECTION('',(0.E0,0.E0,1.E0));
#5363=AXIS2_PLACEMENT_3D('',#5360,#5361,#5362);
#5364=PLANE('',#5363);
#5365=ORIENTED_EDGE('',*,*,#5297,.T.);
#5366=ORIENTED_EDGE('',*,*,#5351,.T.);
#5367=ORIENTED_EDGE('',*,*,#5349,.T.);
#5368=EDGE_LOOP('',(#5365,#5366,#5367));
#5369=FACE_OUTER_BOUND('',#5368,.F.);
#5370=ADVANCED_FACE('',(#5369),#5364,.T.);
#5371=CARTESIAN_POINT('',(0.E0,3.638250000007E1,4.125E1));
#5372=DIRECTION('',(0.E0,-1.E0,0.E0));
#5373=DIRECTION('',(-1.E0,0.E0,0.E0));
#5374=AXIS2_PLACEMENT_3D('',#5371,#5372,#5373);
#5375=CYLINDRICAL_SURFACE('',#5374,1.25E0);
#5376=ORIENTED_EDGE('',*,*,#5231,.F.);
#5378=ORIENTED_EDGE('',*,*,#5377,.T.);
#5380=ORIENTED_EDGE('',*,*,#5379,.F.);
#5382=ORIENTED_EDGE('',*,*,#5381,.F.);
#5383=EDGE_LOOP('',(#5376,#5378,#5380,#5382));
#5384=FACE_OUTER_BOUND('',#5383,.F.);
#5385=ADVANCED_FACE('',(#5384),#5375,.F.);
#5386=CARTESIAN_POINT('',(0.E0,3.638250000007E1,4.125E1));
#5387=DIRECTION('',(0.E0,-1.E0,0.E0));
#5388=DIRECTION('',(-1.E0,0.E0,0.E0));
#5389=AXIS2_PLACEMENT_3D('',#5386,#5387,#5388);
#5390=CYLINDRICAL_SURFACE('',#5389,1.25E0);
#5391=ORIENTED_EDGE('',*,*,#5233,.F.);
#5392=ORIENTED_EDGE('',*,*,#5381,.T.);
#5394=ORIENTED_EDGE('',*,*,#5393,.F.);
#5395=ORIENTED_EDGE('',*,*,#5377,.F.);
#5396=EDGE_LOOP('',(#5391,#5392,#5394,#5395));
#5397=FACE_OUTER_BOUND('',#5396,.F.);
#5398=ADVANCED_FACE('',(#5397),#5390,.F.);
#5399=CARTESIAN_POINT('',(0.E0,3.2E0,0.E0));
#5400=DIRECTION('',(0.E0,1.E0,0.E0));
#5401=DIRECTION('',(0.E0,0.E0,1.E0));
#5402=AXIS2_PLACEMENT_3D('',#5399,#5400,#5401);
#5403=PLANE('',#5402);
#5405=ORIENTED_EDGE('',*,*,#5404,.T.);
#5406=ORIENTED_EDGE('',*,*,#5138,.T.);
#5408=ORIENTED_EDGE('',*,*,#5407,.T.);
#5410=ORIENTED_EDGE('',*,*,#5409,.T.);
#5412=ORIENTED_EDGE('',*,*,#5411,.T.);
#5414=ORIENTED_EDGE('',*,*,#5413,.T.);
#5416=ORIENTED_EDGE('',*,*,#5415,.T.);
#5418=ORIENTED_EDGE('',*,*,#5417,.T.);
#5419=EDGE_LOOP('',(#5405,#5406,#5408,#5410,#5412,#5414,#5416,#5418));
#5420=FACE_OUTER_BOUND('',#5419,.F.);
#5421=ORIENTED_EDGE('',*,*,#5379,.T.);
#5422=ORIENTED_EDGE('',*,*,#5393,.T.);
#5423=EDGE_LOOP('',(#5421,#5422));
#5424=FACE_BOUND('',#5423,.F.);
#5425=ADVANCED_FACE('',(#5420,#5424),#5403,.T.);
#5426=CARTESIAN_POINT('',(5.000000000002E-1,7.25634E1,4.199702370407E1));
#5427=DIRECTION('',(0.E0,-1.E0,0.E0));
#5428=DIRECTION('',(1.E0,0.E0,0.E0));
#5429=AXIS2_PLACEMENT_3D('',#5426,#5427,#5428);
#5430=CYLINDRICAL_SURFACE('',#5429,2.E0);
#5431=ORIENTED_EDGE('',*,*,#5140,.T.);
#5432=ORIENTED_EDGE('',*,*,#5404,.F.);
#5434=ORIENTED_EDGE('',*,*,#5433,.T.);
#5436=ORIENTED_EDGE('',*,*,#5435,.F.);
#5437=EDGE_LOOP('',(#5431,#5432,#5434,#5436));
#5438=FACE_OUTER_BOUND('',#5437,.F.);
#5439=ADVANCED_FACE('',(#5438),#5430,.T.);
#5440=CARTESIAN_POINT('',(2.5E0,2.E0,4.392891985925E1));
#5441=DIRECTION('',(1.E0,0.E0,0.E0));
#5442=DIRECTION('',(0.E0,0.E0,-1.E0));
#5443=AXIS2_PLACEMENT_3D('',#5440,#5441,#5442);
#5444=PLANE('',#5443);
#5445=ORIENTED_EDGE('',*,*,#5433,.F.);
#5446=ORIENTED_EDGE('',*,*,#5417,.F.);
#5448=ORIENTED_EDGE('',*,*,#5447,.F.);
#5450=ORIENTED_EDGE('',*,*,#5449,.T.);
#5451=EDGE_LOOP('',(#5445,#5446,#5448,#5450));
#5452=FACE_OUTER_BOUND('',#5451,.F.);
#5453=ADVANCED_FACE('',(#5452),#5444,.T.);
#5454=CARTESIAN_POINT('',(4.5E0,-4.10634E1,4.105411063462E1));
#5455=DIRECTION('',(0.E0,1.E0,0.E0));
#5456=DIRECTION('',(-1.089588377724E-1,0.E0,-9.940462623396E-1));
#5457=AXIS2_PLACEMENT_3D('',#5454,#5455,#5456);
#5458=CYLINDRICAL_SURFACE('',#5457,2.E0);
#5460=ORIENTED_EDGE('',*,*,#5459,.T.);
#5462=ORIENTED_EDGE('',*,*,#5461,.F.);
#5463=ORIENTED_EDGE('',*,*,#5447,.T.);
#5464=ORIENTED_EDGE('',*,*,#5415,.F.);
#5465=EDGE_LOOP('',(#5460,#5462,#5463,#5464));
#5466=FACE_OUTER_BOUND('',#5465,.F.);
#5467=ADVANCED_FACE('',(#5466),#5458,.F.);
#5468=CARTESIAN_POINT('',(0.E0,3.3075E1,0.E0));
#5469=DIRECTION('',(0.E0,-1.E0,0.E0));
#5470=DIRECTION('',(-1.E0,0.E0,0.E0));
#5471=AXIS2_PLACEMENT_3D('',#5468,#5469,#5470);
#5472=CYLINDRICAL_SURFACE('',#5471,3.93E1);
#5474=ORIENTED_EDGE('',*,*,#5473,.F.);
#5475=ORIENTED_EDGE('',*,*,#5087,.F.);
#5476=ORIENTED_EDGE('',*,*,#5000,.F.);
#5477=ORIENTED_EDGE('',*,*,#4975,.F.);
#5478=ORIENTED_EDGE('',*,*,#4997,.T.);
#5480=ORIENTED_EDGE('',*,*,#5479,.F.);
#5482=ORIENTED_EDGE('',*,*,#5481,.F.);
#5484=ORIENTED_EDGE('',*,*,#5483,.F.);
#5485=ORIENTED_EDGE('',*,*,#5459,.F.);
#5486=ORIENTED_EDGE('',*,*,#5413,.F.);
#5488=ORIENTED_EDGE('',*,*,#5487,.F.);
#5490=ORIENTED_EDGE('',*,*,#5489,.F.);
#5491=EDGE_LOOP('',(#5474,#5475,#5476,#5477,#5478,#5480,#5482,#5484,#5485,#5486,
#5488,#5490));
#5492=FACE_OUTER_BOUND('',#5491,.F.);
#5493=ADVANCED_FACE('',(#5492),#5472,.T.);
#5494=CARTESIAN_POINT('',(-4.105411063462E1,-4.10634E1,4.5E0));
#5495=DIRECTION('',(0.E0,1.E0,0.E0));
#5496=DIRECTION('',(9.940462623396E-1,0.E0,-1.089588377724E-1));
#5497=AXIS2_PLACEMENT_3D('',#5494,#5495,#5496);
#5498=CYLINDRICAL_SURFACE('',#5497,2.E0);
#5499=ORIENTED_EDGE('',*,*,#5473,.T.);
#5501=ORIENTED_EDGE('',*,*,#5500,.F.);
#5503=ORIENTED_EDGE('',*,*,#5502,.T.);
#5504=ORIENTED_EDGE('',*,*,#5089,.F.);
#5505=EDGE_LOOP('',(#5499,#5501,#5503,#5504));
#5506=FACE_OUTER_BOUND('',#5505,.F.);
#5507=ADVANCED_FACE('',(#5506),#5498,.F.);
#5508=CARTESIAN_POINT('',(0.E0,2.E0,0.E0));
#5509=DIRECTION('',(0.E0,-1.E0,0.E0));
#5510=DIRECTION('',(-1.E0,0.E0,0.E0));
#5511=AXIS2_PLACEMENT_3D('',#5508,#5509,#5510);
#5512=PLANE('',#5511);
#5513=ORIENTED_EDGE('',*,*,#5134,.T.);
#5514=ORIENTED_EDGE('',*,*,#5112,.T.);
#5516=ORIENTED_EDGE('',*,*,#5515,.F.);
#5517=ORIENTED_EDGE('',*,*,#5500,.T.);
#5518=ORIENTED_EDGE('',*,*,#5489,.T.);
#5520=ORIENTED_EDGE('',*,*,#5519,.T.);
#5522=ORIENTED_EDGE('',*,*,#5521,.F.);
#5524=ORIENTED_EDGE('',*,*,#5523,.T.);
#5525=EDGE_LOOP('',(#5513,#5514,#5516,#5517,#5518,#5520,#5522,#5524));
#5526=FACE_OUTER_BOUND('',#5525,.F.);
#5527=ADVANCED_FACE('',(#5526),#5512,.F.);
#5528=CARTESIAN_POINT('',(-4.392891985925E1,2.E0,2.5E0));
#5529=DIRECTION('',(0.E0,0.E0,1.E0));
#5530=DIRECTION('',(1.E0,0.E0,0.E0));
#5531=AXIS2_PLACEMENT_3D('',#5528,#5529,#5530);
#5532=PLANE('',#5531);
#5533=ORIENTED_EDGE('',*,*,#5110,.F.);
#5534=ORIENTED_EDGE('',*,*,#5091,.F.);
#5535=ORIENTED_EDGE('',*,*,#5502,.F.);
#5536=ORIENTED_EDGE('',*,*,#5515,.T.);
#5537=EDGE_LOOP('',(#5533,#5534,#5535,#5536));
#5538=FACE_OUTER_BOUND('',#5537,.F.);
#5539=ADVANCED_FACE('',(#5538),#5532,.T.);
#5540=CARTESIAN_POINT('',(-4.5E0,7.25634E1,4.105411063462E1));
#5541=DIRECTION('',(0.E0,-1.E0,0.E0));
#5542=DIRECTION('',(1.089588377724E-1,0.E0,-9.940462623396E-1));
#5543=AXIS2_PLACEMENT_3D('',#5540,#5541,#5542);
#5544=CYLINDRICAL_SURFACE('',#5543,2.E0);
#5545=ORIENTED_EDGE('',*,*,#5519,.F.);
#5546=ORIENTED_EDGE('',*,*,#5487,.T.);
#5547=ORIENTED_EDGE('',*,*,#5411,.F.);
#5549=ORIENTED_EDGE('',*,*,#5548,.T.);
#5550=EDGE_LOOP('',(#5545,#5546,#5547,#5549));
#5551=FACE_OUTER_BOUND('',#5550,.F.);
#5552=ADVANCED_FACE('',(#5551),#5544,.F.);
#5553=CARTESIAN_POINT('',(-2.5E0,2.E0,3.922040285362E1));
#5554=DIRECTION('',(-1.E0,0.E0,0.E0));
#5555=DIRECTION('',(0.E0,0.E0,1.E0));
#5556=AXIS2_PLACEMENT_3D('',#5553,#5554,#5555);
#5557=PLANE('',#5556);
#5559=ORIENTED_EDGE('',*,*,#5558,.F.);
#5560=ORIENTED_EDGE('',*,*,#5521,.T.);
#5561=ORIENTED_EDGE('',*,*,#5548,.F.);
#5562=ORIENTED_EDGE('',*,*,#5409,.F.);
#5563=EDGE_LOOP('',(#5559,#5560,#5561,#5562));
#5564=FACE_OUTER_BOUND('',#5563,.F.);
#5565=ADVANCED_FACE('',(#5564),#5557,.T.);
#5566=CARTESIAN_POINT('',(-4.999999999998E-1,7.25634E1,4.199702370407E1));
#5567=DIRECTION('',(0.E0,-1.E0,0.E0));
#5568=DIRECTION('',(-1.190476190475E-2,0.E0,9.999291358111E-1));
#5569=AXIS2_PLACEMENT_3D('',#5566,#5567,#5568);
#5570=CYLINDRICAL_SURFACE('',#5569,2.E0);
#5571=ORIENTED_EDGE('',*,*,#5558,.T.);
#5572=ORIENTED_EDGE('',*,*,#5407,.F.);
#5573=ORIENTED_EDGE('',*,*,#5136,.F.);
#5574=ORIENTED_EDGE('',*,*,#5523,.F.);
#5575=EDGE_LOOP('',(#5571,#5572,#5573,#5574));
#5576=FACE_OUTER_BOUND('',#5575,.F.);
#5577=ADVANCED_FACE('',(#5576),#5570,.T.);
#5578=CARTESIAN_POINT('',(0.E0,3.2E0,0.E0));
#5579=DIRECTION('',(0.E0,1.E0,0.E0));
#5580=DIRECTION('',(1.E0,0.E0,0.E0));
#5581=AXIS2_PLACEMENT_3D('',#5578,#5579,#5580);
#5582=PLANE('',#5581);
#5584=ORIENTED_EDGE('',*,*,#5583,.T.);
#5586=ORIENTED_EDGE('',*,*,#5585,.T.);
#5587=ORIENTED_EDGE('',*,*,#5479,.T.);
#5588=ORIENTED_EDGE('',*,*,#4995,.T.);
#5590=ORIENTED_EDGE('',*,*,#5589,.T.);
#5592=ORIENTED_EDGE('',*,*,#5591,.T.);
#5594=ORIENTED_EDGE('',*,*,#5593,.T.);
#5595=ORIENTED_EDGE('',*,*,#5148,.T.);
#5596=ORIENTED_EDGE('',*,*,#5146,.T.);
#5598=ORIENTED_EDGE('',*,*,#5597,.T.);
#5599=EDGE_LOOP('',(#5584,#5586,#5587,#5588,#5590,#5592,#5594,#5595,#5596,
#5598));
#5600=FACE_OUTER_BOUND('',#5599,.F.);
#5602=ORIENTED_EDGE('',*,*,#5601,.T.);
#5604=ORIENTED_EDGE('',*,*,#5603,.T.);
#5605=EDGE_LOOP('',(#5602,#5604));
#5606=FACE_BOUND('',#5605,.F.);
#5607=ADVANCED_FACE('',(#5600,#5606),#5582,.T.);
#5608=CARTESIAN_POINT('',(3.922040285362E1,2.E0,2.5E0));
#5609=DIRECTION('',(0.E0,0.E0,1.E0));
#5610=DIRECTION('',(1.E0,0.E0,0.E0));
#5611=AXIS2_PLACEMENT_3D('',#5608,#5609,#5610);
#5612=PLANE('',#5611);
#5614=ORIENTED_EDGE('',*,*,#5613,.F.);
#5616=ORIENTED_EDGE('',*,*,#5615,.F.);
#5617=ORIENTED_EDGE('',*,*,#5583,.F.);
#5619=ORIENTED_EDGE('',*,*,#5618,.F.);
#5620=EDGE_LOOP('',(#5614,#5616,#5617,#5619));
#5621=FACE_OUTER_BOUND('',#5620,.F.);
#5622=ADVANCED_FACE('',(#5621),#5612,.T.);
#5623=CARTESIAN_POINT('',(0.E0,2.E0,0.E0));
#5624=DIRECTION('',(0.E0,-1.E0,0.E0));
#5625=DIRECTION('',(-1.E0,0.E0,0.E0));
#5626=AXIS2_PLACEMENT_3D('',#5623,#5624,#5625);
#5627=PLANE('',#5626);
#5628=ORIENTED_EDGE('',*,*,#5142,.T.);
#5629=ORIENTED_EDGE('',*,*,#5435,.T.);
#5630=ORIENTED_EDGE('',*,*,#5449,.F.);
#5631=ORIENTED_EDGE('',*,*,#5461,.T.);
#5632=ORIENTED_EDGE('',*,*,#5483,.T.);
#5634=ORIENTED_EDGE('',*,*,#5633,.T.);
#5635=ORIENTED_EDGE('',*,*,#5613,.T.);
#5637=ORIENTED_EDGE('',*,*,#5636,.T.);
#5638=EDGE_LOOP('',(#5628,#5629,#5630,#5631,#5632,#5634,#5635,#5637));
#5639=FACE_OUTER_BOUND('',#5638,.F.);
#5640=ADVANCED_FACE('',(#5639),#5627,.F.);
#5641=CARTESIAN_POINT('',(4.105411063462E1,7.25634E1,4.5E0));
#5642=DIRECTION('',(0.E0,-1.E0,0.E0));
#5643=DIRECTION('',(-9.940462623396E-1,0.E0,-1.089588377724E-1));
#5644=AXIS2_PLACEMENT_3D('',#5641,#5642,#5643);
#5645=CYLINDRICAL_SURFACE('',#5644,2.E0);
#5646=ORIENTED_EDGE('',*,*,#5633,.F.);
#5647=ORIENTED_EDGE('',*,*,#5481,.T.);
#5648=ORIENTED_EDGE('',*,*,#5585,.F.);
#5649=ORIENTED_EDGE('',*,*,#5615,.T.);
#5650=EDGE_LOOP('',(#5646,#5647,#5648,#5649));
#5651=FACE_OUTER_BOUND('',#5650,.F.);
#5652=ADVANCED_FACE('',(#5651),#5645,.F.);
#5653=CARTESIAN_POINT('',(4.199702370407E1,7.25634E1,4.999999999998E-1));
#5654=DIRECTION('',(0.E0,-1.E0,0.E0));
#5655=DIRECTION('',(9.999291358111E-1,0.E0,1.190476190475E-2));
#5656=AXIS2_PLACEMENT_3D('',#5653,#5654,#5655);
#5657=CYLINDRICAL_SURFACE('',#5656,2.E0);
#5658=ORIENTED_EDGE('',*,*,#5618,.T.);
#5659=ORIENTED_EDGE('',*,*,#5597,.F.);
#5660=ORIENTED_EDGE('',*,*,#5144,.F.);
#5661=ORIENTED_EDGE('',*,*,#5636,.F.);
#5662=EDGE_LOOP('',(#5658,#5659,#5660,#5661));
#5663=FACE_OUTER_BOUND('',#5662,.F.);
#5664=ADVANCED_FACE('',(#5663),#5657,.T.);
#5665=CARTESIAN_POINT('',(4.105411063462E1,-4.10634E1,-4.5E0));
#5666=DIRECTION('',(0.E0,1.E0,0.E0));
#5667=DIRECTION('',(-9.940462623396E-1,0.E0,1.089588377724E-1));
#5668=AXIS2_PLACEMENT_3D('',#5665,#5666,#5667);
#5669=CYLINDRICAL_SURFACE('',#5668,2.E0);
#5670=ORIENTED_EDGE('',*,*,#4993,.T.);
#5671=ORIENTED_EDGE('',*,*,#5037,.F.);
#5673=ORIENTED_EDGE('',*,*,#5672,.T.);
#5674=ORIENTED_EDGE('',*,*,#5589,.F.);
#5675=EDGE_LOOP('',(#5670,#5671,#5673,#5674));
#5676=FACE_OUTER_BOUND('',#5675,.F.);
#5677=ADVANCED_FACE('',(#5676),#5669,.F.);
#5678=CARTESIAN_POINT('',(4.392891985925E1,2.E0,-2.5E0));
#5679=DIRECTION('',(0.E0,0.E0,-1.E0));
#5680=DIRECTION('',(-1.E0,0.E0,0.E0));
#5681=AXIS2_PLACEMENT_3D('',#5678,#5679,#5680);
#5682=PLANE('',#5681);
#5683=ORIENTED_EDGE('',*,*,#5035,.T.);
#5685=ORIENTED_EDGE('',*,*,#5684,.F.);
#5686=ORIENTED_EDGE('',*,*,#5591,.F.);
#5687=ORIENTED_EDGE('',*,*,#5672,.F.);
#5688=EDGE_LOOP('',(#5683,#5685,#5686,#5687));
#5689=FACE_OUTER_BOUND('',#5688,.F.);
#5690=ADVANCED_FACE('',(#5689),#5682,.T.);
#5691=CARTESIAN_POINT('',(4.199702370407E1,7.25634E1,-5.000000000002E-1));
#5692=DIRECTION('',(0.E0,-1.E0,0.E0));
#5693=DIRECTION('',(0.E0,0.E0,-1.E0));
#5694=AXIS2_PLACEMENT_3D('',#5691,#5692,#5693);
#5695=CYLINDRICAL_SURFACE('',#5694,2.E0);
#5696=ORIENTED_EDGE('',*,*,#5150,.T.);
#5697=ORIENTED_EDGE('',*,*,#5593,.F.);
#5698=ORIENTED_EDGE('',*,*,#5684,.T.);
#5699=ORIENTED_EDGE('',*,*,#5033,.F.);
#5700=EDGE_LOOP('',(#5696,#5697,#5698,#5699));
#5701=FACE_OUTER_BOUND('',#5700,.F.);
#5702=ADVANCED_FACE('',(#5701),#5695,.T.);
#5703=CARTESIAN_POINT('',(4.125E1,3.638250000007E1,-1.262917011621E-14));
#5704=DIRECTION('',(0.E0,-1.E0,0.E0));
#5705=DIRECTION('',(0.E0,0.E0,1.E0));
#5706=AXIS2_PLACEMENT_3D('',#5703,#5704,#5705);
#5707=CYLINDRICAL_SURFACE('',#5706,1.25E0);
#5708=ORIENTED_EDGE('',*,*,#5243,.F.);
#5710=ORIENTED_EDGE('',*,*,#5709,.T.);
#5711=ORIENTED_EDGE('',*,*,#5601,.F.);
#5713=ORIENTED_EDGE('',*,*,#5712,.F.);
#5714=EDGE_LOOP('',(#5708,#5710,#5711,#5713));
#5715=FACE_OUTER_BOUND('',#5714,.F.);
#5716=ADVANCED_FACE('',(#5715),#5707,.F.);
#5717=CARTESIAN_POINT('',(4.125E1,3.638250000007E1,-1.262917011621E-14));
#5718=DIRECTION('',(0.E0,-1.E0,0.E0));
#5719=DIRECTION('',(0.E0,0.E0,1.E0));
#5720=AXIS2_PLACEMENT_3D('',#5717,#5718,#5719);
#5721=CYLINDRICAL_SURFACE('',#5720,1.25E0);
#5722=ORIENTED_EDGE('',*,*,#5245,.F.);
#5723=ORIENTED_EDGE('',*,*,#5712,.T.);
#5724=ORIENTED_EDGE('',*,*,#5603,.F.);
#5725=ORIENTED_EDGE('',*,*,#5709,.F.);
#5726=EDGE_LOOP('',(#5722,#5723,#5724,#5725));
#5727=FACE_OUTER_BOUND('',#5726,.F.);
#5728=ADVANCED_FACE('',(#5727),#5721,.F.);
#5729=CARTESIAN_POINT('',(-4.125E1,3.638250000007E1,0.E0));
#5730=DIRECTION('',(0.E0,-1.E0,0.E0));
#5731=DIRECTION('',(0.E0,0.E0,-1.E0));
#5732=AXIS2_PLACEMENT_3D('',#5729,#5730,#5731);
#5733=CYLINDRICAL_SURFACE('',#5732,1.25E0);
#5734=ORIENTED_EDGE('',*,*,#5237,.F.);
#5736=ORIENTED_EDGE('',*,*,#5735,.T.);
#5737=ORIENTED_EDGE('',*,*,#5095,.F.);
#5739=ORIENTED_EDGE('',*,*,#5738,.F.);
#5740=EDGE_LOOP('',(#5734,#5736,#5737,#5739));
#5741=FACE_OUTER_BOUND('',#5740,.F.);
#5742=ADVANCED_FACE('',(#5741),#5733,.F.);
#5743=CARTESIAN_POINT('',(-4.125E1,3.638250000007E1,0.E0));
#5744=DIRECTION('',(0.E0,-1.E0,0.E0));
#5745=DIRECTION('',(0.E0,0.E0,-1.E0));
#5746=AXIS2_PLACEMENT_3D('',#5743,#5744,#5745);
#5747=CYLINDRICAL_SURFACE('',#5746,1.25E0);
#5748=ORIENTED_EDGE('',*,*,#5239,.F.);
#5749=ORIENTED_EDGE('',*,*,#5738,.T.);
#5750=ORIENTED_EDGE('',*,*,#5097,.F.);
#5751=ORIENTED_EDGE('',*,*,#5735,.F.);
#5752=EDGE_LOOP('',(#5748,#5749,#5750,#5751));
#5753=FACE_OUTER_BOUND('',#5752,.F.);
#5754=ADVANCED_FACE('',(#5753),#5747,.F.);
#5758=DIMENSIONAL_EXPONENTS(0.E0,0.E0,0.E0,0.E0,0.E0,0.E0,0.E0);
#5760=PLANE_ANGLE_MEASURE_WITH_UNIT(PLANE_ANGLE_MEASURE(1.745329251994E-2),
#5759);
#5761=(CONVERSION_BASED_UNIT('DEGREE',#5760)NAMED_UNIT(*)PLANE_ANGLE_UNIT());
#5763=UNCERTAINTY_MEASURE_WITH_UNIT(LENGTH_MEASURE(1.E-2),#5757,'closure',
'Maximum model space distance between geometric entities at asserted connectivities');
#5764=(GEOMETRIC_REPRESENTATION_CONTEXT(3)GLOBAL_UNCERTAINTY_ASSIGNED_CONTEXT((
#5763))GLOBAL_UNIT_ASSIGNED_CONTEXT((#5757,#5761,#5762))REPRESENTATION_CONTEXT(
'ID4','3'));
#5765=CARTESIAN_POINT('',(0.E0,0.E0,0.E0));
#5766=DIRECTION('',(0.E0,0.E0,1.E0));
#5767=DIRECTION('',(1.E0,0.E0,0.E0));
#5770=MECHANICAL_CONTEXT('',#926,'mechanical');
#5771=PRODUCT('RO10000_14','RO10000_14','NOT SPECIFIED',(#5770));
#5772=PRODUCT_DEFINITION_FORMATION_WITH_SPECIFIED_SOURCE('1','LAST_VERSION',
#5771,.MADE.);
#5778=CARTESIAN_POINT('',(0.E0,-7.5E0,0.E0));
#5779=DIRECTION('',(0.E0,0.E0,1.E0));
#5780=DIRECTION('',(1.E0,0.E0,0.E0));
#5781=AXIS2_PLACEMENT_3D('',#5778,#5779,#5780);
#5782=ITEM_DEFINED_TRANSFORMATION('','',#5768,#5781);
#5783=(REPRESENTATION_RELATIONSHIP('','',#5769,#937)REPRESENTATION_RELATIONSHIP_WITH_TRANSFORMATION(#5782)SHAPE_REPRESENTATION_RELATIONSHIP());
#5784=CONTEXT_DEPENDENT_SHAPE_REPRESENTATION(#5783,#5777);
#5785=CARTESIAN_POINT('',(0.E0,0.E0,0.E0));
#5786=DIRECTION('',(0.E0,1.E0,0.E0));
#5787=DIRECTION('',(1.E0,0.E0,0.E0));
#5788=AXIS2_PLACEMENT_3D('',#5785,#5786,#5787);
#5790=CARTESIAN_POINT('',(0.E0,0.E0,0.E0));
#5791=DIRECTION('',(0.E0,1.E0,0.E0));
#5792=DIRECTION('',(-1.E0,0.E0,0.E0));
#5793=AXIS2_PLACEMENT_3D('',#5790,#5791,#5792);
#5795=CARTESIAN_POINT('',(3.7E0,0.E0,4.103352288069E1));
#5796=DIRECTION('',(0.E0,1.E0,0.E0));
#5797=DIRECTION('',(-8.980582522508E-2,0.E0,-9.959592932222E-1));
#5798=AXIS2_PLACEMENT_3D('',#5795,#5796,#5797);
#5800=DIRECTION('',(0.E0,0.E0,1.E0));
#5801=VECTOR('',#5800,1.846775625730E0);
#5802=CARTESIAN_POINT('',(2.5E0,0.E0,4.103352288069E1));
#5803=LINE('',#5802,#5801);
#5804=CARTESIAN_POINT('',(1.3E0,0.E0,4.288029850642E1));
#5805=DIRECTION('',(0.E0,-1.E0,0.E0));
#5806=DIRECTION('',(1.E0,0.E0,0.E0));
#5807=AXIS2_PLACEMENT_3D('',#5804,#5805,#5806);
#5809=CARTESIAN_POINT('',(0.E0,0.E0,0.E0));
#5810=DIRECTION('',(0.E0,-1.E0,0.E0));
#5811=DIRECTION('',(3.030303030241E-2,0.E0,9.995407577255E-1));
#5812=AXIS2_PLACEMENT_3D('',#5809,#5810,#5811);
#5814=CARTESIAN_POINT('',(0.E0,0.E0,0.E0));
#5815=DIRECTION('',(0.E0,-1.E0,0.E0));
#5816=DIRECTION('',(1.601383674385E-14,0.E0,1.E0));
#5817=AXIS2_PLACEMENT_3D('',#5814,#5815,#5816);
#5819=CARTESIAN_POINT('',(-1.3E0,0.E0,4.288029850642E1));
#5820=DIRECTION('',(0.E0,-1.E0,0.E0));
#5821=DIRECTION('',(-3.030303028062E-2,0.E0,9.995407577262E-1));
#5822=AXIS2_PLACEMENT_3D('',#5819,#5820,#5821);
#5824=DIRECTION('',(0.E0,0.E0,-1.E0));
#5825=VECTOR('',#5824,1.846775625730E0);
#5826=CARTESIAN_POINT('',(-2.5E0,0.E0,4.288029850642E1));
#5827=LINE('',#5826,#5825);
#5828=CARTESIAN_POINT('',(-3.7E0,0.E0,4.103352288069E1));
#5829=DIRECTION('',(0.E0,1.E0,0.E0));
#5830=DIRECTION('',(1.E0,0.E0,0.E0));
#5831=AXIS2_PLACEMENT_3D('',#5828,#5829,#5830);
#5833=CARTESIAN_POINT('',(0.E0,0.E0,0.E0));
#5834=DIRECTION('',(0.E0,-1.E0,0.E0));
#5835=DIRECTION('',(-8.980582524320E-2,0.E0,9.959592932206E-1));
#5836=AXIS2_PLACEMENT_3D('',#5833,#5834,#5835);
#5838=CARTESIAN_POINT('',(-4.103352288069E1,0.E0,3.7E0));
#5839=DIRECTION('',(0.E0,1.E0,0.E0));
#5840=DIRECTION('',(9.959592932222E-1,0.E0,-8.980582522508E-2));
#5841=AXIS2_PLACEMENT_3D('',#5838,#5839,#5840);
#5843=DIRECTION('',(-1.E0,0.E0,0.E0));
#5844=VECTOR('',#5843,1.846775625730E0);
#5845=CARTESIAN_POINT('',(-4.103352288069E1,0.E0,2.5E0));
#5846=LINE('',#5845,#5844);
#5847=CARTESIAN_POINT('',(-4.288029850642E1,0.E0,1.3E0));
#5848=DIRECTION('',(0.E0,-1.E0,0.E0));
#5849=DIRECTION('',(0.E0,0.E0,1.E0));
#5850=AXIS2_PLACEMENT_3D('',#5847,#5848,#5849);
#5852=CARTESIAN_POINT('',(0.E0,0.E0,0.E0));
#5853=DIRECTION('',(0.E0,-1.E0,0.E0));
#5854=DIRECTION('',(-9.995407577255E-1,0.E0,3.030303030241E-2));
#5855=AXIS2_PLACEMENT_3D('',#5852,#5853,#5854);
#5857=CARTESIAN_POINT('',(0.E0,0.E0,0.E0));
#5858=DIRECTION('',(0.E0,-1.E0,0.E0));
#5859=DIRECTION('',(-1.E0,0.E0,1.601383674385E-14));
#5860=AXIS2_PLACEMENT_3D('',#5857,#5858,#5859);
#5862=CARTESIAN_POINT('',(-4.288029850642E1,0.E0,-1.3E0));
#5863=DIRECTION('',(0.E0,-1.E0,0.E0));
#5864=DIRECTION('',(-9.995407577262E-1,0.E0,-3.030303028062E-2));
#5865=AXIS2_PLACEMENT_3D('',#5862,#5863,#5864);
#5867=DIRECTION('',(1.E0,0.E0,0.E0));
#5868=VECTOR('',#5867,1.846775625730E0);
#5869=CARTESIAN_POINT('',(-4.288029850642E1,0.E0,-2.5E0));
#5870=LINE('',#5869,#5868);
#5871=CARTESIAN_POINT('',(-4.103352288069E1,0.E0,-3.7E0));
#5872=DIRECTION('',(0.E0,1.E0,0.E0));
#5873=DIRECTION('',(0.E0,0.E0,1.E0));
#5874=AXIS2_PLACEMENT_3D('',#5871,#5872,#5873);
#5876=CARTESIAN_POINT('',(0.E0,0.E0,0.E0));
#5877=DIRECTION('',(0.E0,-1.E0,0.E0));
#5878=DIRECTION('',(-9.959592932206E-1,0.E0,-8.980582524321E-2));
#5879=AXIS2_PLACEMENT_3D('',#5876,#5877,#5878);
#5881=CARTESIAN_POINT('',(4.103352288069E1,0.E0,-3.7E0));
#5882=DIRECTION('',(0.E0,1.E0,0.E0));
#5883=DIRECTION('',(-9.959592932222E-1,0.E0,8.980582522472E-2));
#5884=AXIS2_PLACEMENT_3D('',#5881,#5882,#5883);
#5886=DIRECTION('',(1.E0,0.E0,0.E0));
#5887=VECTOR('',#5886,1.846775625730E0);
#5888=CARTESIAN_POINT('',(4.103352288069E1,0.E0,-2.5E0));
#5889=LINE('',#5888,#5887);
#5890=CARTESIAN_POINT('',(4.288029850642E1,0.E0,-1.3E0));
#5891=DIRECTION('',(0.E0,-1.E0,0.E0));
#5892=DIRECTION('',(0.E0,0.E0,-1.E0));
#5893=AXIS2_PLACEMENT_3D('',#5890,#5891,#5892);
#5895=CARTESIAN_POINT('',(0.E0,0.E0,0.E0));
#5896=DIRECTION('',(0.E0,-1.E0,0.E0));
#5897=DIRECTION('',(9.995407577255E-1,0.E0,-3.030303030241E-2));
#5898=AXIS2_PLACEMENT_3D('',#5895,#5896,#5897);
#5900=CARTESIAN_POINT('',(0.E0,0.E0,0.E0));
#5901=DIRECTION('',(0.E0,-1.E0,0.E0));
#5902=DIRECTION('',(1.E0,0.E0,-1.601383674385E-14));
#5903=AXIS2_PLACEMENT_3D('',#5900,#5901,#5902);
#5905=CARTESIAN_POINT('',(4.288029850642E1,0.E0,1.3E0));
#5906=DIRECTION('',(0.E0,-1.E0,0.E0));
#5907=DIRECTION('',(9.995407577262E-1,0.E0,3.030303028062E-2));
#5908=AXIS2_PLACEMENT_3D('',#5905,#5906,#5907);
#5910=DIRECTION('',(-1.E0,0.E0,0.E0));
#5911=VECTOR('',#5910,1.846775625730E0);
#5912=CARTESIAN_POINT('',(4.288029850642E1,0.E0,2.5E0));
#5913=LINE('',#5912,#5911);
#5914=CARTESIAN_POINT('',(4.103352288069E1,0.E0,3.7E0));
#5915=DIRECTION('',(0.E0,1.E0,0.E0));
#5916=DIRECTION('',(0.E0,0.E0,-1.E0));
#5917=AXIS2_PLACEMENT_3D('',#5914,#5915,#5916);
#5919=CARTESIAN_POINT('',(0.E0,0.E0,0.E0));
#5920=DIRECTION('',(0.E0,-1.E0,0.E0));
#5921=DIRECTION('',(9.959592932206E-1,0.E0,8.980582524320E-2));
#5922=AXIS2_PLACEMENT_3D('',#5919,#5920,#5921);
#5924=CARTESIAN_POINT('',(0.E0,0.E0,-4.65E1));
#5925=DIRECTION('',(0.E0,-1.E0,0.E0));
#5926=DIRECTION('',(0.E0,0.E0,1.E0));
#5927=AXIS2_PLACEMENT_3D('',#5924,#5925,#5926);
#5929=CARTESIAN_POINT('',(0.E0,0.E0,-4.65E1));
#5930=DIRECTION('',(0.E0,-1.E0,0.E0));
#5931=DIRECTION('',(0.E0,0.E0,-1.E0));
#5932=AXIS2_PLACEMENT_3D('',#5929,#5930,#5931);
#5934=CARTESIAN_POINT('',(-5.987499986422E0,0.E0,-4.611290322581E1));
#5935=DIRECTION('',(0.E0,-1.E0,0.E0));
#5936=DIRECTION('',(0.E0,0.E0,1.E0));
#5937=AXIS2_PLACEMENT_3D('',#5934,#5935,#5936);
#5939=CARTESIAN_POINT('',(-5.987499986422E0,0.E0,-4.611290322581E1));
#5940=DIRECTION('',(0.E0,-1.E0,0.E0));
#5941=DIRECTION('',(0.E0,0.E0,-1.E0));
#5942=AXIS2_PLACEMENT_3D('',#5939,#5940,#5941);
#5944=CARTESIAN_POINT('',(5.987499986422E0,0.E0,-4.611290322581E1));
#5945=DIRECTION('',(0.E0,-1.E0,0.E0));
#5946=DIRECTION('',(0.E0,0.E0,1.E0));
#5947=AXIS2_PLACEMENT_3D('',#5944,#5945,#5946);
#5949=CARTESIAN_POINT('',(5.987499986422E0,0.E0,-4.611290322581E1));
#5950=DIRECTION('',(0.E0,-1.E0,0.E0));
#5951=DIRECTION('',(0.E0,0.E0,-1.E0));
#5952=AXIS2_PLACEMENT_3D('',#5949,#5950,#5951);
#5954=CARTESIAN_POINT('',(3.500178566873E1,0.E0,-3.075914498161E1));
#5955=DIRECTION('',(0.E0,-1.E0,0.E0));
#5956=DIRECTION('',(0.E0,0.E0,-1.E0));
#5957=AXIS2_PLACEMENT_3D('',#5954,#5955,#5956);
#5959=CARTESIAN_POINT('',(3.500178566873E1,0.E0,-3.075914498161E1));
#5960=DIRECTION('',(0.E0,-1.E0,0.E0));
#5961=DIRECTION('',(0.E0,0.E0,1.E0));
#5962=AXIS2_PLACEMENT_3D('',#5959,#5960,#5961);
#5964=CARTESIAN_POINT('',(3.606244584051E1,0.E0,-2.969848480983E1));
#5965=DIRECTION('',(0.E0,-1.E0,0.E0));
#5966=DIRECTION('',(0.E0,0.E0,-1.E0));
#5967=AXIS2_PLACEMENT_3D('',#5964,#5965,#5966);
#5969=CARTESIAN_POINT('',(3.606244584051E1,0.E0,-2.969848480983E1));
#5970=DIRECTION('',(0.E0,-1.E0,0.E0));
#5971=DIRECTION('',(0.E0,0.E0,1.E0));
#5972=AXIS2_PLACEMENT_3D('',#5969,#5970,#5971);
#5974=CARTESIAN_POINT('',(3.712310601229E1,0.E0,-2.863782463806E1));
#5975=DIRECTION('',(0.E0,-1.E0,0.E0));
#5976=DIRECTION('',(0.E0,0.E0,-1.E0));
#5977=AXIS2_PLACEMENT_3D('',#5974,#5975,#5976);
#5979=CARTESIAN_POINT('',(3.712310601229E1,0.E0,-2.863782463806E1));
#5980=DIRECTION('',(0.E0,-1.E0,0.E0));
#5981=DIRECTION('',(0.E0,0.E0,1.E0));
#5982=AXIS2_PLACEMENT_3D('',#5979,#5980,#5981);
#5984=CARTESIAN_POINT('',(3.394112549695E1,0.E0,-3.181980515339E1));
#5985=DIRECTION('',(0.E0,-1.E0,0.E0));
#5986=DIRECTION('',(0.E0,0.E0,-1.E0));
#5987=AXIS2_PLACEMENT_3D('',#5984,#5985,#5986);
#5989=CARTESIAN_POINT('',(3.394112549695E1,0.E0,-3.181980515339E1));
#5990=DIRECTION('',(0.E0,-1.E0,0.E0));
#5991=DIRECTION('',(0.E0,0.E0,1.E0));
#5992=AXIS2_PLACEMENT_3D('',#5989,#5990,#5991);
#5994=CARTESIAN_POINT('',(3.288046532517E1,0.E0,-3.288046532517E1));
#5995=DIRECTION('',(0.E0,-1.E0,0.E0));
#5996=DIRECTION('',(0.E0,0.E0,-1.E0));
#5997=AXIS2_PLACEMENT_3D('',#5994,#5995,#5996);
#5999=CARTESIAN_POINT('',(3.288046532517E1,0.E0,-3.288046532517E1));
#6000=DIRECTION('',(0.E0,-1.E0,0.E0));
#6001=DIRECTION('',(0.E0,0.E0,1.E0));
#6002=AXIS2_PLACEMENT_3D('',#5999,#6000,#6001);
#6004=CARTESIAN_POINT('',(3.181980515339E1,0.E0,-3.394112549695E1));
#6005=DIRECTION('',(0.E0,-1.E0,0.E0));
#6006=DIRECTION('',(0.E0,0.E0,-1.E0));
#6007=AXIS2_PLACEMENT_3D('',#6004,#6005,#6006);
#6009=CARTESIAN_POINT('',(3.181980515339E1,0.E0,-3.394112549695E1));
#6010=DIRECTION('',(0.E0,-1.E0,0.E0));
#6011=DIRECTION('',(0.E0,0.E0,1.E0));
#6012=AXIS2_PLACEMENT_3D('',#6009,#6010,#6011);
#6014=CARTESIAN_POINT('',(3.075914498161E1,0.E0,-3.500178566873E1));
#6015=DIRECTION('',(0.E0,-1.E0,0.E0));
#6016=DIRECTION('',(0.E0,0.E0,-1.E0));
#6017=AXIS2_PLACEMENT_3D('',#6014,#6015,#6016);
#6019=CARTESIAN_POINT('',(3.075914498161E1,0.E0,-3.500178566873E1));
#6020=DIRECTION('',(0.E0,-1.E0,0.E0));
#6021=DIRECTION('',(0.E0,0.E0,1.E0));
#6022=AXIS2_PLACEMENT_3D('',#6019,#6020,#6021);
#6024=DIRECTION('',(0.E0,-1.E0,0.E0));
#6025=VECTOR('',#6024,1.2E0);
#6026=CARTESIAN_POINT('',(-5.E1,1.2E0,0.E0));
#6027=LINE('',#6026,#6025);
#6028=DIRECTION('',(0.E0,-1.E0,0.E0));
#6029=VECTOR('',#6028,1.2E0);
#6030=CARTESIAN_POINT('',(5.E1,1.2E0,0.E0));
#6031=LINE('',#6030,#6029);
#6032=CARTESIAN_POINT('',(0.E0,1.2E0,0.E0));
#6033=DIRECTION('',(0.E0,-1.E0,0.E0));
#6034=DIRECTION('',(-1.E0,0.E0,0.E0));
#6035=AXIS2_PLACEMENT_3D('',#6032,#6033,#6034);
#6037=CARTESIAN_POINT('',(0.E0,1.2E0,0.E0));
#6038=DIRECTION('',(0.E0,-1.E0,0.E0));
#6039=DIRECTION('',(1.E0,0.E0,0.E0));
#6040=AXIS2_PLACEMENT_3D('',#6037,#6038,#6039);
#6042=CARTESIAN_POINT('',(3.7E0,1.2E0,4.103352288069E1));
#6043=DIRECTION('',(0.E0,-1.E0,0.E0));
#6044=DIRECTION('',(-1.E0,0.E0,0.E0));
#6045=AXIS2_PLACEMENT_3D('',#6042,#6043,#6044);
#6047=CARTESIAN_POINT('',(0.E0,1.2E0,0.E0));
#6048=DIRECTION('',(0.E0,1.E0,0.E0));
#6049=DIRECTION('',(8.980582524320E-2,0.E0,9.959592932206E-1));
#6050=AXIS2_PLACEMENT_3D('',#6047,#6048,#6049);
#6052=CARTESIAN_POINT('',(4.103352288069E1,1.2E0,3.7E0));
#6053=DIRECTION('',(0.E0,-1.E0,0.E0));
#6054=DIRECTION('',(-9.959592932222E-1,0.E0,-8.980582522508E-2));
#6055=AXIS2_PLACEMENT_3D('',#6052,#6053,#6054);
#6057=CARTESIAN_POINT('',(4.288029850642E1,1.2E0,1.3E0));
#6058=DIRECTION('',(0.E0,1.E0,0.E0));
#6059=DIRECTION('',(0.E0,0.E0,1.E0));
#6060=AXIS2_PLACEMENT_3D('',#6057,#6058,#6059);
#6062=CARTESIAN_POINT('',(0.E0,1.2E0,0.E0));
#6063=DIRECTION('',(0.E0,1.E0,0.E0));
#6064=DIRECTION('',(9.995407577255E-1,0.E0,3.030303030242E-2));
#6065=AXIS2_PLACEMENT_3D('',#6062,#6063,#6064);
#6067=CARTESIAN_POINT('',(0.E0,1.2E0,0.E0));
#6068=DIRECTION('',(0.E0,1.E0,0.E0));
#6069=DIRECTION('',(1.E0,0.E0,-1.601383674383E-14));
#6070=AXIS2_PLACEMENT_3D('',#6067,#6068,#6069);
#6072=CARTESIAN_POINT('',(4.288029850642E1,1.2E0,-1.3E0));
#6073=DIRECTION('',(0.E0,1.E0,0.E0));
#6074=DIRECTION('',(9.995407577262E-1,0.E0,-3.030303028058E-2));
#6075=AXIS2_PLACEMENT_3D('',#6072,#6073,#6074);
#6077=CARTESIAN_POINT('',(4.103352288069E1,1.2E0,-3.7E0));
#6078=DIRECTION('',(0.E0,-1.E0,0.E0));
#6079=DIRECTION('',(0.E0,0.E0,1.E0));
#6080=AXIS2_PLACEMENT_3D('',#6077,#6078,#6079);
#6082=CARTESIAN_POINT('',(0.E0,1.2E0,0.E0));
#6083=DIRECTION('',(0.E0,1.E0,0.E0));
#6084=DIRECTION('',(9.959592932206E-1,0.E0,-8.980582524321E-2));
#6085=AXIS2_PLACEMENT_3D('',#6082,#6083,#6084);
#6087=CARTESIAN_POINT('',(-4.103352288069E1,1.2E0,-3.7E0));
#6088=DIRECTION('',(0.E0,-1.E0,0.E0));
#6089=DIRECTION('',(9.959592932222E-1,0.E0,8.980582522472E-2));
#6090=AXIS2_PLACEMENT_3D('',#6087,#6088,#6089);
#6092=CARTESIAN_POINT('',(-4.288029850642E1,1.2E0,-1.3E0));
#6093=DIRECTION('',(0.E0,1.E0,0.E0));
#6094=DIRECTION('',(0.E0,0.E0,-1.E0));
#6095=AXIS2_PLACEMENT_3D('',#6092,#6093,#6094);
#6097=CARTESIAN_POINT('',(0.E0,1.2E0,0.E0));
#6098=DIRECTION('',(0.E0,1.E0,0.E0));
#6099=DIRECTION('',(-9.995407577255E-1,0.E0,-3.030303030242E-2));
#6100=AXIS2_PLACEMENT_3D('',#6097,#6098,#6099);
#6102=CARTESIAN_POINT('',(0.E0,1.2E0,0.E0));
#6103=DIRECTION('',(0.E0,1.E0,0.E0));
#6104=DIRECTION('',(-1.E0,0.E0,1.601383674383E-14));
#6105=AXIS2_PLACEMENT_3D('',#6102,#6103,#6104);
#6107=CARTESIAN_POINT('',(-4.288029850642E1,1.2E0,1.3E0));
#6108=DIRECTION('',(0.E0,1.E0,0.E0));
#6109=DIRECTION('',(-9.995407577262E-1,0.E0,3.030303028058E-2));
#6110=AXIS2_PLACEMENT_3D('',#6107,#6108,#6109);
#6112=CARTESIAN_POINT('',(-4.103352288069E1,1.2E0,3.7E0));
#6113=DIRECTION('',(0.E0,-1.E0,0.E0));
#6114=DIRECTION('',(0.E0,0.E0,-1.E0));
#6115=AXIS2_PLACEMENT_3D('',#6112,#6113,#6114);
#6117=CARTESIAN_POINT('',(0.E0,1.2E0,0.E0));
#6118=DIRECTION('',(0.E0,1.E0,0.E0));
#6119=DIRECTION('',(-9.959592932206E-1,0.E0,8.980582524320E-2));
#6120=AXIS2_PLACEMENT_3D('',#6117,#6118,#6119);
#6122=CARTESIAN_POINT('',(-3.7E0,1.2E0,4.103352288069E1));
#6123=DIRECTION('',(0.E0,-1.E0,0.E0));
#6124=DIRECTION('',(8.980582522508E-2,0.E0,-9.959592932222E-1));
#6125=AXIS2_PLACEMENT_3D('',#6122,#6123,#6124);
#6127=CARTESIAN_POINT('',(-1.3E0,1.2E0,4.288029850642E1));
#6128=DIRECTION('',(0.E0,1.E0,0.E0));
#6129=DIRECTION('',(-1.E0,0.E0,0.E0));
#6130=AXIS2_PLACEMENT_3D('',#6127,#6128,#6129);
#6132=CARTESIAN_POINT('',(0.E0,1.2E0,0.E0));
#6133=DIRECTION('',(0.E0,1.E0,0.E0));
#6134=DIRECTION('',(-3.030303030242E-2,0.E0,9.995407577255E-1));
#6135=AXIS2_PLACEMENT_3D('',#6132,#6133,#6134);
#6137=CARTESIAN_POINT('',(0.E0,1.2E0,0.E0));
#6138=DIRECTION('',(0.E0,1.E0,0.E0));
#6139=DIRECTION('',(1.601383674383E-14,0.E0,1.E0));
#6140=AXIS2_PLACEMENT_3D('',#6137,#6138,#6139);
#6142=CARTESIAN_POINT('',(1.3E0,1.2E0,4.288029850642E1));
#6143=DIRECTION('',(0.E0,1.E0,0.E0));
#6144=DIRECTION('',(3.030303028058E-2,0.E0,9.995407577262E-1));
#6145=AXIS2_PLACEMENT_3D('',#6142,#6143,#6144);
#6147=CARTESIAN_POINT('',(0.E0,1.2E0,-4.65E1));
#6148=DIRECTION('',(0.E0,1.E0,0.E0));
#6149=DIRECTION('',(0.E0,0.E0,-1.E0));
#6150=AXIS2_PLACEMENT_3D('',#6147,#6148,#6149);
#6152=CARTESIAN_POINT('',(0.E0,1.2E0,-4.65E1));
#6153=DIRECTION('',(0.E0,1.E0,0.E0));
#6154=DIRECTION('',(0.E0,0.E0,1.E0));
#6155=AXIS2_PLACEMENT_3D('',#6152,#6153,#6154);
#6157=CARTESIAN_POINT('',(-5.987499986422E0,1.2E0,-4.611290322581E1));
#6158=DIRECTION('',(0.E0,1.E0,0.E0));
#6159=DIRECTION('',(0.E0,0.E0,-1.E0));
#6160=AXIS2_PLACEMENT_3D('',#6157,#6158,#6159);
#6162=CARTESIAN_POINT('',(-5.987499986422E0,1.2E0,-4.611290322581E1));
#6163=DIRECTION('',(0.E0,1.E0,0.E0));
#6164=DIRECTION('',(0.E0,0.E0,1.E0));
#6165=AXIS2_PLACEMENT_3D('',#6162,#6163,#6164);
#6167=CARTESIAN_POINT('',(5.987499986422E0,1.2E0,-4.611290322581E1));
#6168=DIRECTION('',(0.E0,1.E0,0.E0));
#6169=DIRECTION('',(0.E0,0.E0,-1.E0));
#6170=AXIS2_PLACEMENT_3D('',#6167,#6168,#6169);
#6172=CARTESIAN_POINT('',(5.987499986422E0,1.2E0,-4.611290322581E1));
#6173=DIRECTION('',(0.E0,1.E0,0.E0));
#6174=DIRECTION('',(0.E0,0.E0,1.E0));
#6175=AXIS2_PLACEMENT_3D('',#6172,#6173,#6174);
#6177=DIRECTION('',(7.660444431194E-1,0.E0,-6.427876096860E-1));
#6178=VECTOR('',#6177,4.000000000001E0);
#6179=CARTESIAN_POINT('',(2.964311018356E1,1.2E0,3.843873071064E1));
#6180=LINE('',#6179,#6178);
#6181=DIRECTION('',(-6.427876096870E-1,0.E0,-7.660444431186E-1));
#6182=VECTOR('',#6181,2.000000000001E0);
#6183=CARTESIAN_POINT('',(3.270728795604E1,1.2E0,3.586758027190E1));
#6184=LINE('',#6183,#6182);
#6185=DIRECTION('',(-7.660444431186E-1,0.E0,6.427876096869E-1));
#6186=VECTOR('',#6185,4.000000000001E0);
#6187=CARTESIAN_POINT('',(3.142171273666E1,1.2E0,3.433549138566E1));
#6188=LINE('',#6187,#6186);
#6189=DIRECTION('',(6.427876096869E-1,0.E0,7.660444431187E-1));
#6190=VECTOR('',#6189,1.999999999997E0);
#6191=CARTESIAN_POINT('',(2.835753496419E1,1.2E0,3.690664182441E1));
#6192=LINE('',#6191,#6190);
#6193=DIRECTION('',(1.736481776671E-1,0.E0,-9.848077530122E-1));
#6194=VECTOR('',#6193,4.000000000003E0);
#6195=CARTESIAN_POINT('',(4.741587966576E1,1.2E0,1.039155212287E1));
#6196=LINE('',#6195,#6194);
#6197=DIRECTION('',(-9.848077530122E-1,0.E0,-1.736481776668E-1));
#6198=VECTOR('',#6197,2.000000000004E0);
#6199=CARTESIAN_POINT('',(4.811047237643E1,1.2E0,6.452321110822E0));
#6200=LINE('',#6199,#6198);
#6201=DIRECTION('',(-1.736481776671E-1,0.E0,9.848077530122E-1));
#6202=VECTOR('',#6201,4.000000000004E0);
#6203=CARTESIAN_POINT('',(4.614085687040E1,1.2E0,6.105024755487E0));
#6204=LINE('',#6203,#6202);
#6205=DIRECTION('',(9.848077530123E-1,0.E0,1.736481776661E-1));
#6206=VECTOR('',#6205,2.000000000004E0);
#6207=CARTESIAN_POINT('',(4.544626415973E1,1.2E0,1.004425576754E1));
#6208=LINE('',#6207,#6206);
#6209=DIRECTION('',(0.E0,-1.E0,0.E0));
#6210=VECTOR('',#6209,1.2E0);
#6211=CARTESIAN_POINT('',(2.5E0,1.2E0,4.103352288069E1));
#6212=LINE('',#6211,#6210);
#6213=DIRECTION('',(0.E0,0.E0,1.E0));
#6214=VECTOR('',#6213,1.846775625730E0);
#6215=CARTESIAN_POINT('',(2.5E0,1.2E0,4.103352288069E1));
#6216=LINE('',#6215,#6214);
#6217=DIRECTION('',(0.E0,1.E0,0.E0));
#6218=VECTOR('',#6217,1.2E0);
#6219=CARTESIAN_POINT('',(2.5E0,0.E0,4.288029850642E1));
#6220=LINE('',#6219,#6218);
#6221=DIRECTION('',(9.584925445931E-14,1.E0,0.E0));
#6222=VECTOR('',#6221,1.2E0);
#6223=CARTESIAN_POINT('',(1.336363636355E0,0.E0,4.407974741569E1));
#6224=LINE('',#6223,#6222);
#6225=DIRECTION('',(9.214851104389E-14,1.E0,0.E0));
#6226=VECTOR('',#6225,1.2E0);
#6227=CARTESIAN_POINT('',(-1.336363636355E0,0.E0,4.407974741569E1));
#6228=LINE('',#6227,#6226);
#6229=DIRECTION('',(0.E0,-1.E0,0.E0));
#6230=VECTOR('',#6229,1.2E0);
#6231=CARTESIAN_POINT('',(-2.5E0,1.2E0,4.288029850642E1));
#6232=LINE('',#6231,#6230);
#6233=DIRECTION('',(0.E0,0.E0,-1.E0));
#6234=VECTOR('',#6233,1.846775625730E0);
#6235=CARTESIAN_POINT('',(-2.5E0,1.2E0,4.288029850642E1));
#6236=LINE('',#6235,#6234);
#6237=DIRECTION('',(0.E0,1.E0,0.E0));
#6238=VECTOR('',#6237,1.2E0);
#6239=CARTESIAN_POINT('',(-2.5E0,0.E0,4.103352288069E1));
#6240=LINE('',#6239,#6238);
#6241=DIRECTION('',(-5.169938551338E-13,1.E0,-8.289665250535E-14));
#6242=VECTOR('',#6241,1.2E0);
#6243=CARTESIAN_POINT('',(-3.592233009715E0,0.E0,3.983837172882E1));
#6244=LINE('',#6243,#6242);
#6245=DIRECTION('',(8.289665250535E-14,-1.E0,5.251354906477E-13));
#6246=VECTOR('',#6245,1.2E0);
#6247=CARTESIAN_POINT('',(-3.983837172882E1,1.2E0,3.592233009715E0));
#6248=LINE('',#6247,#6246);
#6249=DIRECTION('',(0.E0,-1.E0,0.E0));
#6250=VECTOR('',#6249,1.2E0);
#6251=CARTESIAN_POINT('',(-4.103352288069E1,1.2E0,2.5E0));
#6252=LINE('',#6251,#6250);
#6253=DIRECTION('',(-1.E0,0.E0,0.E0));
#6254=VECTOR('',#6253,1.846775625730E0);
#6255=CARTESIAN_POINT('',(-4.103352288069E1,1.2E0,2.5E0));
#6256=LINE('',#6255,#6254);
#6257=DIRECTION('',(0.E0,1.E0,0.E0));
#6258=VECTOR('',#6257,1.2E0);
#6259=CARTESIAN_POINT('',(-4.288029850642E1,0.E0,2.5E0));
#6260=LINE('',#6259,#6258);
#6261=DIRECTION('',(0.E0,1.E0,9.584925445931E-14));
#6262=VECTOR('',#6261,1.2E0);
#6263=CARTESIAN_POINT('',(-4.407974741569E1,0.E0,1.336363636355E0));
#6264=LINE('',#6263,#6262);
#6265=DIRECTION('',(0.E0,1.E0,9.214851104389E-14));
#6266=VECTOR('',#6265,1.2E0);
#6267=CARTESIAN_POINT('',(-4.407974741569E1,0.E0,-1.336363636355E0));
#6268=LINE('',#6267,#6266);
#6269=DIRECTION('',(0.E0,-1.E0,0.E0));
#6270=VECTOR('',#6269,1.2E0);
#6271=CARTESIAN_POINT('',(-4.288029850642E1,1.2E0,-2.5E0));
#6272=LINE('',#6271,#6270);
#6273=DIRECTION('',(1.E0,0.E0,0.E0));
#6274=VECTOR('',#6273,1.846775625730E0);
#6275=CARTESIAN_POINT('',(-4.288029850642E1,1.2E0,-2.5E0));
#6276=LINE('',#6275,#6274);
#6277=DIRECTION('',(0.E0,1.E0,0.E0));
#6278=VECTOR('',#6277,1.2E0);
#6279=CARTESIAN_POINT('',(-4.103352288069E1,0.E0,-2.5E0));
#6280=LINE('',#6279,#6278);
#6281=DIRECTION('',(9.473903143468E-14,1.E0,-5.440092820663E-13));
#6282=VECTOR('',#6281,1.2E0);
#6283=CARTESIAN_POINT('',(-3.983837172882E1,0.E0,-3.592233009715E0));
#6284=LINE('',#6283,#6282);
#6285=DIRECTION('',(-9.473903143468E-14,-1.E0,-5.543713636295E-13));
#6286=VECTOR('',#6285,1.2E0);
#6287=CARTESIAN_POINT('',(3.983837172882E1,1.2E0,-3.592233009715E0));
#6288=LINE('',#6287,#6286);
#6289=DIRECTION('',(0.E0,-1.E0,0.E0));
#6290=VECTOR('',#6289,1.2E0);
#6291=CARTESIAN_POINT('',(4.103352288069E1,1.2E0,-2.5E0));
#6292=LINE('',#6291,#6290);
#6293=DIRECTION('',(1.E0,0.E0,0.E0));
#6294=VECTOR('',#6293,1.846775625730E0);
#6295=CARTESIAN_POINT('',(4.103352288069E1,1.2E0,-2.5E0));
#6296=LINE('',#6295,#6294);
#6297=DIRECTION('',(0.E0,1.E0,0.E0));
#6298=VECTOR('',#6297,1.2E0);
#6299=CARTESIAN_POINT('',(4.288029850642E1,0.E0,-2.5E0));
#6300=LINE('',#6299,#6298);
#6301=DIRECTION('',(0.E0,1.E0,-9.584925445931E-14));
#6302=VECTOR('',#6301,1.2E0);
#6303=CARTESIAN_POINT('',(4.407974741569E1,0.E0,-1.336363636355E0));
#6304=LINE('',#6303,#6302);
#6305=DIRECTION('',(0.E0,1.E0,-9.214851104389E-14));
#6306=VECTOR('',#6305,1.2E0);
#6307=CARTESIAN_POINT('',(4.407974741569E1,0.E0,1.336363636355E0));
#6308=LINE('',#6307,#6306);
#6309=DIRECTION('',(0.E0,-1.E0,0.E0));
#6310=VECTOR('',#6309,1.2E0);
#6311=CARTESIAN_POINT('',(4.288029850642E1,1.2E0,2.5E0));
#6312=LINE('',#6311,#6310);
#6313=DIRECTION('',(-1.E0,0.E0,0.E0));
#6314=VECTOR('',#6313,1.846775625730E0);
#6315=CARTESIAN_POINT('',(4.288029850642E1,1.2E0,2.5E0));
#6316=LINE('',#6315,#6314);
#6317=DIRECTION('',(0.E0,1.E0,0.E0));
#6318=VECTOR('',#6317,1.2E0);
#6319=CARTESIAN_POINT('',(4.103352288069E1,0.E0,2.5E0));
#6320=LINE('',#6319,#6318);
#6321=DIRECTION('',(5.240252676231E-13,-1.E0,-8.289665250535E-14));
#6322=VECTOR('',#6321,1.2E0);
#6323=CARTESIAN_POINT('',(3.592233009715E0,1.2E0,3.983837172882E1));
#6324=LINE('',#6323,#6322);
#6325=DIRECTION('',(-8.289665250535E-14,1.E0,5.251354906477E-13));
#6326=VECTOR('',#6325,1.2E0);
#6327=CARTESIAN_POINT('',(3.983837172882E1,0.E0,3.592233009715E0));
#6328=LINE('',#6327,#6326);
#6329=DIRECTION('',(0.E0,1.E0,0.E0));
#6330=VECTOR('',#6329,1.2E0);
#6331=CARTESIAN_POINT('',(0.E0,0.E0,-4.45E1));
#6332=LINE('',#6331,#6330);
#6333=DIRECTION('',(0.E0,1.E0,0.E0));
#6334=VECTOR('',#6333,1.2E0);
#6335=CARTESIAN_POINT('',(0.E0,0.E0,-4.85E1));
#6336=LINE('',#6335,#6334);
#6337=DIRECTION('',(0.E0,1.E0,0.E0));
#6338=VECTOR('',#6337,1.2E0);
#6339=CARTESIAN_POINT('',(-5.987499986422E0,0.E0,-4.411290322581E1));
#6340=LINE('',#6339,#6338);
#6341=DIRECTION('',(0.E0,1.E0,0.E0));
#6342=VECTOR('',#6341,1.2E0);
#6343=CARTESIAN_POINT('',(-5.987499986422E0,0.E0,-4.811290322581E1));
#6344=LINE('',#6343,#6342);
#6345=DIRECTION('',(0.E0,1.E0,0.E0));
#6346=VECTOR('',#6345,1.2E0);
#6347=CARTESIAN_POINT('',(5.987499986422E0,0.E0,-4.411290322581E1));
#6348=LINE('',#6347,#6346);
#6349=DIRECTION('',(0.E0,1.E0,0.E0));
#6350=VECTOR('',#6349,1.2E0);
#6351=CARTESIAN_POINT('',(5.987499986422E0,0.E0,-4.811290322581E1));
#6352=LINE('',#6351,#6350);
#6353=DIRECTION('',(-1.E0,0.E0,0.E0));
#6354=VECTOR('',#6353,4.E0);
#6355=CARTESIAN_POINT('',(2.E0,1.2E0,4.85E1));
#6356=LINE('',#6355,#6354);
#6357=DIRECTION('',(0.E0,-1.E0,0.E0));
#6358=VECTOR('',#6357,3.E0);
#6359=CARTESIAN_POINT('',(2.E0,4.2E0,4.85E1));
#6360=LINE('',#6359,#6358);
#6361=DIRECTION('',(0.E0,0.E0,-1.E0));
#6362=VECTOR('',#6361,2.E0);
#6363=CARTESIAN_POINT('',(-2.E0,1.2E0,4.85E1));
#6364=LINE('',#6363,#6362);
#6365=DIRECTION('',(0.E0,-1.E0,0.E0));
#6366=VECTOR('',#6365,3.E0);
#6367=CARTESIAN_POINT('',(-2.E0,4.2E0,4.85E1));
#6368=LINE('',#6367,#6366);
#6369=DIRECTION('',(1.E0,0.E0,0.E0));
#6370=VECTOR('',#6369,4.E0);
#6371=CARTESIAN_POINT('',(-2.E0,1.2E0,4.65E1));
#6372=LINE('',#6371,#6370);
#6373=DIRECTION('',(0.E0,-1.E0,0.E0));
#6374=VECTOR('',#6373,3.E0);
#6375=CARTESIAN_POINT('',(-2.E0,4.2E0,4.65E1));
#6376=LINE('',#6375,#6374);
#6377=DIRECTION('',(0.E0,0.E0,1.E0));
#6378=VECTOR('',#6377,2.E0);
#6379=CARTESIAN_POINT('',(2.E0,1.2E0,4.65E1));
#6380=LINE('',#6379,#6378);
#6381=DIRECTION('',(0.E0,-1.E0,0.E0));
#6382=VECTOR('',#6381,3.E0);
#6383=CARTESIAN_POINT('',(2.E0,4.2E0,4.65E1));
#6384=LINE('',#6383,#6382);
#6385=DIRECTION('',(-1.E0,0.E0,0.E0));
#6386=VECTOR('',#6385,4.E0);
#6387=CARTESIAN_POINT('',(2.E0,4.2E0,4.85E1));
#6388=LINE('',#6387,#6386);
#6389=DIRECTION('',(0.E0,0.E0,-1.E0));
#6390=VECTOR('',#6389,2.E0);
#6391=CARTESIAN_POINT('',(-2.E0,4.2E0,4.85E1));
#6392=LINE('',#6391,#6390);
#6393=DIRECTION('',(1.E0,0.E0,0.E0));
#6394=VECTOR('',#6393,4.E0);
#6395=CARTESIAN_POINT('',(-2.E0,4.2E0,4.65E1));
#6396=LINE('',#6395,#6394);
#6397=DIRECTION('',(0.E0,0.E0,1.E0));
#6398=VECTOR('',#6397,2.E0);
#6399=CARTESIAN_POINT('',(2.E0,4.2E0,4.65E1));
#6400=LINE('',#6399,#6398);
#6401=DIRECTION('',(0.E0,-1.E0,0.E0));
#6402=VECTOR('',#6401,3.E0);
#6403=CARTESIAN_POINT('',(3.270728795604E1,4.2E0,3.586758027190E1));
#6404=LINE('',#6403,#6402);
#6405=DIRECTION('',(0.E0,-1.E0,0.E0));
#6406=VECTOR('',#6405,3.E0);
#6407=CARTESIAN_POINT('',(2.964311018356E1,4.2E0,3.843873071064E1));
#6408=LINE('',#6407,#6406);
#6409=DIRECTION('',(0.E0,-1.E0,0.E0));
#6410=VECTOR('',#6409,3.E0);
#6411=CARTESIAN_POINT('',(2.835753496419E1,4.2E0,3.690664182441E1));
#6412=LINE('',#6411,#6410);
#6413=DIRECTION('',(0.E0,-1.E0,0.E0));
#6414=VECTOR('',#6413,3.E0);
#6415=CARTESIAN_POINT('',(3.142171273666E1,4.2E0,3.433549138566E1));
#6416=LINE('',#6415,#6414);
#6417=DIRECTION('',(-7.660444431194E-1,0.E0,6.427876096860E-1));
#6418=VECTOR('',#6417,4.000000000001E0);
#6419=CARTESIAN_POINT('',(3.270728795604E1,4.2E0,3.586758027190E1));
#6420=LINE('',#6419,#6418);
#6421=DIRECTION('',(-6.427876096869E-1,0.E0,-7.660444431187E-1));
#6422=VECTOR('',#6421,1.999999999997E0);
#6423=CARTESIAN_POINT('',(2.964311018356E1,4.2E0,3.843873071064E1));
#6424=LINE('',#6423,#6422);
#6425=DIRECTION('',(7.660444431186E-1,0.E0,-6.427876096869E-1));
#6426=VECTOR('',#6425,4.000000000001E0);
#6427=CARTESIAN_POINT('',(2.835753496419E1,4.2E0,3.690664182441E1));
#6428=LINE('',#6427,#6426);
#6429=DIRECTION('',(6.427876096870E-1,0.E0,7.660444431186E-1));
#6430=VECTOR('',#6429,2.000000000001E0);
#6431=CARTESIAN_POINT('',(3.142171273666E1,4.2E0,3.433549138566E1));
#6432=LINE('',#6431,#6430);
#6433=DIRECTION('',(0.E0,-1.E0,0.E0));
#6434=VECTOR('',#6433,3.E0);
#6435=CARTESIAN_POINT('',(4.811047237643E1,4.2E0,6.452321110822E0));
#6436=LINE('',#6435,#6434);
#6437=DIRECTION('',(0.E0,-1.E0,0.E0));
#6438=VECTOR('',#6437,3.E0);
#6439=CARTESIAN_POINT('',(4.741587966576E1,4.2E0,1.039155212287E1));
#6440=LINE('',#6439,#6438);
#6441=DIRECTION('',(0.E0,-1.E0,0.E0));
#6442=VECTOR('',#6441,3.E0);
#6443=CARTESIAN_POINT('',(4.544626415973E1,4.2E0,1.004425576754E1));
#6444=LINE('',#6443,#6442);
#6445=DIRECTION('',(0.E0,-1.E0,0.E0));
#6446=VECTOR('',#6445,3.E0);
#6447=CARTESIAN_POINT('',(4.614085687040E1,4.2E0,6.105024755487E0));
#6448=LINE('',#6447,#6446);
#6449=DIRECTION('',(-1.736481776671E-1,0.E0,9.848077530122E-1));
#6450=VECTOR('',#6449,4.000000000003E0);
#6451=CARTESIAN_POINT('',(4.811047237643E1,4.2E0,6.452321110822E0));
#6452=LINE('',#6451,#6450);
#6453=DIRECTION('',(-9.848077530123E-1,0.E0,-1.736481776661E-1));
#6454=VECTOR('',#6453,2.000000000004E0);
#6455=CARTESIAN_POINT('',(4.741587966576E1,4.2E0,1.039155212287E1));
#6456=LINE('',#6455,#6454);
#6457=DIRECTION('',(1.736481776670E-1,0.E0,-9.848077530122E-1));
#6458=VECTOR('',#6457,4.000000000004E0);
#6459=CARTESIAN_POINT('',(4.544626415973E1,4.2E0,1.004425576754E1));
#6460=LINE('',#6459,#6458);
#6461=DIRECTION('',(9.848077530122E-1,0.E0,1.736481776668E-1));
#6462=VECTOR('',#6461,2.000000000004E0);
#6463=CARTESIAN_POINT('',(4.614085687040E1,4.2E0,6.105024755487E0));
#6464=LINE('',#6463,#6462);
#6465=DIRECTION('',(0.E0,1.E0,0.E0));
#6466=VECTOR('',#6465,4.75E0);
#6467=CARTESIAN_POINT('',(3.500178566873E1,-4.75E0,-3.025914498161E1));
#6468=LINE('',#6467,#6466);
#6469=DIRECTION('',(0.E0,1.E0,0.E0));
#6470=VECTOR('',#6469,4.75E0);
#6471=CARTESIAN_POINT('',(3.500178566873E1,-4.75E0,-3.125914498161E1));
#6472=LINE('',#6471,#6470);
#6473=CARTESIAN_POINT('',(3.500178566873E1,-4.75E0,-3.075914498161E1));
#6474=DIRECTION('',(0.E0,1.E0,0.E0));
#6475=DIRECTION('',(0.E0,0.E0,1.E0));
#6476=AXIS2_PLACEMENT_3D('',#6473,#6474,#6475);
#6478=CARTESIAN_POINT('',(3.500178566873E1,-4.75E0,-3.075914498161E1));
#6479=DIRECTION('',(0.E0,1.E0,0.E0));
#6480=DIRECTION('',(0.E0,0.E0,-1.E0));
#6481=AXIS2_PLACEMENT_3D('',#6478,#6479,#6480);
#6483=DIRECTION('',(0.E0,1.E0,0.E0));
#6484=VECTOR('',#6483,4.75E0);
#6485=CARTESIAN_POINT('',(3.606244584051E1,-4.75E0,-2.919848480983E1));
#6486=LINE('',#6485,#6484);
#6487=DIRECTION('',(0.E0,1.E0,0.E0));
#6488=VECTOR('',#6487,4.75E0);
#6489=CARTESIAN_POINT('',(3.606244584051E1,-4.75E0,-3.019848480983E1));
#6490=LINE('',#6489,#6488);
#6491=CARTESIAN_POINT('',(3.606244584051E1,-4.75E0,-2.969848480983E1));
#6492=DIRECTION('',(0.E0,1.E0,0.E0));
#6493=DIRECTION('',(0.E0,0.E0,1.E0));
#6494=AXIS2_PLACEMENT_3D('',#6491,#6492,#6493);
#6496=CARTESIAN_POINT('',(3.606244584051E1,-4.75E0,-2.969848480983E1));
#6497=DIRECTION('',(0.E0,1.E0,0.E0));
#6498=DIRECTION('',(0.E0,0.E0,-1.E0));
#6499=AXIS2_PLACEMENT_3D('',#6496,#6497,#6498);
#6501=DIRECTION('',(0.E0,1.E0,0.E0));
#6502=VECTOR('',#6501,4.75E0);
#6503=CARTESIAN_POINT('',(3.712310601229E1,-4.75E0,-2.813782463806E1));
#6504=LINE('',#6503,#6502);
#6505=DIRECTION('',(0.E0,1.E0,0.E0));
#6506=VECTOR('',#6505,4.75E0);
#6507=CARTESIAN_POINT('',(3.712310601229E1,-4.75E0,-2.913782463806E1));
#6508=LINE('',#6507,#6506);
#6509=CARTESIAN_POINT('',(3.712310601229E1,-4.75E0,-2.863782463806E1));
#6510=DIRECTION('',(0.E0,1.E0,0.E0));
#6511=DIRECTION('',(0.E0,0.E0,1.E0));
#6512=AXIS2_PLACEMENT_3D('',#6509,#6510,#6511);
#6514=CARTESIAN_POINT('',(3.712310601229E1,-4.75E0,-2.863782463806E1));
#6515=DIRECTION('',(0.E0,1.E0,0.E0));
#6516=DIRECTION('',(0.E0,0.E0,-1.E0));
#6517=AXIS2_PLACEMENT_3D('',#6514,#6515,#6516);
#6519=DIRECTION('',(0.E0,1.E0,0.E0));
#6520=VECTOR('',#6519,4.75E0);
#6521=CARTESIAN_POINT('',(3.394112549695E1,-4.75E0,-3.131980515339E1));
#6522=LINE('',#6521,#6520);
#6523=DIRECTION('',(0.E0,1.E0,0.E0));
#6524=VECTOR('',#6523,4.75E0);
#6525=CARTESIAN_POINT('',(3.394112549695E1,-4.75E0,-3.231980515339E1));
#6526=LINE('',#6525,#6524);
#6527=CARTESIAN_POINT('',(3.394112549695E1,-4.75E0,-3.181980515339E1));
#6528=DIRECTION('',(0.E0,1.E0,0.E0));
#6529=DIRECTION('',(0.E0,0.E0,1.E0));
#6530=AXIS2_PLACEMENT_3D('',#6527,#6528,#6529);
#6532=CARTESIAN_POINT('',(3.394112549695E1,-4.75E0,-3.181980515339E1));
#6533=DIRECTION('',(0.E0,1.E0,0.E0));
#6534=DIRECTION('',(0.E0,0.E0,-1.E0));
#6535=AXIS2_PLACEMENT_3D('',#6532,#6533,#6534);
#6537=DIRECTION('',(0.E0,1.E0,0.E0));
#6538=VECTOR('',#6537,4.75E0);
#6539=CARTESIAN_POINT('',(3.288046532517E1,-4.75E0,-3.238046532517E1));
#6540=LINE('',#6539,#6538);
#6541=DIRECTION('',(0.E0,1.E0,0.E0));
#6542=VECTOR('',#6541,4.75E0);
#6543=CARTESIAN_POINT('',(3.288046532517E1,-4.75E0,-3.338046532517E1));
#6544=LINE('',#6543,#6542);
#6545=CARTESIAN_POINT('',(3.288046532517E1,-4.75E0,-3.288046532517E1));
#6546=DIRECTION('',(0.E0,1.E0,0.E0));
#6547=DIRECTION('',(0.E0,0.E0,1.E0));
#6548=AXIS2_PLACEMENT_3D('',#6545,#6546,#6547);
#6550=CARTESIAN_POINT('',(3.288046532517E1,-4.75E0,-3.288046532517E1));
#6551=DIRECTION('',(0.E0,1.E0,0.E0));
#6552=DIRECTION('',(0.E0,0.E0,-1.E0));
#6553=AXIS2_PLACEMENT_3D('',#6550,#6551,#6552);
#6555=DIRECTION('',(0.E0,1.E0,0.E0));
#6556=VECTOR('',#6555,4.75E0);
#6557=CARTESIAN_POINT('',(3.181980515339E1,-4.75E0,-3.344112549695E1));
#6558=LINE('',#6557,#6556);
#6559=DIRECTION('',(0.E0,1.E0,0.E0));
#6560=VECTOR('',#6559,4.75E0);
#6561=CARTESIAN_POINT('',(3.181980515339E1,-4.75E0,-3.444112549695E1));
#6562=LINE('',#6561,#6560);
#6563=CARTESIAN_POINT('',(3.181980515339E1,-4.75E0,-3.394112549695E1));
#6564=DIRECTION('',(0.E0,1.E0,0.E0));
#6565=DIRECTION('',(0.E0,0.E0,1.E0));
#6566=AXIS2_PLACEMENT_3D('',#6563,#6564,#6565);
#6568=CARTESIAN_POINT('',(3.181980515339E1,-4.75E0,-3.394112549695E1));
#6569=DIRECTION('',(0.E0,1.E0,0.E0));
#6570=DIRECTION('',(0.E0,0.E0,-1.E0));
#6571=AXIS2_PLACEMENT_3D('',#6568,#6569,#6570);
#6573=DIRECTION('',(0.E0,1.E0,0.E0));
#6574=VECTOR('',#6573,4.75E0);
#6575=CARTESIAN_POINT('',(3.075914498161E1,-4.75E0,-3.450178566873E1));
#6576=LINE('',#6575,#6574);
#6577=DIRECTION('',(0.E0,1.E0,0.E0));
#6578=VECTOR('',#6577,4.75E0);
#6579=CARTESIAN_POINT('',(3.075914498161E1,-4.75E0,-3.550178566873E1));
#6580=LINE('',#6579,#6578);
#6581=CARTESIAN_POINT('',(3.075914498161E1,-4.75E0,-3.500178566873E1));
#6582=DIRECTION('',(0.E0,1.E0,0.E0));
#6583=DIRECTION('',(0.E0,0.E0,1.E0));
#6584=AXIS2_PLACEMENT_3D('',#6581,#6582,#6583);
#6586=CARTESIAN_POINT('',(3.075914498161E1,-4.75E0,-3.500178566873E1));
#6587=DIRECTION('',(0.E0,1.E0,0.E0));
#6588=DIRECTION('',(0.E0,0.E0,-1.E0));
#6589=AXIS2_PLACEMENT_3D('',#6586,#6587,#6588);
#6591=CARTESIAN_POINT('',(5.E1,0.E0,-1.917166507526E-14));
#6592=CARTESIAN_POINT('',(-5.E1,0.E0,0.E0));
#6593=VERTEX_POINT('',#6591);
#6594=VERTEX_POINT('',#6592);
#6595=CARTESIAN_POINT('',(3.592233009730E0,0.E0,3.983837172882E1));
#6596=CARTESIAN_POINT('',(2.5E0,0.E0,4.103352288069E1));
#6597=VERTEX_POINT('',#6595);
#6598=VERTEX_POINT('',#6596);
#6599=CARTESIAN_POINT('',(2.5E0,0.E0,4.288029850642E1));
#6600=VERTEX_POINT('',#6599);
#6601=CARTESIAN_POINT('',(1.336363636336E0,0.E0,4.407974741569E1));
#6602=VERTEX_POINT('',#6601);
#6603=CARTESIAN_POINT('',(7.062102004039E-13,0.E0,4.41E1));
#6604=CARTESIAN_POINT('',(-1.336363636337E0,0.E0,4.407974741570E1));
#6605=VERTEX_POINT('',#6603);
#6606=VERTEX_POINT('',#6604);
#6607=CARTESIAN_POINT('',(-2.5E0,0.E0,4.288029850642E1));
#6608=VERTEX_POINT('',#6607);
#6609=CARTESIAN_POINT('',(-2.5E0,0.E0,4.103352288069E1));
#6610=VERTEX_POINT('',#6609);
#6611=CARTESIAN_POINT('',(-3.592233009728E0,0.E0,3.983837172882E1));
#6612=VERTEX_POINT('',#6611);
#6613=CARTESIAN_POINT('',(-3.983837172882E1,0.E0,3.592233009730E0));
#6614=VERTEX_POINT('',#6613);
#6615=CARTESIAN_POINT('',(-4.103352288069E1,0.E0,2.5E0));
#6616=VERTEX_POINT('',#6615);
#6617=CARTESIAN_POINT('',(-4.288029850642E1,0.E0,2.5E0));
#6618=VERTEX_POINT('',#6617);
#6619=CARTESIAN_POINT('',(-4.407974741569E1,0.E0,1.336363636336E0));
#6620=VERTEX_POINT('',#6619);
#6621=CARTESIAN_POINT('',(-4.41E1,0.E0,7.062102004039E-13));
#6622=CARTESIAN_POINT('',(-4.407974741570E1,0.E0,-1.336363636337E0));
#6623=VERTEX_POINT('',#6621);
#6624=VERTEX_POINT('',#6622);
#6625=CARTESIAN_POINT('',(-4.288029850642E1,0.E0,-2.5E0));
#6626=VERTEX_POINT('',#6625);
#6627=CARTESIAN_POINT('',(-4.103352288069E1,0.E0,-2.5E0));
#6628=VERTEX_POINT('',#6627);
#6629=CARTESIAN_POINT('',(-3.983837172882E1,0.E0,-3.592233009728E0));
#6630=VERTEX_POINT('',#6629);
#6631=CARTESIAN_POINT('',(3.983837172882E1,0.E0,-3.592233009730E0));
#6632=VERTEX_POINT('',#6631);
#6633=CARTESIAN_POINT('',(4.103352288069E1,0.E0,-2.5E0));
#6634=VERTEX_POINT('',#6633);
#6635=CARTESIAN_POINT('',(4.288029850642E1,0.E0,-2.5E0));
#6636=VERTEX_POINT('',#6635);
#6637=CARTESIAN_POINT('',(4.407974741569E1,0.E0,-1.336363636336E0));
#6638=VERTEX_POINT('',#6637);
#6639=CARTESIAN_POINT('',(4.41E1,0.E0,-7.062102004039E-13));
#6640=CARTESIAN_POINT('',(4.407974741570E1,0.E0,1.336363636337E0));
#6641=VERTEX_POINT('',#6639);
#6642=VERTEX_POINT('',#6640);
#6643=CARTESIAN_POINT('',(4.288029850642E1,0.E0,2.5E0));
#6644=VERTEX_POINT('',#6643);
#6645=CARTESIAN_POINT('',(4.103352288069E1,0.E0,2.5E0));
#6646=VERTEX_POINT('',#6645);
#6647=CARTESIAN_POINT('',(3.983837172882E1,0.E0,3.592233009728E0));
#6648=VERTEX_POINT('',#6647);
#6649=CARTESIAN_POINT('',(0.E0,0.E0,-4.45E1));
#6650=CARTESIAN_POINT('',(0.E0,0.E0,-4.85E1));
#6651=VERTEX_POINT('',#6649);
#6652=VERTEX_POINT('',#6650);
#6653=CARTESIAN_POINT('',(-5.987499986422E0,0.E0,-4.411290322581E1));
#6654=CARTESIAN_POINT('',(-5.987499986422E0,0.E0,-4.811290322581E1));
#6655=VERTEX_POINT('',#6653);
#6656=VERTEX_POINT('',#6654);
#6657=CARTESIAN_POINT('',(5.987499986422E0,0.E0,-4.411290322581E1));
#6658=CARTESIAN_POINT('',(5.987499986422E0,0.E0,-4.811290322581E1));
#6659=VERTEX_POINT('',#6657);
#6660=VERTEX_POINT('',#6658);
#6661=CARTESIAN_POINT('',(3.500178566873E1,0.E0,-3.125914498161E1));
#6662=CARTESIAN_POINT('',(3.500178566873E1,0.E0,-3.025914498161E1));
#6663=VERTEX_POINT('',#6661);
#6664=VERTEX_POINT('',#6662);
#6665=CARTESIAN_POINT('',(3.606244584051E1,0.E0,-3.019848480983E1));
#6666=CARTESIAN_POINT('',(3.606244584051E1,0.E0,-2.919848480983E1));
#6667=VERTEX_POINT('',#6665);
#6668=VERTEX_POINT('',#6666);
#6669=CARTESIAN_POINT('',(3.712310601229E1,0.E0,-2.913782463806E1));
#6670=CARTESIAN_POINT('',(3.712310601229E1,0.E0,-2.813782463806E1));
#6671=VERTEX_POINT('',#6669);
#6672=VERTEX_POINT('',#6670);
#6673=CARTESIAN_POINT('',(3.394112549695E1,0.E0,-3.231980515339E1));
#6674=CARTESIAN_POINT('',(3.394112549695E1,0.E0,-3.131980515339E1));
#6675=VERTEX_POINT('',#6673);
#6676=VERTEX_POINT('',#6674);
#6677=CARTESIAN_POINT('',(3.288046532517E1,0.E0,-3.338046532517E1));
#6678=CARTESIAN_POINT('',(3.288046532517E1,0.E0,-3.238046532517E1));
#6679=VERTEX_POINT('',#6677);
#6680=VERTEX_POINT('',#6678);
#6681=CARTESIAN_POINT('',(3.181980515339E1,0.E0,-3.444112549695E1));
#6682=CARTESIAN_POINT('',(3.181980515339E1,0.E0,-3.344112549695E1));
#6683=VERTEX_POINT('',#6681);
#6684=VERTEX_POINT('',#6682);
#6685=CARTESIAN_POINT('',(3.075914498161E1,0.E0,-3.550178566873E1));
#6686=CARTESIAN_POINT('',(3.075914498161E1,0.E0,-3.450178566873E1));
#6687=VERTEX_POINT('',#6685);
#6688=VERTEX_POINT('',#6686);
#6689=CARTESIAN_POINT('',(5.E1,1.2E0,0.E0));
#6690=VERTEX_POINT('',#6689);
#6691=CARTESIAN_POINT('',(-5.E1,1.2E0,0.E0));
#6692=VERTEX_POINT('',#6691);
#6693=CARTESIAN_POINT('',(2.5E0,1.2E0,4.103352288069E1));
#6694=CARTESIAN_POINT('',(3.592233009728E0,1.2E0,3.983837172882E1));
#6695=VERTEX_POINT('',#6693);
#6696=VERTEX_POINT('',#6694);
#6697=CARTESIAN_POINT('',(3.983837172882E1,1.2E0,3.592233009730E0));
#6698=VERTEX_POINT('',#6697);
#6699=CARTESIAN_POINT('',(4.103352288069E1,1.2E0,2.5E0));
#6700=VERTEX_POINT('',#6699);
#6701=CARTESIAN_POINT('',(4.288029850642E1,1.2E0,2.5E0));
#6702=VERTEX_POINT('',#6701);
#6703=CARTESIAN_POINT('',(4.407974741569E1,1.2E0,1.336363636336E0));
#6704=VERTEX_POINT('',#6703);
#6705=CARTESIAN_POINT('',(4.41E1,1.2E0,-7.063238882665E-13));
#6706=VERTEX_POINT('',#6705);
#6707=CARTESIAN_POINT('',(4.407974741570E1,1.2E0,-1.336363636337E0));
#6708=VERTEX_POINT('',#6707);
#6709=CARTESIAN_POINT('',(4.288029850642E1,1.2E0,-2.5E0));
#6710=VERTEX_POINT('',#6709);
#6711=CARTESIAN_POINT('',(4.103352288069E1,1.2E0,-2.5E0));
#6712=VERTEX_POINT('',#6711);
#6713=CARTESIAN_POINT('',(3.983837172882E1,1.2E0,-3.592233009728E0));
#6714=VERTEX_POINT('',#6713);
#6715=CARTESIAN_POINT('',(-3.983837172882E1,1.2E0,-3.592233009730E0));
#6716=VERTEX_POINT('',#6715);
#6717=CARTESIAN_POINT('',(-4.103352288069E1,1.2E0,-2.5E0));
#6718=VERTEX_POINT('',#6717);
#6719=CARTESIAN_POINT('',(-4.288029850642E1,1.2E0,-2.5E0));
#6720=VERTEX_POINT('',#6719);
#6721=CARTESIAN_POINT('',(-4.407974741569E1,1.2E0,-1.336363636336E0));
#6722=VERTEX_POINT('',#6721);
#6723=CARTESIAN_POINT('',(-4.41E1,1.2E0,7.063238882665E-13));
#6724=VERTEX_POINT('',#6723);
#6725=CARTESIAN_POINT('',(-4.407974741570E1,1.2E0,1.336363636337E0));
#6726=VERTEX_POINT('',#6725);
#6727=CARTESIAN_POINT('',(-4.288029850642E1,1.2E0,2.5E0));
#6728=VERTEX_POINT('',#6727);
#6729=CARTESIAN_POINT('',(-4.103352288069E1,1.2E0,2.5E0));
#6730=VERTEX_POINT('',#6729);
#6731=CARTESIAN_POINT('',(-3.983837172882E1,1.2E0,3.592233009728E0));
#6732=VERTEX_POINT('',#6731);
#6733=CARTESIAN_POINT('',(-3.592233009730E0,1.2E0,3.983837172882E1));
#6734=VERTEX_POINT('',#6733);
#6735=CARTESIAN_POINT('',(-2.5E0,1.2E0,4.103352288069E1));
#6736=VERTEX_POINT('',#6735);
#6737=CARTESIAN_POINT('',(-2.5E0,1.2E0,4.288029850642E1));
#6738=VERTEX_POINT('',#6737);
#6739=CARTESIAN_POINT('',(-1.336363636336E0,1.2E0,4.407974741569E1));
#6740=VERTEX_POINT('',#6739);
#6741=CARTESIAN_POINT('',(7.063238882665E-13,1.2E0,4.41E1));
#6742=VERTEX_POINT('',#6741);
#6743=CARTESIAN_POINT('',(1.336363636337E0,1.2E0,4.407974741570E1));
#6744=VERTEX_POINT('',#6743);
#6745=CARTESIAN_POINT('',(2.5E0,1.2E0,4.288029850642E1));
#6746=VERTEX_POINT('',#6745);
#6747=CARTESIAN_POINT('',(0.E0,1.2E0,-4.85E1));
#6748=CARTESIAN_POINT('',(0.E0,1.2E0,-4.45E1));
#6749=VERTEX_POINT('',#6747);
#6750=VERTEX_POINT('',#6748);
#6751=CARTESIAN_POINT('',(-5.987499986422E0,1.2E0,-4.811290322581E1));
#6752=CARTESIAN_POINT('',(-5.987499986422E0,1.2E0,-4.411290322581E1));
#6753=VERTEX_POINT('',#6751);
#6754=VERTEX_POINT('',#6752);
#6755=CARTESIAN_POINT('',(5.987499986422E0,1.2E0,-4.811290322581E1));
#6756=CARTESIAN_POINT('',(5.987499986422E0,1.2E0,-4.411290322581E1));
#6757=VERTEX_POINT('',#6755);
#6758=VERTEX_POINT('',#6756);
#6759=CARTESIAN_POINT('',(2.E0,1.2E0,4.85E1));
#6760=CARTESIAN_POINT('',(-2.E0,1.2E0,4.85E1));
#6761=VERTEX_POINT('',#6759);
#6762=VERTEX_POINT('',#6760);
#6763=CARTESIAN_POINT('',(2.E0,1.2E0,4.65E1));
#6764=VERTEX_POINT('',#6763);
#6765=CARTESIAN_POINT('',(-2.E0,1.2E0,4.65E1));
#6766=VERTEX_POINT('',#6765);
#6767=CARTESIAN_POINT('',(2.964311018356E1,1.2E0,3.843873071064E1));
#6768=CARTESIAN_POINT('',(3.270728795604E1,1.2E0,3.586758027190E1));
#6769=VERTEX_POINT('',#6767);
#6770=VERTEX_POINT('',#6768);
#6771=CARTESIAN_POINT('',(3.142171273666E1,1.2E0,3.433549138566E1));
#6772=VERTEX_POINT('',#6771);
#6773=CARTESIAN_POINT('',(2.835753496419E1,1.2E0,3.690664182441E1));
#6774=VERTEX_POINT('',#6773);
#6775=CARTESIAN_POINT('',(4.741587966576E1,1.2E0,1.039155212287E1));
#6776=CARTESIAN_POINT('',(4.811047237643E1,1.2E0,6.452321110822E0));
#6777=VERTEX_POINT('',#6775);
#6778=VERTEX_POINT('',#6776);
#6779=CARTESIAN_POINT('',(4.614085687040E1,1.2E0,6.105024755487E0));
#6780=VERTEX_POINT('',#6779);
#6781=CARTESIAN_POINT('',(4.544626415973E1,1.2E0,1.004425576754E1));
#6782=VERTEX_POINT('',#6781);
#6783=CARTESIAN_POINT('',(-2.E0,4.2E0,4.85E1));
#6784=VERTEX_POINT('',#6783);
#6785=CARTESIAN_POINT('',(2.E0,4.2E0,4.85E1));
#6786=VERTEX_POINT('',#6785);
#6787=CARTESIAN_POINT('',(-2.E0,4.2E0,4.65E1));
#6788=VERTEX_POINT('',#6787);
#6789=CARTESIAN_POINT('',(2.E0,4.2E0,4.65E1));
#6790=VERTEX_POINT('',#6789);
#6791=CARTESIAN_POINT('',(2.964311018356E1,4.2E0,3.843873071064E1));
#6792=VERTEX_POINT('',#6791);
#6793=CARTESIAN_POINT('',(3.270728795604E1,4.2E0,3.586758027190E1));
#6794=VERTEX_POINT('',#6793);
#6795=CARTESIAN_POINT('',(2.835753496419E1,4.2E0,3.690664182441E1));
#6796=VERTEX_POINT('',#6795);
#6797=CARTESIAN_POINT('',(3.142171273666E1,4.2E0,3.433549138566E1));
#6798=VERTEX_POINT('',#6797);
#6799=CARTESIAN_POINT('',(4.741587966576E1,4.2E0,1.039155212287E1));
#6800=VERTEX_POINT('',#6799);
#6801=CARTESIAN_POINT('',(4.811047237643E1,4.2E0,6.452321110822E0));
#6802=VERTEX_POINT('',#6801);
#6803=CARTESIAN_POINT('',(4.544626415973E1,4.2E0,1.004425576754E1));
#6804=VERTEX_POINT('',#6803);
#6805=CARTESIAN_POINT('',(4.614085687040E1,4.2E0,6.105024755487E0));
#6806=VERTEX_POINT('',#6805);
#6807=CARTESIAN_POINT('',(3.500178566873E1,-4.75E0,-3.125914498161E1));
#6808=VERTEX_POINT('',#6807);
#6809=CARTESIAN_POINT('',(3.500178566873E1,-4.75E0,-3.025914498161E1));
#6810=VERTEX_POINT('',#6809);
#6811=CARTESIAN_POINT('',(3.606244584051E1,-4.75E0,-2.919848480983E1));
#6812=CARTESIAN_POINT('',(3.606244584051E1,-4.75E0,-3.019848480983E1));
#6813=VERTEX_POINT('',#6811);
#6814=VERTEX_POINT('',#6812);
#6815=CARTESIAN_POINT('',(3.712310601229E1,-4.75E0,-2.813782463806E1));
#6816=CARTESIAN_POINT('',(3.712310601229E1,-4.75E0,-2.913782463806E1));
#6817=VERTEX_POINT('',#6815);
#6818=VERTEX_POINT('',#6816);
#6819=CARTESIAN_POINT('',(3.394112549695E1,-4.75E0,-3.131980515339E1));
#6820=CARTESIAN_POINT('',(3.394112549695E1,-4.75E0,-3.231980515339E1));
#6821=VERTEX_POINT('',#6819);
#6822=VERTEX_POINT('',#6820);
#6823=CARTESIAN_POINT('',(3.288046532517E1,-4.75E0,-3.238046532517E1));
#6824=CARTESIAN_POINT('',(3.288046532517E1,-4.75E0,-3.338046532517E1));
#6825=VERTEX_POINT('',#6823);
#6826=VERTEX_POINT('',#6824);
#6827=CARTESIAN_POINT('',(3.181980515339E1,-4.75E0,-3.344112549695E1));
#6828=CARTESIAN_POINT('',(3.181980515339E1,-4.75E0,-3.444112549695E1));
#6829=VERTEX_POINT('',#6827);
#6830=VERTEX_POINT('',#6828);
#6831=CARTESIAN_POINT('',(3.075914498161E1,-4.75E0,-3.450178566873E1));
#6832=CARTESIAN_POINT('',(3.075914498161E1,-4.75E0,-3.550178566873E1));
#6833=VERTEX_POINT('',#6831);
#6834=VERTEX_POINT('',#6832);
#6835=CARTESIAN_POINT('',(0.E0,0.E0,0.E0));
#6836=DIRECTION('',(0.E0,1.E0,0.E0));
#6837=DIRECTION('',(1.E0,0.E0,0.E0));
#6838=AXIS2_PLACEMENT_3D('',#6835,#6836,#6837);
#6839=PLANE('',#6838);
#6841=ORIENTED_EDGE('',*,*,#6840,.T.);
#6843=ORIENTED_EDGE('',*,*,#6842,.T.);
#6844=EDGE_LOOP('',(#6841,#6843));
#6845=FACE_OUTER_BOUND('',#6844,.F.);
#6847=ORIENTED_EDGE('',*,*,#6846,.T.);
#6849=ORIENTED_EDGE('',*,*,#6848,.T.);
#6851=ORIENTED_EDGE('',*,*,#6850,.T.);
#6853=ORIENTED_EDGE('',*,*,#6852,.T.);
#6855=ORIENTED_EDGE('',*,*,#6854,.T.);
#6857=ORIENTED_EDGE('',*,*,#6856,.T.);
#6859=ORIENTED_EDGE('',*,*,#6858,.T.);
#6861=ORIENTED_EDGE('',*,*,#6860,.T.);
#6863=ORIENTED_EDGE('',*,*,#6862,.T.);
#6865=ORIENTED_EDGE('',*,*,#6864,.T.);
#6867=ORIENTED_EDGE('',*,*,#6866,.T.);
#6869=ORIENTED_EDGE('',*,*,#6868,.T.);
#6871=ORIENTED_EDGE('',*,*,#6870,.T.);
#6873=ORIENTED_EDGE('',*,*,#6872,.T.);
#6875=ORIENTED_EDGE('',*,*,#6874,.T.);
#6877=ORIENTED_EDGE('',*,*,#6876,.T.);
#6879=ORIENTED_EDGE('',*,*,#6878,.T.);
#6881=ORIENTED_EDGE('',*,*,#6880,.T.);
#6883=ORIENTED_EDGE('',*,*,#6882,.T.);
#6885=ORIENTED_EDGE('',*,*,#6884,.T.);
#6887=ORIENTED_EDGE('',*,*,#6886,.T.);
#6889=ORIENTED_EDGE('',*,*,#6888,.T.);
#6891=ORIENTED_EDGE('',*,*,#6890,.T.);
#6893=ORIENTED_EDGE('',*,*,#6892,.T.);
#6895=ORIENTED_EDGE('',*,*,#6894,.T.);
#6897=ORIENTED_EDGE('',*,*,#6896,.T.);
#6899=ORIENTED_EDGE('',*,*,#6898,.T.);
#6900=EDGE_LOOP('',(#6847,#6849,#6851,#6853,#6855,#6857,#6859,#6861,#6863,#6865,
#6867,#6869,#6871,#6873,#6875,#6877,#6879,#6881,#6883,#6885,#6887,#6889,#6891,
#6893,#6895,#6897,#6899));
#6901=FACE_BOUND('',#6900,.F.);
#6903=ORIENTED_EDGE('',*,*,#6902,.T.);
#6905=ORIENTED_EDGE('',*,*,#6904,.T.);
#6906=EDGE_LOOP('',(#6903,#6905));
#6907=FACE_BOUND('',#6906,.F.);
#6909=ORIENTED_EDGE('',*,*,#6908,.T.);
#6911=ORIENTED_EDGE('',*,*,#6910,.T.);
#6912=EDGE_LOOP('',(#6909,#6911));
#6913=FACE_BOUND('',#6912,.F.);
#6915=ORIENTED_EDGE('',*,*,#6914,.T.);
#6917=ORIENTED_EDGE('',*,*,#6916,.T.);
#6918=EDGE_LOOP('',(#6915,#6917));
#6919=FACE_BOUND('',#6918,.F.);
#6921=ORIENTED_EDGE('',*,*,#6920,.T.);
#6923=ORIENTED_EDGE('',*,*,#6922,.T.);
#6924=EDGE_LOOP('',(#6921,#6923));
#6925=FACE_BOUND('',#6924,.F.);
#6927=ORIENTED_EDGE('',*,*,#6926,.T.);
#6929=ORIENTED_EDGE('',*,*,#6928,.T.);
#6930=EDGE_LOOP('',(#6927,#6929));
#6931=FACE_BOUND('',#6930,.F.);
#6933=ORIENTED_EDGE('',*,*,#6932,.T.);
#6935=ORIENTED_EDGE('',*,*,#6934,.T.);
#6936=EDGE_LOOP('',(#6933,#6935));
#6937=FACE_BOUND('',#6936,.F.);
#6939=ORIENTED_EDGE('',*,*,#6938,.T.);
#6941=ORIENTED_EDGE('',*,*,#6940,.T.);
#6942=EDGE_LOOP('',(#6939,#6941));
#6943=FACE_BOUND('',#6942,.F.);
#6945=ORIENTED_EDGE('',*,*,#6944,.T.);
#6947=ORIENTED_EDGE('',*,*,#6946,.T.);
#6948=EDGE_LOOP('',(#6945,#6947));
#6949=FACE_BOUND('',#6948,.F.);
#6951=ORIENTED_EDGE('',*,*,#6950,.T.);
#6953=ORIENTED_EDGE('',*,*,#6952,.T.);
#6954=EDGE_LOOP('',(#6951,#6953));
#6955=FACE_BOUND('',#6954,.F.);
#6957=ORIENTED_EDGE('',*,*,#6956,.T.);
#6959=ORIENTED_EDGE('',*,*,#6958,.T.);
#6960=EDGE_LOOP('',(#6957,#6959));
#6961=FACE_BOUND('',#6960,.F.);
#6962=ADVANCED_FACE('',(#6845,#6901,#6907,#6913,#6919,#6925,#6931,#6937,#6943,
#6949,#6955,#6961),#6839,.F.);
#6963=CARTESIAN_POINT('',(0.E0,0.E0,0.E0));
#6964=DIRECTION('',(0.E0,1.E0,0.E0));
#6965=DIRECTION('',(1.E0,0.E0,0.E0));
#6966=AXIS2_PLACEMENT_3D('',#6963,#6964,#6965);
#6967=CYLINDRICAL_SURFACE('',#6966,5.E1);
#6968=ORIENTED_EDGE('',*,*,#6840,.F.);
#6970=ORIENTED_EDGE('',*,*,#6969,.F.);
#6972=ORIENTED_EDGE('',*,*,#6971,.F.);
#6974=ORIENTED_EDGE('',*,*,#6973,.T.);
#6975=EDGE_LOOP('',(#6968,#6970,#6972,#6974));
#6976=FACE_OUTER_BOUND('',#6975,.F.);
#6977=ADVANCED_FACE('',(#6976),#6967,.T.);
#6978=CARTESIAN_POINT('',(0.E0,0.E0,0.E0));
#6979=DIRECTION('',(0.E0,1.E0,0.E0));
#6980=DIRECTION('',(1.E0,0.E0,0.E0));
#6981=AXIS2_PLACEMENT_3D('',#6978,#6979,#6980);
#6982=CYLINDRICAL_SURFACE('',#6981,5.E1);
#6983=ORIENTED_EDGE('',*,*,#6842,.F.);
#6984=ORIENTED_EDGE('',*,*,#6973,.F.);
#6986=ORIENTED_EDGE('',*,*,#6985,.F.);
#6987=ORIENTED_EDGE('',*,*,#6969,.T.);
#6988=EDGE_LOOP('',(#6983,#6984,#6986,#6987));
#6989=FACE_OUTER_BOUND('',#6988,.F.);
#6990=ADVANCED_FACE('',(#6989),#6982,.T.);
#6991=CARTESIAN_POINT('',(0.E0,1.2E0,0.E0));
#6992=DIRECTION('',(0.E0,1.E0,0.E0));
#6993=DIRECTION('',(1.E0,0.E0,0.E0));
#6994=AXIS2_PLACEMENT_3D('',#6991,#6992,#6993);
#6995=PLANE('',#6994);
#6996=ORIENTED_EDGE('',*,*,#6971,.T.);
#6997=ORIENTED_EDGE('',*,*,#6985,.T.);
#6998=EDGE_LOOP('',(#6996,#6997));
#6999=FACE_OUTER_BOUND('',#6998,.F.);
#7001=ORIENTED_EDGE('',*,*,#7000,.T.);
#7003=ORIENTED_EDGE('',*,*,#7002,.T.);
#7005=ORIENTED_EDGE('',*,*,#7004,.T.);
#7007=ORIENTED_EDGE('',*,*,#7006,.F.);
#7009=ORIENTED_EDGE('',*,*,#7008,.T.);
#7011=ORIENTED_EDGE('',*,*,#7010,.T.);
#7013=ORIENTED_EDGE('',*,*,#7012,.T.);
#7015=ORIENTED_EDGE('',*,*,#7014,.T.);
#7017=ORIENTED_EDGE('',*,*,#7016,.F.);
#7019=ORIENTED_EDGE('',*,*,#7018,.T.);
#7021=ORIENTED_EDGE('',*,*,#7020,.T.);
#7023=ORIENTED_EDGE('',*,*,#7022,.T.);
#7025=ORIENTED_EDGE('',*,*,#7024,.F.);
#7027=ORIENTED_EDGE('',*,*,#7026,.T.);
#7029=ORIENTED_EDGE('',*,*,#7028,.T.);
#7031=ORIENTED_EDGE('',*,*,#7030,.T.);
#7033=ORIENTED_EDGE('',*,*,#7032,.T.);
#7035=ORIENTED_EDGE('',*,*,#7034,.F.);
#7037=ORIENTED_EDGE('',*,*,#7036,.T.);
#7039=ORIENTED_EDGE('',*,*,#7038,.T.);
#7041=ORIENTED_EDGE('',*,*,#7040,.T.);
#7043=ORIENTED_EDGE('',*,*,#7042,.F.);
#7045=ORIENTED_EDGE('',*,*,#7044,.T.);
#7047=ORIENTED_EDGE('',*,*,#7046,.T.);
#7049=ORIENTED_EDGE('',*,*,#7048,.T.);
#7051=ORIENTED_EDGE('',*,*,#7050,.T.);
#7053=ORIENTED_EDGE('',*,*,#7052,.F.);
#7054=EDGE_LOOP('',(#7001,#7003,#7005,#7007,#7009,#7011,#7013,#7015,#7017,#7019,
#7021,#7023,#7025,#7027,#7029,#7031,#7033,#7035,#7037,#7039,#7041,#7043,#7045,
#7047,#7049,#7051,#7053));
#7055=FACE_BOUND('',#7054,.F.);
#7057=ORIENTED_EDGE('',*,*,#7056,.T.);
#7059=ORIENTED_EDGE('',*,*,#7058,.T.);
#7060=EDGE_LOOP('',(#7057,#7059));
#7061=FACE_BOUND('',#7060,.F.);
#7063=ORIENTED_EDGE('',*,*,#7062,.T.);
#7065=ORIENTED_EDGE('',*,*,#7064,.T.);
#7066=EDGE_LOOP('',(#7063,#7065));
#7067=FACE_BOUND('',#7066,.F.);
#7069=ORIENTED_EDGE('',*,*,#7068,.T.);
#7071=ORIENTED_EDGE('',*,*,#7070,.T.);
#7072=EDGE_LOOP('',(#7069,#7071));
#7073=FACE_BOUND('',#7072,.F.);
#7075=ORIENTED_EDGE('',*,*,#7074,.F.);
#7077=ORIENTED_EDGE('',*,*,#7076,.F.);
#7079=ORIENTED_EDGE('',*,*,#7078,.F.);
#7081=ORIENTED_EDGE('',*,*,#7080,.F.);
#7082=EDGE_LOOP('',(#7075,#7077,#7079,#7081));
#7083=FACE_BOUND('',#7082,.F.);
#7085=ORIENTED_EDGE('',*,*,#7084,.T.);
#7087=ORIENTED_EDGE('',*,*,#7086,.T.);
#7089=ORIENTED_EDGE('',*,*,#7088,.T.);
#7091=ORIENTED_EDGE('',*,*,#7090,.T.);
#7092=EDGE_LOOP('',(#7085,#7087,#7089,#7091));
#7093=FACE_BOUND('',#7092,.F.);
#7095=ORIENTED_EDGE('',*,*,#7094,.T.);
#7097=ORIENTED_EDGE('',*,*,#7096,.T.);
#7099=ORIENTED_EDGE('',*,*,#7098,.T.);
#7101=ORIENTED_EDGE('',*,*,#7100,.T.);
#7102=EDGE_LOOP('',(#7095,#7097,#7099,#7101));
#7103=FACE_BOUND('',#7102,.F.);
#7104=ADVANCED_FACE('',(#6999,#7055,#7061,#7067,#7073,#7083,#7093,#7103),#6995,
.T.);
#7105=CARTESIAN_POINT('',(3.7E0,-1.56432E0,4.103352288069E1));
#7106=DIRECTION('',(0.E0,1.E0,0.E0));
#7107=DIRECTION('',(-8.980582524272E-2,0.E0,-9.959592932206E-1));
#7108=AXIS2_PLACEMENT_3D('',#7105,#7106,#7107);
#7109=CYLINDRICAL_SURFACE('',#7108,1.2E0);
#7110=ORIENTED_EDGE('',*,*,#7000,.F.);
#7112=ORIENTED_EDGE('',*,*,#7111,.T.);
#7113=ORIENTED_EDGE('',*,*,#6846,.F.);
#7115=ORIENTED_EDGE('',*,*,#7114,.F.);
#7116=EDGE_LOOP('',(#7110,#7112,#7113,#7115));
#7117=FACE_OUTER_BOUND('',#7116,.F.);
#7118=ADVANCED_FACE('',(#7117),#7109,.T.);
#7119=CARTESIAN_POINT('',(2.5E0,1.2E0,4.402908129861E1));
#7120=DIRECTION('',(1.E0,0.E0,0.E0));
#7121=DIRECTION('',(0.E0,0.E0,-1.E0));
#7122=AXIS2_PLACEMENT_3D('',#7119,#7120,#7121);
#7123=PLANE('',#7122);
#7124=ORIENTED_EDGE('',*,*,#7111,.F.);
#7125=ORIENTED_EDGE('',*,*,#7052,.T.);
#7127=ORIENTED_EDGE('',*,*,#7126,.F.);
#7128=ORIENTED_EDGE('',*,*,#6848,.F.);
#7129=EDGE_LOOP('',(#7124,#7125,#7127,#7128));
#7130=FACE_OUTER_BOUND('',#7129,.F.);
#7131=ADVANCED_FACE('',(#7130),#7123,.F.);
#7132=CARTESIAN_POINT('',(1.3E0,2.76432E0,4.288029850642E1));
#7133=DIRECTION('',(0.E0,-1.E0,0.E0));
#7134=DIRECTION('',(1.E0,0.E0,0.E0));
#7135=AXIS2_PLACEMENT_3D('',#7132,#7133,#7134);
#7136=CYLINDRICAL_SURFACE('',#7135,1.2E0);
#7137=ORIENTED_EDGE('',*,*,#7126,.T.);
#7138=ORIENTED_EDGE('',*,*,#7050,.F.);
#7140=ORIENTED_EDGE('',*,*,#7139,.F.);
#7141=ORIENTED_EDGE('',*,*,#6850,.F.);
#7142=EDGE_LOOP('',(#7137,#7138,#7140,#7141));
#7143=FACE_OUTER_BOUND('',#7142,.F.);
#7144=ADVANCED_FACE('',(#7143),#7136,.F.);
#7145=CARTESIAN_POINT('',(0.E0,1.2E0,0.E0));
#7146=DIRECTION('',(0.E0,1.E0,0.E0));
#7147=DIRECTION('',(0.E0,0.E0,1.E0));
#7148=AXIS2_PLACEMENT_3D('',#7145,#7146,#7147);
#7149=CYLINDRICAL_SURFACE('',#7148,4.41E1);
#7151=ORIENTED_EDGE('',*,*,#7150,.F.);
#7152=ORIENTED_EDGE('',*,*,#6854,.F.);
#7153=ORIENTED_EDGE('',*,*,#6852,.F.);
#7154=ORIENTED_EDGE('',*,*,#7139,.T.);
#7155=ORIENTED_EDGE('',*,*,#7048,.F.);
#7156=ORIENTED_EDGE('',*,*,#7046,.F.);
#7157=EDGE_LOOP('',(#7151,#7152,#7153,#7154,#7155,#7156));
#7158=FACE_OUTER_BOUND('',#7157,.F.);
#7159=ADVANCED_FACE('',(#7158),#7149,.F.);
#7160=CARTESIAN_POINT('',(-1.3E0,2.76432E0,4.288029850642E1));
#7161=DIRECTION('',(0.E0,-1.E0,0.E0));
#7162=DIRECTION('',(-3.030303030304E-2,0.E0,9.995407577255E-1));
#7163=AXIS2_PLACEMENT_3D('',#7160,#7161,#7162);
#7164=CYLINDRICAL_SURFACE('',#7163,1.2E0);
#7165=ORIENTED_EDGE('',*,*,#7150,.T.);
#7166=ORIENTED_EDGE('',*,*,#7044,.F.);
#7168=ORIENTED_EDGE('',*,*,#7167,.T.);
#7169=ORIENTED_EDGE('',*,*,#6856,.F.);
#7170=EDGE_LOOP('',(#7165,#7166,#7168,#7169));
#7171=FACE_OUTER_BOUND('',#7170,.F.);
#7172=ADVANCED_FACE('',(#7171),#7164,.F.);
#7173=CARTESIAN_POINT('',(-2.5E0,1.2E0,3.992179855668E1));
#7174=DIRECTION('',(-1.E0,0.E0,0.E0));
#7175=DIRECTION('',(0.E0,0.E0,1.E0));
#7176=AXIS2_PLACEMENT_3D('',#7173,#7174,#7175);
#7177=PLANE('',#7176);
#7179=ORIENTED_EDGE('',*,*,#7178,.F.);
#7180=ORIENTED_EDGE('',*,*,#6858,.F.);
#7181=ORIENTED_EDGE('',*,*,#7167,.F.);
#7182=ORIENTED_EDGE('',*,*,#7042,.T.);
#7183=EDGE_LOOP('',(#7179,#7180,#7181,#7182));
#7184=FACE_OUTER_BOUND('',#7183,.F.);
#7185=ADVANCED_FACE('',(#7184),#7177,.F.);
#7186=CARTESIAN_POINT('',(-3.7E0,2.76432E0,4.103352288069E1));
#7187=DIRECTION('',(0.E0,-1.E0,0.E0));
#7188=DIRECTION('',(8.980582524273E-2,0.E0,-9.959592932206E-1));
#7189=AXIS2_PLACEMENT_3D('',#7186,#7187,#7188);
#7190=CYLINDRICAL_SURFACE('',#7189,1.2E0);
#7191=ORIENTED_EDGE('',*,*,#6860,.F.);
#7192=ORIENTED_EDGE('',*,*,#7178,.T.);
#7193=ORIENTED_EDGE('',*,*,#7040,.F.);
#7195=ORIENTED_EDGE('',*,*,#7194,.F.);
#7196=EDGE_LOOP('',(#7191,#7192,#7193,#7195));
#7197=FACE_OUTER_BOUND('',#7196,.F.);
#7198=ADVANCED_FACE('',(#7197),#7190,.T.);
#7199=CARTESIAN_POINT('',(0.E0,0.E0,0.E0));
#7200=DIRECTION('',(0.E0,1.E0,0.E0));
#7201=DIRECTION('',(1.E0,0.E0,0.E0));
#7202=AXIS2_PLACEMENT_3D('',#7199,#7200,#7201);
#7203=CYLINDRICAL_SURFACE('',#7202,4.E1);
#7204=ORIENTED_EDGE('',*,*,#7194,.T.);
#7205=ORIENTED_EDGE('',*,*,#7038,.F.);
#7207=ORIENTED_EDGE('',*,*,#7206,.T.);
#7208=ORIENTED_EDGE('',*,*,#6862,.F.);
#7209=EDGE_LOOP('',(#7204,#7205,#7207,#7208));
#7210=FACE_OUTER_BOUND('',#7209,.F.);
#7211=ADVANCED_FACE('',(#7210),#7203,.F.);
#7212=CARTESIAN_POINT('',(-4.103352288069E1,-1.56432E0,3.7E0));
#7213=DIRECTION('',(0.E0,1.E0,0.E0));
#7214=DIRECTION('',(9.959592932206E-1,0.E0,-8.980582524272E-2));
#7215=AXIS2_PLACEMENT_3D('',#7212,#7213,#7214);
#7216=CYLINDRICAL_SURFACE('',#7215,1.2E0);
#7217=ORIENTED_EDGE('',*,*,#7036,.F.);
#7219=ORIENTED_EDGE('',*,*,#7218,.T.);
#7220=ORIENTED_EDGE('',*,*,#6864,.F.);
#7221=ORIENTED_EDGE('',*,*,#7206,.F.);
#7222=EDGE_LOOP('',(#7217,#7219,#7220,#7221));
#7223=FACE_OUTER_BOUND('',#7222,.F.);
#7224=ADVANCED_FACE('',(#7223),#7216,.T.);
#7225=CARTESIAN_POINT('',(-4.402908129861E1,1.2E0,2.5E0));
#7226=DIRECTION('',(0.E0,0.E0,1.E0));
#7227=DIRECTION('',(1.E0,0.E0,0.E0));
#7228=AXIS2_PLACEMENT_3D('',#7225,#7226,#7227);
#7229=PLANE('',#7228);
#7230=ORIENTED_EDGE('',*,*,#7218,.F.);
#7231=ORIENTED_EDGE('',*,*,#7034,.T.);
#7233=ORIENTED_EDGE('',*,*,#7232,.F.);
#7234=ORIENTED_EDGE('',*,*,#6866,.F.);
#7235=EDGE_LOOP('',(#7230,#7231,#7233,#7234));
#7236=FACE_OUTER_BOUND('',#7235,.F.);
#7237=ADVANCED_FACE('',(#7236),#7229,.F.);
#7238=CARTESIAN_POINT('',(-4.288029850642E1,2.76432E0,1.3E0));
#7239=DIRECTION('',(0.E0,-1.E0,0.E0));
#7240=DIRECTION('',(0.E0,0.E0,1.E0));
#7241=AXIS2_PLACEMENT_3D('',#7238,#7239,#7240);
#7242=CYLINDRICAL_SURFACE('',#7241,1.2E0);
#7243=ORIENTED_EDGE('',*,*,#7232,.T.);
#7244=ORIENTED_EDGE('',*,*,#7032,.F.);
#7246=ORIENTED_EDGE('',*,*,#7245,.F.);
#7247=ORIENTED_EDGE('',*,*,#6868,.F.);
#7248=EDGE_LOOP('',(#7243,#7244,#7246,#7247));
#7249=FACE_OUTER_BOUND('',#7248,.F.);
#7250=ADVANCED_FACE('',(#7249),#7242,.F.);
#7251=CARTESIAN_POINT('',(0.E0,1.2E0,0.E0));
#7252=DIRECTION('',(0.E0,1.E0,0.E0));
#7253=DIRECTION('',(-1.E0,0.E0,0.E0));
#7254=AXIS2_PLACEMENT_3D('',#7251,#7252,#7253);
#7255=CYLINDRICAL_SURFACE('',#7254,4.41E1);
#7257=ORIENTED_EDGE('',*,*,#7256,.F.);
#7258=ORIENTED_EDGE('',*,*,#6872,.F.);
#7259=ORIENTED_EDGE('',*,*,#6870,.F.);
#7260=ORIENTED_EDGE('',*,*,#7245,.T.);
#7261=ORIENTED_EDGE('',*,*,#7030,.F.);
#7262=ORIENTED_EDGE('',*,*,#7028,.F.);
#7263=EDGE_LOOP('',(#7257,#7258,#7259,#7260,#7261,#7262));
#7264=FACE_OUTER_BOUND('',#7263,.F.);
#7265=ADVANCED_FACE('',(#7264),#7255,.F.);
#7266=CARTESIAN_POINT('',(-4.288029850642E1,2.76432E0,-1.3E0));
#7267=DIRECTION('',(0.E0,-1.E0,0.E0));
#7268=DIRECTION('',(-9.995407577255E-1,0.E0,-3.030303030304E-2));
#7269=AXIS2_PLACEMENT_3D('',#7266,#7267,#7268);
#7270=CYLINDRICAL_SURFACE('',#7269,1.2E0);
#7271=ORIENTED_EDGE('',*,*,#7256,.T.);
#7272=ORIENTED_EDGE('',*,*,#7026,.F.);
#7274=ORIENTED_EDGE('',*,*,#7273,.T.);
#7275=ORIENTED_EDGE('',*,*,#6874,.F.);
#7276=EDGE_LOOP('',(#7271,#7272,#7274,#7275));
#7277=FACE_OUTER_BOUND('',#7276,.F.);
#7278=ADVANCED_FACE('',(#7277),#7270,.F.);
#7279=CARTESIAN_POINT('',(-3.992179855668E1,1.2E0,-2.5E0));
#7280=DIRECTION('',(0.E0,0.E0,-1.E0));
#7281=DIRECTION('',(-1.E0,0.E0,0.E0));
#7282=AXIS2_PLACEMENT_3D('',#7279,#7280,#7281);
#7283=PLANE('',#7282);
#7285=ORIENTED_EDGE('',*,*,#7284,.F.);
#7286=ORIENTED_EDGE('',*,*,#6876,.F.);
#7287=ORIENTED_EDGE('',*,*,#7273,.F.);
#7288=ORIENTED_EDGE('',*,*,#7024,.T.);
#7289=EDGE_LOOP('',(#7285,#7286,#7287,#7288));
#7290=FACE_OUTER_BOUND('',#7289,.F.);
#7291=ADVANCED_FACE('',(#7290),#7283,.F.);
#7292=CARTESIAN_POINT('',(-4.103352288069E1,2.76432E0,-3.7E0));
#7293=DIRECTION('',(0.E0,-1.E0,0.E0));
#7294=DIRECTION('',(9.959592932206E-1,0.E0,8.980582524272E-2));
#7295=AXIS2_PLACEMENT_3D('',#7292,#7293,#7294);
#7296=CYLINDRICAL_SURFACE('',#7295,1.2E0);
#7297=ORIENTED_EDGE('',*,*,#6878,.F.);
#7298=ORIENTED_EDGE('',*,*,#7284,.T.);
#7299=ORIENTED_EDGE('',*,*,#7022,.F.);
#7301=ORIENTED_EDGE('',*,*,#7300,.F.);
#7302=EDGE_LOOP('',(#7297,#7298,#7299,#7301));
#7303=FACE_OUTER_BOUND('',#7302,.F.);
#7304=ADVANCED_FACE('',(#7303),#7296,.T.);
#7305=CARTESIAN_POINT('',(0.E0,0.E0,0.E0));
#7306=DIRECTION('',(0.E0,1.E0,0.E0));
#7307=DIRECTION('',(1.E0,0.E0,0.E0));
#7308=AXIS2_PLACEMENT_3D('',#7305,#7306,#7307);
#7309=CYLINDRICAL_SURFACE('',#7308,4.E1);
#7310=ORIENTED_EDGE('',*,*,#7300,.T.);
#7311=ORIENTED_EDGE('',*,*,#7020,.F.);
#7313=ORIENTED_EDGE('',*,*,#7312,.T.);
#7314=ORIENTED_EDGE('',*,*,#6880,.F.);
#7315=EDGE_LOOP('',(#7310,#7311,#7313,#7314));
#7316=FACE_OUTER_BOUND('',#7315,.F.);
#7317=ADVANCED_FACE('',(#7316),#7309,.F.);
#7318=CARTESIAN_POINT('',(4.103352288069E1,-1.56432E0,-3.7E0));
#7319=DIRECTION('',(0.E0,1.E0,0.E0));
#7320=DIRECTION('',(-9.959592932206E-1,0.E0,8.980582524272E-2));
#7321=AXIS2_PLACEMENT_3D('',#7318,#7319,#7320);
#7322=CYLINDRICAL_SURFACE('',#7321,1.2E0);
#7323=ORIENTED_EDGE('',*,*,#7018,.F.);
#7325=ORIENTED_EDGE('',*,*,#7324,.T.);
#7326=ORIENTED_EDGE('',*,*,#6882,.F.);
#7327=ORIENTED_EDGE('',*,*,#7312,.F.);
#7328=EDGE_LOOP('',(#7323,#7325,#7326,#7327));
#7329=FACE_OUTER_BOUND('',#7328,.F.);
#7330=ADVANCED_FACE('',(#7329),#7322,.T.);
#7331=CARTESIAN_POINT('',(4.402908129861E1,1.2E0,-2.5E0));
#7332=DIRECTION('',(0.E0,0.E0,-1.E0));
#7333=DIRECTION('',(-1.E0,0.E0,0.E0));
#7334=AXIS2_PLACEMENT_3D('',#7331,#7332,#7333);
#7335=PLANE('',#7334);
#7336=ORIENTED_EDGE('',*,*,#7324,.F.);
#7337=ORIENTED_EDGE('',*,*,#7016,.T.);
#7339=ORIENTED_EDGE('',*,*,#7338,.F.);
#7340=ORIENTED_EDGE('',*,*,#6884,.F.);
#7341=EDGE_LOOP('',(#7336,#7337,#7339,#7340));
#7342=FACE_OUTER_BOUND('',#7341,.F.);
#7343=ADVANCED_FACE('',(#7342),#7335,.F.);
#7344=CARTESIAN_POINT('',(4.288029850642E1,2.76432E0,-1.3E0));
#7345=DIRECTION('',(0.E0,-1.E0,0.E0));
#7346=DIRECTION('',(0.E0,0.E0,-1.E0));
#7347=AXIS2_PLACEMENT_3D('',#7344,#7345,#7346);
#7348=CYLINDRICAL_SURFACE('',#7347,1.2E0);
#7349=ORIENTED_EDGE('',*,*,#7338,.T.);
#7350=ORIENTED_EDGE('',*,*,#7014,.F.);
#7352=ORIENTED_EDGE('',*,*,#7351,.F.);
#7353=ORIENTED_EDGE('',*,*,#6886,.F.);
#7354=EDGE_LOOP('',(#7349,#7350,#7352,#7353));
#7355=FACE_OUTER_BOUND('',#7354,.F.);
#7356=ADVANCED_FACE('',(#7355),#7348,.F.);
#7357=CARTESIAN_POINT('',(0.E0,1.2E0,0.E0));
#7358=DIRECTION('',(0.E0,1.E0,0.E0));
#7359=DIRECTION('',(1.E0,0.E0,0.E0));
#7360=AXIS2_PLACEMENT_3D('',#7357,#7358,#7359);
#7361=CYLINDRICAL_SURFACE('',#7360,4.41E1);
#7363=ORIENTED_EDGE('',*,*,#7362,.F.);
#7364=ORIENTED_EDGE('',*,*,#6890,.F.);
#7365=ORIENTED_EDGE('',*,*,#6888,.F.);
#7366=ORIENTED_EDGE('',*,*,#7351,.T.);
#7367=ORIENTED_EDGE('',*,*,#7012,.F.);
#7368=ORIENTED_EDGE('',*,*,#7010,.F.);
#7369=EDGE_LOOP('',(#7363,#7364,#7365,#7366,#7367,#7368));
#7370=FACE_OUTER_BOUND('',#7369,.F.);
#7371=ADVANCED_FACE('',(#7370),#7361,.F.);
#7372=CARTESIAN_POINT('',(4.288029850642E1,2.76432E0,1.3E0));
#7373=DIRECTION('',(0.E0,-1.E0,0.E0));
#7374=DIRECTION('',(9.995407577255E-1,0.E0,3.030303030304E-2));
#7375=AXIS2_PLACEMENT_3D('',#7372,#7373,#7374);
#7376=CYLINDRICAL_SURFACE('',#7375,1.2E0);
#7377=ORIENTED_EDGE('',*,*,#7362,.T.);
#7378=ORIENTED_EDGE('',*,*,#7008,.F.);
#7380=ORIENTED_EDGE('',*,*,#7379,.T.);
#7381=ORIENTED_EDGE('',*,*,#6892,.F.);
#7382=EDGE_LOOP('',(#7377,#7378,#7380,#7381));
#7383=FACE_OUTER_BOUND('',#7382,.F.);
#7384=ADVANCED_FACE('',(#7383),#7376,.F.);
#7385=CARTESIAN_POINT('',(3.992179855668E1,1.2E0,2.5E0));
#7386=DIRECTION('',(0.E0,0.E0,1.E0));
#7387=DIRECTION('',(1.E0,0.E0,0.E0));
#7388=AXIS2_PLACEMENT_3D('',#7385,#7386,#7387);
#7389=PLANE('',#7388);
#7391=ORIENTED_EDGE('',*,*,#7390,.F.);
#7392=ORIENTED_EDGE('',*,*,#6894,.F.);
#7393=ORIENTED_EDGE('',*,*,#7379,.F.);
#7394=ORIENTED_EDGE('',*,*,#7006,.T.);
#7395=EDGE_LOOP('',(#7391,#7392,#7393,#7394));
#7396=FACE_OUTER_BOUND('',#7395,.F.);
#7397=ADVANCED_FACE('',(#7396),#7389,.F.);
#7398=CARTESIAN_POINT('',(4.103352288069E1,2.76432E0,3.7E0));
#7399=DIRECTION('',(0.E0,-1.E0,0.E0));
#7400=DIRECTION('',(-9.959592932206E-1,0.E0,-8.980582524272E-2));
#7401=AXIS2_PLACEMENT_3D('',#7398,#7399,#7400);
#7402=CYLINDRICAL_SURFACE('',#7401,1.2E0);
#7403=ORIENTED_EDGE('',*,*,#6896,.F.);
#7404=ORIENTED_EDGE('',*,*,#7390,.T.);
#7405=ORIENTED_EDGE('',*,*,#7004,.F.);
#7407=ORIENTED_EDGE('',*,*,#7406,.F.);
#7408=EDGE_LOOP('',(#7403,#7404,#7405,#7407));
#7409=FACE_OUTER_BOUND('',#7408,.F.);
#7410=ADVANCED_FACE('',(#7409),#7402,.T.);
#7411=CARTESIAN_POINT('',(0.E0,0.E0,0.E0));
#7412=DIRECTION('',(0.E0,1.E0,0.E0));
#7413=DIRECTION('',(1.E0,0.E0,0.E0));
#7414=AXIS2_PLACEMENT_3D('',#7411,#7412,#7413);
#7415=CYLINDRICAL_SURFACE('',#7414,4.E1);
#7416=ORIENTED_EDGE('',*,*,#7114,.T.);
#7417=ORIENTED_EDGE('',*,*,#6898,.F.);
#7418=ORIENTED_EDGE('',*,*,#7406,.T.);
#7419=ORIENTED_EDGE('',*,*,#7002,.F.);
#7420=EDGE_LOOP('',(#7416,#7417,#7418,#7419));
#7421=FACE_OUTER_BOUND('',#7420,.F.);
#7422=ADVANCED_FACE('',(#7421),#7415,.F.);
#7423=CARTESIAN_POINT('',(0.E0,1.2E0,-4.65E1));
#7424=DIRECTION('',(0.E0,1.E0,0.E0));
#7425=DIRECTION('',(0.E0,0.E0,-1.E0));
#7426=AXIS2_PLACEMENT_3D('',#7423,#7424,#7425);
#7427=CYLINDRICAL_SURFACE('',#7426,2.E0);
#7428=ORIENTED_EDGE('',*,*,#6902,.F.);
#7430=ORIENTED_EDGE('',*,*,#7429,.T.);
#7431=ORIENTED_EDGE('',*,*,#7056,.F.);
#7433=ORIENTED_EDGE('',*,*,#7432,.F.);
#7434=EDGE_LOOP('',(#7428,#7430,#7431,#7433));
#7435=FACE_OUTER_BOUND('',#7434,.F.);
#7436=ADVANCED_FACE('',(#7435),#7427,.F.);
#7437=CARTESIAN_POINT('',(0.E0,1.2E0,-4.65E1));
#7438=DIRECTION('',(0.E0,1.E0,0.E0));
#7439=DIRECTION('',(0.E0,0.E0,-1.E0));
#7440=AXIS2_PLACEMENT_3D('',#7437,#7438,#7439);
#7441=CYLINDRICAL_SURFACE('',#7440,2.E0);
#7442=ORIENTED_EDGE('',*,*,#6904,.F.);
#7443=ORIENTED_EDGE('',*,*,#7432,.T.);
#7444=ORIENTED_EDGE('',*,*,#7058,.F.);
#7445=ORIENTED_EDGE('',*,*,#7429,.F.);
#7446=EDGE_LOOP('',(#7442,#7443,#7444,#7445));
#7447=FACE_OUTER_BOUND('',#7446,.F.);
#7448=ADVANCED_FACE('',(#7447),#7441,.F.);
#7449=CARTESIAN_POINT('',(-5.987499986422E0,1.2E0,-4.611290322581E1));
#7450=DIRECTION('',(0.E0,1.E0,0.E0));
#7451=DIRECTION('',(0.E0,0.E0,-1.E0));
#7452=AXIS2_PLACEMENT_3D('',#7449,#7450,#7451);
#7453=CYLINDRICAL_SURFACE('',#7452,2.E0);
#7454=ORIENTED_EDGE('',*,*,#6908,.F.);
#7456=ORIENTED_EDGE('',*,*,#7455,.T.);
#7457=ORIENTED_EDGE('',*,*,#7062,.F.);
#7459=ORIENTED_EDGE('',*,*,#7458,.F.);
#7460=EDGE_LOOP('',(#7454,#7456,#7457,#7459));
#7461=FACE_OUTER_BOUND('',#7460,.F.);
#7462=ADVANCED_FACE('',(#7461),#7453,.F.);
#7463=CARTESIAN_POINT('',(-5.987499986422E0,1.2E0,-4.611290322581E1));
#7464=DIRECTION('',(0.E0,1.E0,0.E0));
#7465=DIRECTION('',(0.E0,0.E0,-1.E0));
#7466=AXIS2_PLACEMENT_3D('',#7463,#7464,#7465);
#7467=CYLINDRICAL_SURFACE('',#7466,2.E0);
#7468=ORIENTED_EDGE('',*,*,#6910,.F.);
#7469=ORIENTED_EDGE('',*,*,#7458,.T.);
#7470=ORIENTED_EDGE('',*,*,#7064,.F.);
#7471=ORIENTED_EDGE('',*,*,#7455,.F.);
#7472=EDGE_LOOP('',(#7468,#7469,#7470,#7471));
#7473=FACE_OUTER_BOUND('',#7472,.F.);
#7474=ADVANCED_FACE('',(#7473),#7467,.F.);
#7475=CARTESIAN_POINT('',(5.987499986422E0,1.2E0,-4.611290322581E1));
#7476=DIRECTION('',(0.E0,1.E0,0.E0));
#7477=DIRECTION('',(0.E0,0.E0,-1.E0));
#7478=AXIS2_PLACEMENT_3D('',#7475,#7476,#7477);
#7479=CYLINDRICAL_SURFACE('',#7478,2.E0);
#7480=ORIENTED_EDGE('',*,*,#6914,.F.);
#7482=ORIENTED_EDGE('',*,*,#7481,.T.);
#7483=ORIENTED_EDGE('',*,*,#7068,.F.);
#7485=ORIENTED_EDGE('',*,*,#7484,.F.);
#7486=EDGE_LOOP('',(#7480,#7482,#7483,#7485));
#7487=FACE_OUTER_BOUND('',#7486,.F.);
#7488=ADVANCED_FACE('',(#7487),#7479,.F.);
#7489=CARTESIAN_POINT('',(5.987499986422E0,1.2E0,-4.611290322581E1));
#7490=DIRECTION('',(0.E0,1.E0,0.E0));
#7491=DIRECTION('',(0.E0,0.E0,-1.E0));
#7492=AXIS2_PLACEMENT_3D('',#7489,#7490,#7491);
#7493=CYLINDRICAL_SURFACE('',#7492,2.E0);
#7494=ORIENTED_EDGE('',*,*,#6916,.F.);
#7495=ORIENTED_EDGE('',*,*,#7484,.T.);
#7496=ORIENTED_EDGE('',*,*,#7070,.F.);
#7497=ORIENTED_EDGE('',*,*,#7481,.F.);
#7498=EDGE_LOOP('',(#7494,#7495,#7496,#7497));
#7499=FACE_OUTER_BOUND('',#7498,.F.);
#7500=ADVANCED_FACE('',(#7499),#7493,.F.);
#7501=CARTESIAN_POINT('',(-2.E0,1.2E0,4.85E1));
#7502=DIRECTION('',(0.E0,0.E0,1.E0));
#7503=DIRECTION('',(1.E0,0.E0,0.E0));
#7504=AXIS2_PLACEMENT_3D('',#7501,#7502,#7503);
#7505=PLANE('',#7504);
#7506=ORIENTED_EDGE('',*,*,#7074,.T.);
#7508=ORIENTED_EDGE('',*,*,#7507,.F.);
#7510=ORIENTED_EDGE('',*,*,#7509,.F.);
#7512=ORIENTED_EDGE('',*,*,#7511,.T.);
#7513=EDGE_LOOP('',(#7506,#7508,#7510,#7512));
#7514=FACE_OUTER_BOUND('',#7513,.F.);
#7515=ADVANCED_FACE('',(#7514),#7505,.T.);
#7516=CARTESIAN_POINT('',(-2.E0,1.2E0,4.65E1));
#7517=DIRECTION('',(-1.E0,0.E0,0.E0));
#7518=DIRECTION('',(0.E0,0.E0,1.E0));
#7519=AXIS2_PLACEMENT_3D('',#7516,#7517,#7518);
#7520=PLANE('',#7519);
#7521=ORIENTED_EDGE('',*,*,#7080,.T.);
#7523=ORIENTED_EDGE('',*,*,#7522,.F.);
#7525=ORIENTED_EDGE('',*,*,#7524,.F.);
#7526=ORIENTED_EDGE('',*,*,#7507,.T.);
#7527=EDGE_LOOP('',(#7521,#7523,#7525,#7526));
#7528=FACE_OUTER_BOUND('',#7527,.F.);
#7529=ADVANCED_FACE('',(#7528),#7520,.T.);
#7530=CARTESIAN_POINT('',(2.E0,1.2E0,4.65E1));
#7531=DIRECTION('',(0.E0,0.E0,-1.E0));
#7532=DIRECTION('',(-1.E0,0.E0,0.E0));
#7533=AXIS2_PLACEMENT_3D('',#7530,#7531,#7532);
#7534=PLANE('',#7533);
#7535=ORIENTED_EDGE('',*,*,#7078,.T.);
#7537=ORIENTED_EDGE('',*,*,#7536,.F.);
#7539=ORIENTED_EDGE('',*,*,#7538,.F.);
#7540=ORIENTED_EDGE('',*,*,#7522,.T.);
#7541=EDGE_LOOP('',(#7535,#7537,#7539,#7540));
#7542=FACE_OUTER_BOUND('',#7541,.F.);
#7543=ADVANCED_FACE('',(#7542),#7534,.T.);
#7544=CARTESIAN_POINT('',(2.E0,1.2E0,4.85E1));
#7545=DIRECTION('',(1.E0,0.E0,0.E0));
#7546=DIRECTION('',(0.E0,0.E0,-1.E0));
#7547=AXIS2_PLACEMENT_3D('',#7544,#7545,#7546);
#7548=PLANE('',#7547);
#7549=ORIENTED_EDGE('',*,*,#7076,.T.);
#7550=ORIENTED_EDGE('',*,*,#7511,.F.);
#7552=ORIENTED_EDGE('',*,*,#7551,.F.);
#7553=ORIENTED_EDGE('',*,*,#7536,.T.);
#7554=EDGE_LOOP('',(#7549,#7550,#7552,#7553));
#7555=FACE_OUTER_BOUND('',#7554,.F.);
#7556=ADVANCED_FACE('',(#7555),#7548,.T.);
#7557=CARTESIAN_POINT('',(0.E0,4.2E0,0.E0));
#7558=DIRECTION('',(0.E0,1.E0,0.E0));
#7559=DIRECTION('',(0.E0,0.E0,-1.E0));
#7560=AXIS2_PLACEMENT_3D('',#7557,#7558,#7559);
#7561=PLANE('',#7560);
#7562=ORIENTED_EDGE('',*,*,#7509,.T.);
#7563=ORIENTED_EDGE('',*,*,#7524,.T.);
#7564=ORIENTED_EDGE('',*,*,#7538,.T.);
#7565=ORIENTED_EDGE('',*,*,#7551,.T.);
#7566=EDGE_LOOP('',(#7562,#7563,#7564,#7565));
#7567=FACE_OUTER_BOUND('',#7566,.F.);
#7568=ADVANCED_FACE('',(#7567),#7561,.T.);
#7569=CARTESIAN_POINT('',(2.964311018356E1,1.2E0,3.843873071064E1));
#7570=DIRECTION('',(6.427876096865E-1,0.E0,7.660444431190E-1));
#7571=DIRECTION('',(7.660444431190E-1,0.E0,-6.427876096865E-1));
#7572=AXIS2_PLACEMENT_3D('',#7569,#7570,#7571);
#7573=PLANE('',#7572);
#7574=ORIENTED_EDGE('',*,*,#7084,.F.);
#7576=ORIENTED_EDGE('',*,*,#7575,.F.);
#7578=ORIENTED_EDGE('',*,*,#7577,.F.);
#7580=ORIENTED_EDGE('',*,*,#7579,.T.);
#7581=EDGE_LOOP('',(#7574,#7576,#7578,#7580));
#7582=FACE_OUTER_BOUND('',#7581,.F.);
#7583=ADVANCED_FACE('',(#7582),#7573,.T.);
#7584=CARTESIAN_POINT('',(2.835753496419E1,1.2E0,3.690664182441E1));
#7585=DIRECTION('',(-7.660444431190E-1,0.E0,6.427876096865E-1));
#7586=DIRECTION('',(6.427876096865E-1,0.E0,7.660444431190E-1));
#7587=AXIS2_PLACEMENT_3D('',#7584,#7585,#7586);
#7588=PLANE('',#7587);
#7589=ORIENTED_EDGE('',*,*,#7090,.F.);
#7591=ORIENTED_EDGE('',*,*,#7590,.F.);
#7593=ORIENTED_EDGE('',*,*,#7592,.F.);
#7594=ORIENTED_EDGE('',*,*,#7575,.T.);
#7595=EDGE_LOOP('',(#7589,#7591,#7593,#7594));
#7596=FACE_OUTER_BOUND('',#7595,.F.);
#7597=ADVANCED_FACE('',(#7596),#7588,.T.);
#7598=CARTESIAN_POINT('',(3.142171273666E1,1.2E0,3.433549138566E1));
#7599=DIRECTION('',(-6.427876096865E-1,0.E0,-7.660444431190E-1));
#7600=DIRECTION('',(-7.660444431190E-1,0.E0,6.427876096865E-1));
#7601=AXIS2_PLACEMENT_3D('',#7598,#7599,#7600);
#7602=PLANE('',#7601);
#7603=ORIENTED_EDGE('',*,*,#7088,.F.);
#7605=ORIENTED_EDGE('',*,*,#7604,.F.);
#7607=ORIENTED_EDGE('',*,*,#7606,.F.);
#7608=ORIENTED_EDGE('',*,*,#7590,.T.);
#7609=EDGE_LOOP('',(#7603,#7605,#7607,#7608));
#7610=FACE_OUTER_BOUND('',#7609,.F.);
#7611=ADVANCED_FACE('',(#7610),#7602,.T.);
#7612=CARTESIAN_POINT('',(3.270728795604E1,1.2E0,3.586758027190E1));
#7613=DIRECTION('',(7.660444431190E-1,0.E0,-6.427876096865E-1));
#7614=DIRECTION('',(-6.427876096865E-1,0.E0,-7.660444431190E-1));
#7615=AXIS2_PLACEMENT_3D('',#7612,#7613,#7614);
#7616=PLANE('',#7615);
#7617=ORIENTED_EDGE('',*,*,#7086,.F.);
#7618=ORIENTED_EDGE('',*,*,#7579,.F.);
#7620=ORIENTED_EDGE('',*,*,#7619,.F.);
#7621=ORIENTED_EDGE('',*,*,#7604,.T.);
#7622=EDGE_LOOP('',(#7617,#7618,#7620,#7621));
#7623=FACE_OUTER_BOUND('',#7622,.F.);
#7624=ADVANCED_FACE('',(#7623),#7616,.T.);
#7625=CARTESIAN_POINT('',(0.E0,4.2E0,0.E0));
#7626=DIRECTION('',(0.E0,1.E0,0.E0));
#7627=DIRECTION('',(-6.427876096865E-1,0.E0,-7.660444431190E-1));
#7628=AXIS2_PLACEMENT_3D('',#7625,#7626,#7627);
#7629=PLANE('',#7628);
#7630=ORIENTED_EDGE('',*,*,#7577,.T.);
#7631=ORIENTED_EDGE('',*,*,#7592,.T.);
#7632=ORIENTED_EDGE('',*,*,#7606,.T.);
#7633=ORIENTED_EDGE('',*,*,#7619,.T.);
#7634=EDGE_LOOP('',(#7630,#7631,#7632,#7633));
#7635=FACE_OUTER_BOUND('',#7634,.F.);
#7636=ADVANCED_FACE('',(#7635),#7629,.T.);
#7637=CARTESIAN_POINT('',(4.741587966576E1,1.2E0,1.039155212287E1));
#7638=DIRECTION('',(9.848077530122E-1,0.E0,1.736481776669E-1));
#7639=DIRECTION('',(1.736481776669E-1,0.E0,-9.848077530122E-1));
#7640=AXIS2_PLACEMENT_3D('',#7637,#7638,#7639);
#7641=PLANE('',#7640);
#7642=ORIENTED_EDGE('',*,*,#7094,.F.);
#7644=ORIENTED_EDGE('',*,*,#7643,.F.);
#7646=ORIENTED_EDGE('',*,*,#7645,.F.);
#7648=ORIENTED_EDGE('',*,*,#7647,.T.);
#7649=EDGE_LOOP('',(#7642,#7644,#7646,#7648));
#7650=FACE_OUTER_BOUND('',#7649,.F.);
#7651=ADVANCED_FACE('',(#7650),#7641,.T.);
#7652=CARTESIAN_POINT('',(4.544626415973E1,1.2E0,1.004425576754E1));
#7653=DIRECTION('',(-1.736481776669E-1,0.E0,9.848077530122E-1));
#7654=DIRECTION('',(9.848077530122E-1,0.E0,1.736481776669E-1));
#7655=AXIS2_PLACEMENT_3D('',#7652,#7653,#7654);
#7656=PLANE('',#7655);
#7657=ORIENTED_EDGE('',*,*,#7100,.F.);
#7659=ORIENTED_EDGE('',*,*,#7658,.F.);
#7661=ORIENTED_EDGE('',*,*,#7660,.F.);
#7662=ORIENTED_EDGE('',*,*,#7643,.T.);
#7663=EDGE_LOOP('',(#7657,#7659,#7661,#7662));
#7664=FACE_OUTER_BOUND('',#7663,.F.);
#7665=ADVANCED_FACE('',(#7664),#7656,.T.);
#7666=CARTESIAN_POINT('',(4.614085687040E1,1.2E0,6.105024755488E0));
#7667=DIRECTION('',(-9.848077530122E-1,0.E0,-1.736481776669E-1));
#7668=DIRECTION('',(-1.736481776669E-1,0.E0,9.848077530122E-1));
#7669=AXIS2_PLACEMENT_3D('',#7666,#7667,#7668);
#7670=PLANE('',#7669);
#7671=ORIENTED_EDGE('',*,*,#7098,.F.);
#7673=ORIENTED_EDGE('',*,*,#7672,.F.);
#7675=ORIENTED_EDGE('',*,*,#7674,.F.);
#7676=ORIENTED_EDGE('',*,*,#7658,.T.);
#7677=EDGE_LOOP('',(#7671,#7673,#7675,#7676));
#7678=FACE_OUTER_BOUND('',#7677,.F.);
#7679=ADVANCED_FACE('',(#7678),#7670,.T.);
#7680=CARTESIAN_POINT('',(4.811047237643E1,1.2E0,6.452321110822E0));
#7681=DIRECTION('',(1.736481776669E-1,0.E0,-9.848077530122E-1));
#7682=DIRECTION('',(-9.848077530122E-1,0.E0,-1.736481776669E-1));
#7683=AXIS2_PLACEMENT_3D('',#7680,#7681,#7682);
#7684=PLANE('',#7683);
#7685=ORIENTED_EDGE('',*,*,#7096,.F.);
#7686=ORIENTED_EDGE('',*,*,#7647,.F.);
#7688=ORIENTED_EDGE('',*,*,#7687,.F.);
#7689=ORIENTED_EDGE('',*,*,#7672,.T.);
#7690=EDGE_LOOP('',(#7685,#7686,#7688,#7689));
#7691=FACE_OUTER_BOUND('',#7690,.F.);
#7692=ADVANCED_FACE('',(#7691),#7684,.T.);
#7693=CARTESIAN_POINT('',(0.E0,4.2E0,0.E0));
#7694=DIRECTION('',(0.E0,1.E0,0.E0));
#7695=DIRECTION('',(-9.848077530122E-1,0.E0,-1.736481776669E-1));
#7696=AXIS2_PLACEMENT_3D('',#7693,#7694,#7695);
#7697=PLANE('',#7696);
#7698=ORIENTED_EDGE('',*,*,#7645,.T.);
#7699=ORIENTED_EDGE('',*,*,#7660,.T.);
#7700=ORIENTED_EDGE('',*,*,#7674,.T.);
#7701=ORIENTED_EDGE('',*,*,#7687,.T.);
#7702=EDGE_LOOP('',(#7698,#7699,#7700,#7701));
#7703=FACE_OUTER_BOUND('',#7702,.F.);
#7704=ADVANCED_FACE('',(#7703),#7697,.T.);
#7705=CARTESIAN_POINT('',(3.500178566873E1,0.E0,-3.075914498161E1));
#7706=DIRECTION('',(0.E0,-1.E0,0.E0));
#7707=DIRECTION('',(0.E0,0.E0,-1.E0));
#7708=AXIS2_PLACEMENT_3D('',#7705,#7706,#7707);
#7709=CYLINDRICAL_SURFACE('',#7708,5.E-1);
#7710=ORIENTED_EDGE('',*,*,#6920,.F.);
#7712=ORIENTED_EDGE('',*,*,#7711,.F.);
#7714=ORIENTED_EDGE('',*,*,#7713,.F.);
#7716=ORIENTED_EDGE('',*,*,#7715,.T.);
#7717=EDGE_LOOP('',(#7710,#7712,#7714,#7716));
#7718=FACE_OUTER_BOUND('',#7717,.F.);
#7719=ADVANCED_FACE('',(#7718),#7709,.T.);
#7720=CARTESIAN_POINT('',(3.500178566873E1,0.E0,-3.075914498161E1));
#7721=DIRECTION('',(0.E0,-1.E0,0.E0));
#7722=DIRECTION('',(0.E0,0.E0,-1.E0));
#7723=AXIS2_PLACEMENT_3D('',#7720,#7721,#7722);
#7724=CYLINDRICAL_SURFACE('',#7723,5.E-1);
#7725=ORIENTED_EDGE('',*,*,#6922,.F.);
#7726=ORIENTED_EDGE('',*,*,#7715,.F.);
#7728=ORIENTED_EDGE('',*,*,#7727,.F.);
#7729=ORIENTED_EDGE('',*,*,#7711,.T.);
#7730=EDGE_LOOP('',(#7725,#7726,#7728,#7729));
#7731=FACE_OUTER_BOUND('',#7730,.F.);
#7732=ADVANCED_FACE('',(#7731),#7724,.T.);
#7733=CARTESIAN_POINT('',(0.E0,-4.75E0,0.E0));
#7734=DIRECTION('',(0.E0,-1.E0,0.E0));
#7735=DIRECTION('',(0.E0,0.E0,-1.E0));
#7736=AXIS2_PLACEMENT_3D('',#7733,#7734,#7735);
#7737=PLANE('',#7736);
#7738=ORIENTED_EDGE('',*,*,#7713,.T.);
#7739=ORIENTED_EDGE('',*,*,#7727,.T.);
#7740=EDGE_LOOP('',(#7738,#7739));
#7741=FACE_OUTER_BOUND('',#7740,.F.);
#7742=ADVANCED_FACE('',(#7741),#7737,.T.);
#7743=CARTESIAN_POINT('',(3.606244584051E1,0.E0,-2.969848480983E1));
#7744=DIRECTION('',(0.E0,-1.E0,0.E0));
#7745=DIRECTION('',(0.E0,0.E0,-1.E0));
#7746=AXIS2_PLACEMENT_3D('',#7743,#7744,#7745);
#7747=CYLINDRICAL_SURFACE('',#7746,5.E-1);
#7748=ORIENTED_EDGE('',*,*,#6926,.F.);
#7750=ORIENTED_EDGE('',*,*,#7749,.F.);
#7752=ORIENTED_EDGE('',*,*,#7751,.F.);
#7754=ORIENTED_EDGE('',*,*,#7753,.T.);
#7755=EDGE_LOOP('',(#7748,#7750,#7752,#7754));
#7756=FACE_OUTER_BOUND('',#7755,.F.);
#7757=ADVANCED_FACE('',(#7756),#7747,.T.);
#7758=CARTESIAN_POINT('',(3.606244584051E1,0.E0,-2.969848480983E1));
#7759=DIRECTION('',(0.E0,-1.E0,0.E0));
#7760=DIRECTION('',(0.E0,0.E0,-1.E0));
#7761=AXIS2_PLACEMENT_3D('',#7758,#7759,#7760);
#7762=CYLINDRICAL_SURFACE('',#7761,5.E-1);
#7763=ORIENTED_EDGE('',*,*,#6928,.F.);
#7764=ORIENTED_EDGE('',*,*,#7753,.F.);
#7766=ORIENTED_EDGE('',*,*,#7765,.F.);
#7767=ORIENTED_EDGE('',*,*,#7749,.T.);
#7768=EDGE_LOOP('',(#7763,#7764,#7766,#7767));
#7769=FACE_OUTER_BOUND('',#7768,.F.);
#7770=ADVANCED_FACE('',(#7769),#7762,.T.);
#7771=CARTESIAN_POINT('',(0.E0,-4.75E0,0.E0));
#7772=DIRECTION('',(0.E0,-1.E0,0.E0));
#7773=DIRECTION('',(0.E0,0.E0,-1.E0));
#7774=AXIS2_PLACEMENT_3D('',#7771,#7772,#7773);
#7775=PLANE('',#7774);
#7776=ORIENTED_EDGE('',*,*,#7751,.T.);
#7777=ORIENTED_EDGE('',*,*,#7765,.T.);
#7778=EDGE_LOOP('',(#7776,#7777));
#7779=FACE_OUTER_BOUND('',#7778,.F.);
#7780=ADVANCED_FACE('',(#7779),#7775,.T.);
#7781=CARTESIAN_POINT('',(3.712310601229E1,0.E0,-2.863782463806E1));
#7782=DIRECTION('',(0.E0,-1.E0,0.E0));
#7783=DIRECTION('',(0.E0,0.E0,-1.E0));
#7784=AXIS2_PLACEMENT_3D('',#7781,#7782,#7783);
#7785=CYLINDRICAL_SURFACE('',#7784,5.E-1);
#7786=ORIENTED_EDGE('',*,*,#6932,.F.);
#7788=ORIENTED_EDGE('',*,*,#7787,.F.);
#7790=ORIENTED_EDGE('',*,*,#7789,.F.);
#7792=ORIENTED_EDGE('',*,*,#7791,.T.);
#7793=EDGE_LOOP('',(#7786,#7788,#7790,#7792));
#7794=FACE_OUTER_BOUND('',#7793,.F.);
#7795=ADVANCED_FACE('',(#7794),#7785,.T.);
#7796=CARTESIAN_POINT('',(3.712310601229E1,0.E0,-2.863782463806E1));
#7797=DIRECTION('',(0.E0,-1.E0,0.E0));
#7798=DIRECTION('',(0.E0,0.E0,-1.E0));
#7799=AXIS2_PLACEMENT_3D('',#7796,#7797,#7798);
#7800=CYLINDRICAL_SURFACE('',#7799,5.E-1);
#7801=ORIENTED_EDGE('',*,*,#6934,.F.);
#7802=ORIENTED_EDGE('',*,*,#7791,.F.);
#7804=ORIENTED_EDGE('',*,*,#7803,.F.);
#7805=ORIENTED_EDGE('',*,*,#7787,.T.);
#7806=EDGE_LOOP('',(#7801,#7802,#7804,#7805));
#7807=FACE_OUTER_BOUND('',#7806,.F.);
#7808=ADVANCED_FACE('',(#7807),#7800,.T.);
#7809=CARTESIAN_POINT('',(0.E0,-4.75E0,0.E0));
#7810=DIRECTION('',(0.E0,-1.E0,0.E0));
#7811=DIRECTION('',(0.E0,0.E0,-1.E0));
#7812=AXIS2_PLACEMENT_3D('',#7809,#7810,#7811);
#7813=PLANE('',#7812);
#7814=ORIENTED_EDGE('',*,*,#7789,.T.);
#7815=ORIENTED_EDGE('',*,*,#7803,.T.);
#7816=EDGE_LOOP('',(#7814,#7815));
#7817=FACE_OUTER_BOUND('',#7816,.F.);
#7818=ADVANCED_FACE('',(#7817),#7813,.T.);
#7819=CARTESIAN_POINT('',(3.394112549695E1,0.E0,-3.181980515339E1));
#7820=DIRECTION('',(0.E0,-1.E0,0.E0));
#7821=DIRECTION('',(0.E0,0.E0,-1.E0));
#7822=AXIS2_PLACEMENT_3D('',#7819,#7820,#7821);
#7823=CYLINDRICAL_SURFACE('',#7822,5.E-1);
#7824=ORIENTED_EDGE('',*,*,#6938,.F.);
#7826=ORIENTED_EDGE('',*,*,#7825,.F.);
#7828=ORIENTED_EDGE('',*,*,#7827,.F.);
#7830=ORIENTED_EDGE('',*,*,#7829,.T.);
#7831=EDGE_LOOP('',(#7824,#7826,#7828,#7830));
#7832=FACE_OUTER_BOUND('',#7831,.F.);
#7833=ADVANCED_FACE('',(#7832),#7823,.T.);
#7834=CARTESIAN_POINT('',(3.394112549695E1,0.E0,-3.181980515339E1));
#7835=DIRECTION('',(0.E0,-1.E0,0.E0));
#7836=DIRECTION('',(0.E0,0.E0,-1.E0));
#7837=AXIS2_PLACEMENT_3D('',#7834,#7835,#7836);
#7838=CYLINDRICAL_SURFACE('',#7837,5.E-1);
#7839=ORIENTED_EDGE('',*,*,#6940,.F.);
#7840=ORIENTED_EDGE('',*,*,#7829,.F.);
#7842=ORIENTED_EDGE('',*,*,#7841,.F.);
#7843=ORIENTED_EDGE('',*,*,#7825,.T.);
#7844=EDGE_LOOP('',(#7839,#7840,#7842,#7843));
#7845=FACE_OUTER_BOUND('',#7844,.F.);
#7846=ADVANCED_FACE('',(#7845),#7838,.T.);
#7847=CARTESIAN_POINT('',(0.E0,-4.75E0,0.E0));
#7848=DIRECTION('',(0.E0,-1.E0,0.E0));
#7849=DIRECTION('',(0.E0,0.E0,-1.E0));
#7850=AXIS2_PLACEMENT_3D('',#7847,#7848,#7849);
#7851=PLANE('',#7850);
#7852=ORIENTED_EDGE('',*,*,#7827,.T.);
#7853=ORIENTED_EDGE('',*,*,#7841,.T.);
#7854=EDGE_LOOP('',(#7852,#7853));
#7855=FACE_OUTER_BOUND('',#7854,.F.);
#7856=ADVANCED_FACE('',(#7855),#7851,.T.);
#7857=CARTESIAN_POINT('',(3.288046532517E1,0.E0,-3.288046532517E1));
#7858=DIRECTION('',(0.E0,-1.E0,0.E0));
#7859=DIRECTION('',(0.E0,0.E0,-1.E0));
#7860=AXIS2_PLACEMENT_3D('',#7857,#7858,#7859);
#7861=CYLINDRICAL_SURFACE('',#7860,5.E-1);
#7862=ORIENTED_EDGE('',*,*,#6944,.F.);
#7864=ORIENTED_EDGE('',*,*,#7863,.F.);
#7866=ORIENTED_EDGE('',*,*,#7865,.F.);
#7868=ORIENTED_EDGE('',*,*,#7867,.T.);
#7869=EDGE_LOOP('',(#7862,#7864,#7866,#7868));
#7870=FACE_OUTER_BOUND('',#7869,.F.);
#7871=ADVANCED_FACE('',(#7870),#7861,.T.);
#7872=CARTESIAN_POINT('',(3.288046532517E1,0.E0,-3.288046532517E1));
#7873=DIRECTION('',(0.E0,-1.E0,0.E0));
#7874=DIRECTION('',(0.E0,0.E0,-1.E0));
#7875=AXIS2_PLACEMENT_3D('',#7872,#7873,#7874);
#7876=CYLINDRICAL_SURFACE('',#7875,5.E-1);
#7877=ORIENTED_EDGE('',*,*,#6946,.F.);
#7878=ORIENTED_EDGE('',*,*,#7867,.F.);
#7880=ORIENTED_EDGE('',*,*,#7879,.F.);
#7881=ORIENTED_EDGE('',*,*,#7863,.T.);
#7882=EDGE_LOOP('',(#7877,#7878,#7880,#7881));
#7883=FACE_OUTER_BOUND('',#7882,.F.);
#7884=ADVANCED_FACE('',(#7883),#7876,.T.);
#7885=CARTESIAN_POINT('',(0.E0,-4.75E0,0.E0));
#7886=DIRECTION('',(0.E0,-1.E0,0.E0));
#7887=DIRECTION('',(0.E0,0.E0,-1.E0));
#7888=AXIS2_PLACEMENT_3D('',#7885,#7886,#7887);
#7889=PLANE('',#7888);
#7890=ORIENTED_EDGE('',*,*,#7865,.T.);
#7891=ORIENTED_EDGE('',*,*,#7879,.T.);
#7892=EDGE_LOOP('',(#7890,#7891));
#7893=FACE_OUTER_BOUND('',#7892,.F.);
#7894=ADVANCED_FACE('',(#7893),#7889,.T.);
#7895=CARTESIAN_POINT('',(3.181980515339E1,0.E0,-3.394112549695E1));
#7896=DIRECTION('',(0.E0,-1.E0,0.E0));
#7897=DIRECTION('',(0.E0,0.E0,-1.E0));
#7898=AXIS2_PLACEMENT_3D('',#7895,#7896,#7897);
#7899=CYLINDRICAL_SURFACE('',#7898,5.E-1);
#7900=ORIENTED_EDGE('',*,*,#6950,.F.);
#7902=ORIENTED_EDGE('',*,*,#7901,.F.);
#7904=ORIENTED_EDGE('',*,*,#7903,.F.);
#7906=ORIENTED_EDGE('',*,*,#7905,.T.);
#7907=EDGE_LOOP('',(#7900,#7902,#7904,#7906));
#7908=FACE_OUTER_BOUND('',#7907,.F.);
#7909=ADVANCED_FACE('',(#7908),#7899,.T.);
#7910=CARTESIAN_POINT('',(3.181980515339E1,0.E0,-3.394112549695E1));
#7911=DIRECTION('',(0.E0,-1.E0,0.E0));
#7912=DIRECTION('',(0.E0,0.E0,-1.E0));
#7913=AXIS2_PLACEMENT_3D('',#7910,#7911,#7912);
#7914=CYLINDRICAL_SURFACE('',#7913,5.E-1);
#7915=ORIENTED_EDGE('',*,*,#6952,.F.);
#7916=ORIENTED_EDGE('',*,*,#7905,.F.);
#7918=ORIENTED_EDGE('',*,*,#7917,.F.);
#7919=ORIENTED_EDGE('',*,*,#7901,.T.);
#7920=EDGE_LOOP('',(#7915,#7916,#7918,#7919));
#7921=FACE_OUTER_BOUND('',#7920,.F.);
#7922=ADVANCED_FACE('',(#7921),#7914,.T.);
#7923=CARTESIAN_POINT('',(0.E0,-4.75E0,0.E0));
#7924=DIRECTION('',(0.E0,-1.E0,0.E0));
#7925=DIRECTION('',(0.E0,0.E0,-1.E0));
#7926=AXIS2_PLACEMENT_3D('',#7923,#7924,#7925);
#7927=PLANE('',#7926);
#7928=ORIENTED_EDGE('',*,*,#7903,.T.);
#7929=ORIENTED_EDGE('',*,*,#7917,.T.);
#7930=EDGE_LOOP('',(#7928,#7929));
#7931=FACE_OUTER_BOUND('',#7930,.F.);
#7932=ADVANCED_FACE('',(#7931),#7927,.T.);
#7933=CARTESIAN_POINT('',(3.075914498161E1,0.E0,-3.500178566873E1));
#7934=DIRECTION('',(0.E0,-1.E0,0.E0));
#7935=DIRECTION('',(0.E0,0.E0,-1.E0));
#7936=AXIS2_PLACEMENT_3D('',#7933,#7934,#7935);
#7937=CYLINDRICAL_SURFACE('',#7936,5.E-1);
#7938=ORIENTED_EDGE('',*,*,#6956,.F.);
#7940=ORIENTED_EDGE('',*,*,#7939,.F.);
#7942=ORIENTED_EDGE('',*,*,#7941,.F.);
#7944=ORIENTED_EDGE('',*,*,#7943,.T.);
#7945=EDGE_LOOP('',(#7938,#7940,#7942,#7944));
#7946=FACE_OUTER_BOUND('',#7945,.F.);
#7947=ADVANCED_FACE('',(#7946),#7937,.T.);
#7948=CARTESIAN_POINT('',(3.075914498161E1,0.E0,-3.500178566873E1));
#7949=DIRECTION('',(0.E0,-1.E0,0.E0));
#7950=DIRECTION('',(0.E0,0.E0,-1.E0));
#7951=AXIS2_PLACEMENT_3D('',#7948,#7949,#7950);
#7952=CYLINDRICAL_SURFACE('',#7951,5.E-1);
#7953=ORIENTED_EDGE('',*,*,#6958,.F.);
#7954=ORIENTED_EDGE('',*,*,#7943,.F.);
#7956=ORIENTED_EDGE('',*,*,#7955,.F.);
#7957=ORIENTED_EDGE('',*,*,#7939,.T.);
#7958=EDGE_LOOP('',(#7953,#7954,#7956,#7957));
#7959=FACE_OUTER_BOUND('',#7958,.F.);
#7960=ADVANCED_FACE('',(#7959),#7952,.T.);
#7961=CARTESIAN_POINT('',(0.E0,-4.75E0,0.E0));
#7962=DIRECTION('',(0.E0,-1.E0,0.E0));
#7963=DIRECTION('',(0.E0,0.E0,-1.E0));
#7964=AXIS2_PLACEMENT_3D('',#7961,#7962,#7963);
#7965=PLANE('',#7964);
#7966=ORIENTED_EDGE('',*,*,#7941,.T.);
#7967=ORIENTED_EDGE('',*,*,#7955,.T.);
#7968=EDGE_LOOP('',(#7966,#7967));
#7969=FACE_OUTER_BOUND('',#7968,.F.);
#7970=ADVANCED_FACE('',(#7969),#7965,.T.);
#7974=DIMENSIONAL_EXPONENTS(0.E0,0.E0,0.E0,0.E0,0.E0,0.E0,0.E0);
#7976=PLANE_ANGLE_MEASURE_WITH_UNIT(PLANE_ANGLE_MEASURE(1.745329251994E-2),
#7975);
#7977=(CONVERSION_BASED_UNIT('DEGREE',#7976)NAMED_UNIT(*)PLANE_ANGLE_UNIT());
#7979=UNCERTAINTY_MEASURE_WITH_UNIT(LENGTH_MEASURE(1.E-2),#7973,'closure',
'Maximum model space distance between geometric entities at asserted connectivities');
#7980=(GEOMETRIC_REPRESENTATION_CONTEXT(3)GLOBAL_UNCERTAINTY_ASSIGNED_CONTEXT((
#7979))GLOBAL_UNIT_ASSIGNED_CONTEXT((#7973,#7977,#7978))REPRESENTATION_CONTEXT(
'ID5','3'));
#7981=CARTESIAN_POINT('',(0.E0,0.E0,0.E0));
#7982=DIRECTION('',(0.E0,0.E0,1.E0));
#7983=DIRECTION('',(1.E0,0.E0,0.E0));
#7986=DESIGN_CONTEXT('',#926,'design');
#7987=MECHANICAL_CONTEXT('',#926,'mechanical');
#7988=PRODUCT('RO100PCBA_9','RO100PCBA_9','NOT SPECIFIED',(#7987));
#7989=PRODUCT_DEFINITION_FORMATION_WITH_SPECIFIED_SOURCE('1','LAST_VERSION',
#7988,.MADE.);
#7995=CARTESIAN_POINT('',(0.E0,-5.5E0,-2.706723734036E-14));
#7996=DIRECTION('',(0.E0,0.E0,1.E0));
#7997=DIRECTION('',(1.E0,0.E0,0.E0));
#7998=AXIS2_PLACEMENT_3D('',#7995,#7996,#7997);
#7999=ITEM_DEFINED_TRANSFORMATION('','',#7984,#7998);
#8000=(REPRESENTATION_RELATIONSHIP('','',#7985,#937)REPRESENTATION_RELATIONSHIP_WITH_TRANSFORMATION(#7999)SHAPE_REPRESENTATION_RELATIONSHIP());
#8001=CONTEXT_DEPENDENT_SHAPE_REPRESENTATION(#8000,#7994);
#8003=DIMENSIONAL_EXPONENTS(0.E0,0.E0,0.E0,0.E0,0.E0,0.E0,0.E0);
#8005=PLANE_ANGLE_MEASURE_WITH_UNIT(PLANE_ANGLE_MEASURE(1.745329251994E-2),
#8004);
#8006=(CONVERSION_BASED_UNIT('DEGREE',#8005)NAMED_UNIT(*)PLANE_ANGLE_UNIT());
#8008=UNCERTAINTY_MEASURE_WITH_UNIT(LENGTH_MEASURE(1.E-2),#8002,'closure',
'Maximum model space distance between geometric entities at asserted connectivities');
#8009=(GEOMETRIC_REPRESENTATION_CONTEXT(3)GLOBAL_UNCERTAINTY_ASSIGNED_CONTEXT((
#8008))GLOBAL_UNIT_ASSIGNED_CONTEXT((#8002,#8006,#8007))REPRESENTATION_CONTEXT(
'ID6','3'));
#8010=CARTESIAN_POINT('',(0.E0,0.E0,0.E0));
#8011=DIRECTION('',(0.E0,0.E0,1.E0));
#8012=DIRECTION('',(1.E0,0.E0,0.E0));
#8014=MECHANICAL_CONTEXT('',#926,'mechanical');
#8015=PRODUCT('RO100-36N42P_ASM_36_ASM','RO100-36N42P_ASM_36_ASM',
'NOT SPECIFIED',(#8014));
#8016=PRODUCT_DEFINITION_FORMATION_WITH_SPECIFIED_SOURCE('1','LAST_VERSION',
#8015,.MADE.);
#8018=PRODUCT_CATEGORY('part','');
#8019=PRODUCT_RELATED_PRODUCT_CATEGORY('assembly','',(#8015));
#8020=PRODUCT_CATEGORY_RELATIONSHIP('','',#8018,#8019);
#8021=PRODUCT_CATEGORY('part','');
#8022=PRODUCT_RELATED_PRODUCT_CATEGORY('detail','',(#930,#3711,#3902,#5771,
#7988));
#8023=PRODUCT_CATEGORY_RELATIONSHIP('','',#8021,#8022);
#8024=SECURITY_CLASSIFICATION_LEVEL('unclassified');
#8025=SECURITY_CLASSIFICATION('','',#8024);
#8026=CC_DESIGN_SECURITY_CLASSIFICATION(#8025,(#931,#3712,#3903,#5772,#7989,
#8016,#938,#3716,#3907,#5776,#7993));
#8027=APPROVAL_STATUS('approved');
#8028=APPROVAL(#8027,'');
#8029=CC_DESIGN_APPROVAL(#8028,(#8025,#931,#3712,#3903,#5772,#7989,#8016,#932,
#3713,#3904,#5773,#7990,#8017));
#8030=CALENDAR_DATE(123,11,9);
#8031=COORDINATED_UNIVERSAL_TIME_OFFSET(8,0,.AHEAD.);
#8032=LOCAL_TIME(16,57,3.E0,#8031);
#8033=DATE_AND_TIME(#8030,#8032);
#8034=APPROVAL_DATE_TIME(#8033,#8028);
#8035=DATE_TIME_ROLE('creation_date');
#8036=CC_DESIGN_DATE_AND_TIME_ASSIGNMENT(#8033,#8035,(#932,#3713,#3904,#5773,
#7990,#8017));
#8037=DATE_TIME_ROLE('classification_date');
#8038=CC_DESIGN_DATE_AND_TIME_ASSIGNMENT(#8033,#8037,(#8025));
#8039=PERSON('UNSPECIFIED','UNSPECIFIED',$,$,$,$);
#8040=ORGANIZATION('UNSPECIFIED','UNSPECIFIED','UNSPECIFIED');
#8041=PERSON_AND_ORGANIZATION(#8039,#8040);
#8042=APPROVAL_ROLE('approver');
#8043=APPROVAL_PERSON_ORGANIZATION(#8041,#8028,#8042);
#8044=PERSON_AND_ORGANIZATION_ROLE('creator');
#8045=CC_DESIGN_PERSON_AND_ORGANIZATION_ASSIGNMENT(#8041,#8044,(#931,#3712,
#3903,#5772,#7989,#8016,#932,#3713,#3904,#5773,#7990,#8017));
#8046=PERSON_AND_ORGANIZATION_ROLE('design_supplier');
#8047=CC_DESIGN_PERSON_AND_ORGANIZATION_ASSIGNMENT(#8041,#8046,(#931,#3712,
#3903,#5772,#7989,#8016));
#8048=PERSON_AND_ORGANIZATION_ROLE('classification_officer');
#8049=CC_DESIGN_PERSON_AND_ORGANIZATION_ASSIGNMENT(#8041,#8048,(#8025));
#8050=PERSON_AND_ORGANIZATION_ROLE('design_owner');
#8051=CC_DESIGN_PERSON_AND_ORGANIZATION_ASSIGNMENT(#8041,#8050,(#8015,#930,
#3711,#3902,#5771,#7988));
#5=CIRCLE('',#4,5.E1);
#10=CIRCLE('',#9,5.E1);
#15=CIRCLE('',#14,4.8E1);
#20=CIRCLE('',#19,4.8E1);
#33=CIRCLE('',#32,5.E1);
#38=CIRCLE('',#37,5.E1);
#43=CIRCLE('',#42,4.8E1);
#48=CIRCLE('',#47,4.8E1);
#61=CIRCLE('',#60,4.8E1);
#66=CIRCLE('',#65,4.8E1);
#71=CIRCLE('',#70,4.05E1);
#76=CIRCLE('',#75,4.05E1);
#85=CIRCLE('',#84,4.05E1);
#90=CIRCLE('',#89,4.05E1);
#95=CIRCLE('',#94,1.E0);
#100=CIRCLE('',#99,1.E0);
#105=CIRCLE('',#104,1.E0);
#110=CIRCLE('',#109,3.9E1);
#115=CIRCLE('',#114,3.9E1);
#120=CIRCLE('',#119,1.E0);
#125=CIRCLE('',#124,1.E0);
#130=CIRCLE('',#129,1.E0);
#135=CIRCLE('',#134,3.9E1);
#140=CIRCLE('',#139,3.9E1);
#161=CIRCLE('',#160,4.05E1);
#166=CIRCLE('',#165,4.05E1);
#171=CIRCLE('',#170,1.E0);
#176=CIRCLE('',#175,1.E0);
#181=CIRCLE('',#180,1.E0);
#186=CIRCLE('',#185,3.9E1);
#191=CIRCLE('',#190,3.9E1);
#196=CIRCLE('',#195,1.E0);
#201=CIRCLE('',#200,1.E0);
#206=CIRCLE('',#205,1.E0);
#211=CIRCLE('',#210,3.9E1);
#216=CIRCLE('',#215,3.9E1);
#229=CIRCLE('',#228,4.8E1);
#234=CIRCLE('',#233,4.8E1);
#239=CIRCLE('',#238,4.05E1);
#244=CIRCLE('',#243,4.05E1);
#249=CIRCLE('',#248,1.25E0);
#254=CIRCLE('',#253,1.25E0);
#259=CIRCLE('',#258,1.25E0);
#264=CIRCLE('',#263,1.25E0);
#269=CIRCLE('',#268,1.25E0);
#274=CIRCLE('',#273,1.25E0);
#295=CIRCLE('',#294,1.25E0);
#300=CIRCLE('',#299,1.25E0);
#313=CIRCLE('',#312,1.25E0);
#318=CIRCLE('',#317,1.25E0);
#331=CIRCLE('',#330,1.25E0);
#336=CIRCLE('',#335,1.25E0);
#450=EDGE_CURVE('',#343,#344,#5,.T.);
#452=EDGE_CURVE('',#344,#343,#10,.T.);
#456=EDGE_CURVE('',#347,#348,#15,.T.);
#458=EDGE_CURVE('',#348,#347,#20,.T.);
#469=EDGE_CURVE('',#374,#343,#28,.T.);
#471=EDGE_CURVE('',#376,#374,#33,.T.);
#473=EDGE_CURVE('',#376,#344,#24,.T.);
#485=EDGE_CURVE('',#374,#376,#38,.T.);
#500=EDGE_CURVE('',#379,#380,#43,.T.);
#502=EDGE_CURVE('',#380,#379,#48,.T.);
#513=EDGE_CURVE('',#416,#379,#56,.T.);
#515=EDGE_CURVE('',#415,#416,#61,.T.);
#517=EDGE_CURVE('',#415,#380,#52,.T.);
#529=EDGE_CURVE('',#416,#415,#66,.T.);
#544=EDGE_CURVE('',#408,#406,#71,.T.);
#546=EDGE_CURVE('',#406,#408,#76,.T.);
#556=EDGE_CURVE('',#383,#384,#85,.T.);
#558=EDGE_CURVE('',#406,#383,#144,.T.);
#561=EDGE_CURVE('',#408,#384,#80,.T.);
#572=EDGE_CURVE('',#384,#383,#90,.T.);
#576=EDGE_CURVE('',#392,#390,#95,.T.);
#578=EDGE_CURVE('',#390,#387,#100,.T.);
#580=EDGE_CURVE('',#387,#388,#105,.T.);
#582=EDGE_CURVE('',#388,#395,#110,.T.);
#584=EDGE_CURVE('',#395,#396,#115,.T.);
#586=EDGE_CURVE('',#396,#402,#120,.T.);
#588=EDGE_CURVE('',#402,#399,#125,.T.);
#590=EDGE_CURVE('',#399,#400,#130,.T.);
#592=EDGE_CURVE('',#400,#404,#135,.T.);
#594=EDGE_CURVE('',#404,#392,#140,.T.);
#619=EDGE_CURVE('',#392,#356,#148,.T.);
#621=EDGE_CURVE('',#355,#356,#181,.T.);
#623=EDGE_CURVE('',#358,#355,#176,.T.);
#625=EDGE_CURVE('',#360,#358,#171,.T.);
#627=EDGE_CURVE('',#388,#360,#340,.T.);
#640=EDGE_CURVE('',#400,#364,#152,.T.);
#642=EDGE_CURVE('',#363,#364,#191,.T.);
#644=EDGE_CURVE('',#356,#363,#186,.T.);
#654=EDGE_CURVE('',#367,#368,#206,.T.);
#656=EDGE_CURVE('',#370,#367,#201,.T.);
#658=EDGE_CURVE('',#364,#370,#196,.T.);
#664=EDGE_CURVE('',#396,#368,#156,.T.);
#674=EDGE_CURVE('',#351,#352,#161,.T.);
#676=EDGE_CURVE('',#352,#351,#166,.T.);
#688=EDGE_CURVE('',#368,#372,#211,.T.);
#690=EDGE_CURVE('',#372,#360,#216,.T.);
#700=EDGE_CURVE('',#352,#410,#224,.T.);
#703=EDGE_CURVE('',#351,#412,#220,.T.);
#705=EDGE_CURVE('',#410,#412,#239,.T.);
#716=EDGE_CURVE('',#412,#410,#244,.T.);
#728=EDGE_CURVE('',#418,#420,#229,.T.);
#730=EDGE_CURVE('',#420,#418,#234,.T.);
#738=EDGE_CURVE('',#423,#424,#249,.T.);
#740=EDGE_CURVE('',#424,#423,#254,.T.);
#744=EDGE_CURVE('',#427,#428,#259,.T.);
#746=EDGE_CURVE('',#428,#427,#264,.T.);
#750=EDGE_CURVE('',#431,#432,#269,.T.);
#752=EDGE_CURVE('',#432,#431,#274,.T.);
#762=EDGE_CURVE('',#348,#418,#282,.T.);
#765=EDGE_CURVE('',#347,#420,#278,.T.);
#789=EDGE_CURVE('',#434,#423,#290,.T.);
#791=EDGE_CURVE('',#436,#434,#295,.T.);
#793=EDGE_CURVE('',#436,#424,#286,.T.);
#805=EDGE_CURVE('',#434,#436,#300,.T.);
#827=EDGE_CURVE('',#440,#427,#308,.T.);
#829=EDGE_CURVE('',#439,#440,#313,.T.);
#831=EDGE_CURVE('',#439,#428,#304,.T.);
#843=EDGE_CURVE('',#440,#439,#318,.T.);
#865=EDGE_CURVE('',#444,#431,#326,.T.);
#867=EDGE_CURVE('',#443,#444,#331,.T.);
#869=EDGE_CURVE('',#443,#432,#322,.T.);
#881=EDGE_CURVE('',#444,#443,#336,.T.);
#911=CLOSED_SHELL('',(#462,#477,#490,#506,#521,#534,#550,#565,#598,#610,#631,
#648,#668,#694,#709,#722,#756,#770,#782,#797,#810,#820,#835,#848,#858,#873,#886,
#896,#910));
#912=MANIFOLD_SOLID_BREP('',#911);
#913=(LENGTH_UNIT()NAMED_UNIT(*)SI_UNIT(.MILLI.,.METRE.));
#915=(NAMED_UNIT(*)PLANE_ANGLE_UNIT()SI_UNIT($,.RADIAN.));
#918=(NAMED_UNIT(*)SI_UNIT($,.STERADIAN.)SOLID_ANGLE_UNIT());
#924=AXIS2_PLACEMENT_3D('',#921,#922,#923);
#925=ADVANCED_BREP_SHAPE_REPRESENTATION('',(#924,#912),#920);
#932=PRODUCT_DEFINITION('design','',#931,#928);
#933=PRODUCT_DEFINITION_SHAPE('','SHAPE FOR 1002000_11.',#932);
#934=SHAPE_DEFINITION_REPRESENTATION(#933,#925);
#935=SHAPE_DEFINITION_REPRESENTATION(#936,#937);
#936=PRODUCT_DEFINITION_SHAPE('','SHAPE FOR RO100-36N42P_ASM_36_ASM.',#8017);
#937=SHAPE_REPRESENTATION('',(#943,#3721,#3912,#5781,#7998,#8013),#8009);
#938=NEXT_ASSEMBLY_USAGE_OCCURRENCE('232','Next assembly relationship',
'10020_X2_7EBF5708_X0_',#8017,#932,$);
#939=PRODUCT_DEFINITION_SHAPE('Placement #232',
'Placement of 1002000_11 with respect to RO100-36N42P_ASM_36_ASM',#938);
#951=CIRCLE('',#950,5.15E1);
#956=CIRCLE('',#955,5.15E1);
#961=CIRCLE('',#960,3.05E1);
#966=CIRCLE('',#965,3.05E1);
#971=CIRCLE('',#970,3.05E1);
#976=CIRCLE('',#975,3.05E1);
#981=CIRCLE('',#980,5.E0);
#986=CIRCLE('',#985,5.E0);
#991=CIRCLE('',#990,5.E0);
#996=CIRCLE('',#995,5.E0);
#1001=CIRCLE('',#1000,5.E0);
#1006=CIRCLE('',#1005,5.E0);
#1011=CIRCLE('',#1010,5.E0);
#1016=CIRCLE('',#1015,5.E0);
#1021=CIRCLE('',#1020,5.E0);
#1026=CIRCLE('',#1025,5.E0);
#1031=CIRCLE('',#1030,5.E0);
#1036=CIRCLE('',#1035,5.E0);
#1041=CIRCLE('',#1040,4.E0);
#1046=CIRCLE('',#1045,4.E0);
#1051=CIRCLE('',#1050,4.E0);
#1056=CIRCLE('',#1055,4.E0);
#1061=CIRCLE('',#1060,4.E0);
#1066=CIRCLE('',#1065,4.E0);
#1071=CIRCLE('',#1070,4.E0);
#1076=CIRCLE('',#1075,4.E0);
#1081=CIRCLE('',#1080,4.E0);
#1086=CIRCLE('',#1085,4.E0);
#1091=CIRCLE('',#1090,4.E0);
#1096=CIRCLE('',#1095,4.E0);
#1109=CIRCLE('',#1108,5.415E1);
#1114=CIRCLE('',#1113,5.415E1);
#1119=CIRCLE('',#1118,5.15E1);
#1124=CIRCLE('',#1123,5.15E1);
#1137=CIRCLE('',#1136,5.415E1);
#1142=CIRCLE('',#1141,5.415E1);
#1151=CIRCLE('',#1150,5.675E1);
#1156=CIRCLE('',#1155,5.675E1);
#1161=CIRCLE('',#1160,5.465E1);
#1166=CIRCLE('',#1165,5.465E1);
#1171=CIRCLE('',#1170,5.465E1);
#1176=CIRCLE('',#1175,5.465E1);
#1185=CIRCLE('',#1184,5.675E1);
#1190=CIRCLE('',#1189,5.675E1);
#1199=CIRCLE('',#1198,5.375E1);
#1204=CIRCLE('',#1203,5.375E1);
#1209=CIRCLE('',#1208,5.375E1);
#1214=CIRCLE('',#1213,5.375E1);
#1219=CIRCLE('',#1218,3.05E1);
#1224=CIRCLE('',#1223,3.05E1);
#1229=CIRCLE('',#1228,3.05E1);
#1234=CIRCLE('',#1233,3.05E1);
#1239=CIRCLE('',#1238,2.6E0);
#1244=CIRCLE('',#1243,2.6E0);
#1249=CIRCLE('',#1248,2.6E0);
#1254=CIRCLE('',#1253,2.6E0);
#1259=CIRCLE('',#1258,2.6E0);
#1264=CIRCLE('',#1263,2.6E0);
#1269=CIRCLE('',#1268,2.6E0);
#1274=CIRCLE('',#1273,2.6E0);
#1279=CIRCLE('',#1278,2.6E0);
#1284=CIRCLE('',#1283,2.6E0);
#1289=CIRCLE('',#1288,2.6E0);
#1294=CIRCLE('',#1293,2.6E0);
#1299=CIRCLE('',#1298,2.1E0);
#1304=CIRCLE('',#1303,2.1E0);
#1309=CIRCLE('',#1308,2.1E0);
#1314=CIRCLE('',#1313,2.1E0);
#1319=CIRCLE('',#1318,2.1E0);
#1324=CIRCLE('',#1323,2.1E0);
#1329=CIRCLE('',#1328,2.1E0);
#1334=CIRCLE('',#1333,2.1E0);
#1339=CIRCLE('',#1338,2.1E0);
#1344=CIRCLE('',#1343,2.1E0);
#1349=CIRCLE('',#1348,2.1E0);
#1354=CIRCLE('',#1353,2.1E0);
#1359=CIRCLE('',#1358,5.675E1);
#1364=CIRCLE('',#1363,5.675E1);
#1377=CIRCLE('',#1376,3.E1);
#1382=CIRCLE('',#1381,3.E1);
#1395=CIRCLE('',#1394,3.E1);
#1400=CIRCLE('',#1399,3.E1);
#1409=CIRCLE('',#1408,3.E1);
#1414=CIRCLE('',#1413,3.E1);
#1427=CIRCLE('',#1426,3.E1);
#1432=CIRCLE('',#1431,3.E1);
#1449=CIRCLE('',#1448,5.E0);
#1458=CIRCLE('',#1457,2.6E0);
#1467=CIRCLE('',#1466,2.6E0);
#1472=CIRCLE('',#1471,5.E0);
#1493=CIRCLE('',#1492,5.E0);
#1502=CIRCLE('',#1501,2.6E0);
#1511=CIRCLE('',#1510,2.6E0);
#1516=CIRCLE('',#1515,5.E0);
#1537=CIRCLE('',#1536,5.E0);
#1546=CIRCLE('',#1545,2.6E0);
#1555=CIRCLE('',#1554,2.6E0);
#1560=CIRCLE('',#1559,5.E0);
#1581=CIRCLE('',#1580,5.E0);
#1590=CIRCLE('',#1589,2.6E0);
#1599=CIRCLE('',#1598,2.6E0);
#1604=CIRCLE('',#1603,5.E0);
#1625=CIRCLE('',#1624,5.E0);
#1634=CIRCLE('',#1633,2.6E0);
#1643=CIRCLE('',#1642,2.6E0);
#1648=CIRCLE('',#1647,5.E0);
#1669=CIRCLE('',#1668,5.E0);
#1678=CIRCLE('',#1677,2.6E0);
#1687=CIRCLE('',#1686,2.6E0);
#1692=CIRCLE('',#1691,5.E0);
#1713=CIRCLE('',#1712,4.E0);
#1722=CIRCLE('',#1721,2.1E0);
#1731=CIRCLE('',#1730,2.1E0);
#1736=CIRCLE('',#1735,4.E0);
#1757=CIRCLE('',#1756,4.E0);
#1766=CIRCLE('',#1765,2.1E0);
#1775=CIRCLE('',#1774,2.1E0);
#1780=CIRCLE('',#1779,4.E0);
#1801=CIRCLE('',#1800,4.E0);
#1810=CIRCLE('',#1809,2.1E0);
#1819=CIRCLE('',#1818,2.1E0);
#1824=CIRCLE('',#1823,4.E0);
#1845=CIRCLE('',#1844,4.E0);
#1854=CIRCLE('',#1853,2.1E0);
#1863=CIRCLE('',#1862,2.1E0);
#1868=CIRCLE('',#1867,4.E0);
#1889=CIRCLE('',#1888,4.E0);
#1898=CIRCLE('',#1897,2.1E0);
#1907=CIRCLE('',#1906,2.1E0);
#1912=CIRCLE('',#1911,4.E0);
#1933=CIRCLE('',#1932,4.E0);
#1942=CIRCLE('',#1941,2.1E0);
#1951=CIRCLE('',#1950,2.1E0);
#1956=CIRCLE('',#1955,4.E0);
#2242=EDGE_CURVE('',#1971,#1972,#951,.T.);
#2244=EDGE_CURVE('',#1972,#1971,#956,.T.);
#2248=EDGE_CURVE('',#1978,#1975,#961,.T.);
#2250=EDGE_CURVE('',#1975,#1976,#966,.T.);
#2252=EDGE_CURVE('',#1976,#1980,#971,.T.);
#2254=EDGE_CURVE('',#1980,#1978,#976,.T.);
#2258=EDGE_CURVE('',#1983,#1984,#981,.T.);
#2260=EDGE_CURVE('',#1984,#1983,#986,.T.);
#2264=EDGE_CURVE('',#1987,#1988,#991,.T.);
#2266=EDGE_CURVE('',#1988,#1987,#996,.T.);
#2270=EDGE_CURVE('',#1991,#1992,#1001,.T.);
#2272=EDGE_CURVE('',#1992,#1991,#1006,.T.);
#2276=EDGE_CURVE('',#1995,#1996,#1011,.T.);
#2278=EDGE_CURVE('',#1996,#1995,#1016,.T.);
#2282=EDGE_CURVE('',#1999,#2000,#1021,.T.);
#2284=EDGE_CURVE('',#2000,#1999,#1026,.T.);
#2288=EDGE_CURVE('',#2003,#2004,#1031,.T.);
#2290=EDGE_CURVE('',#2004,#2003,#1036,.T.);
#2294=EDGE_CURVE('',#2007,#2008,#1041,.T.);
#2296=EDGE_CURVE('',#2008,#2007,#1046,.T.);
#2300=EDGE_CURVE('',#2011,#2012,#1051,.T.);
#2302=EDGE_CURVE('',#2012,#2011,#1056,.T.);
#2306=EDGE_CURVE('',#2015,#2016,#1061,.T.);
#2308=EDGE_CURVE('',#2016,#2015,#1066,.T.);
#2312=EDGE_CURVE('',#2019,#2020,#1071,.T.);
#2314=EDGE_CURVE('',#2020,#2019,#1076,.T.);
#2318=EDGE_CURVE('',#2023,#2024,#1081,.T.);
#2320=EDGE_CURVE('',#2024,#2023,#1086,.T.);
#2324=EDGE_CURVE('',#2027,#2028,#1091,.T.);
#2326=EDGE_CURVE('',#2028,#2027,#1096,.T.);
#2336=EDGE_CURVE('',#2030,#1972,#1100,.T.);
#2339=EDGE_CURVE('',#2032,#1971,#1104,.T.);
#2341=EDGE_CURVE('',#2030,#2032,#1124,.T.);
#2352=EDGE_CURVE('',#2032,#2030,#1119,.T.);
#2364=EDGE_CURVE('',#2035,#2036,#1109,.T.);
#2366=EDGE_CURVE('',#2036,#2035,#1114,.T.);
#2380=EDGE_CURVE('',#2046,#2036,#1128,.T.);
#2383=EDGE_CURVE('',#2035,#2044,#1132,.T.);
#2385=EDGE_CURVE('',#2044,#2046,#1137,.T.);
#2398=EDGE_CURVE('',#2046,#2044,#1142,.T.);
#2408=EDGE_CURVE('',#2039,#2040,#1176,.T.);
#2410=EDGE_CURVE('',#2042,#2039,#1171,.T.);
#2412=EDGE_CURVE('',#2044,#2042,#1968,.T.);
#2415=EDGE_CURVE('',#2046,#2040,#1146,.T.);
#2425=EDGE_CURVE('',#2049,#2050,#1151,.T.);
#2427=EDGE_CURVE('',#2050,#2049,#1156,.T.);
#2431=EDGE_CURVE('',#2040,#2052,#1161,.T.);
#2433=EDGE_CURVE('',#2052,#2042,#1166,.T.);
#2445=EDGE_CURVE('',#2055,#2056,#1190,.T.);
#2447=EDGE_CURVE('',#2058,#2055,#1185,.T.);
#2449=EDGE_CURVE('',#2058,#2050,#1180,.T.);
#2452=EDGE_CURVE('',#2056,#2049,#1372,.T.);
#2462=EDGE_CURVE('',#2061,#2062,#1214,.T.);
#2464=EDGE_CURVE('',#2064,#2061,#1209,.T.);
#2466=EDGE_CURVE('',#2058,#2064,#1368,.T.);
#2470=EDGE_CURVE('',#2056,#2062,#1194,.T.);
#2480=EDGE_CURVE('',#2062,#2066,#1199,.T.);
#2482=EDGE_CURVE('',#2066,#2064,#1204,.T.);
#2488=EDGE_CURVE('',#2069,#2070,#1219,.T.);
#2490=EDGE_CURVE('',#2070,#2072,#1224,.T.);
#2492=EDGE_CURVE('',#2072,#2074,#1229,.T.);
#2494=EDGE_CURVE('',#2074,#2069,#1234,.T.);
#2498=EDGE_CURVE('',#2077,#2078,#1239,.T.);
#2500=EDGE_CURVE('',#2078,#2077,#1244,.T.);
#2504=EDGE_CURVE('',#2081,#2082,#1249,.T.);
#2506=EDGE_CURVE('',#2082,#2081,#1254,.T.);
#2510=EDGE_CURVE('',#2085,#2086,#1259,.T.);
#2512=EDGE_CURVE('',#2086,#2085,#1264,.T.);
#2516=EDGE_CURVE('',#2089,#2090,#1269,.T.);
#2518=EDGE_CURVE('',#2090,#2089,#1274,.T.);
#2522=EDGE_CURVE('',#2093,#2094,#1279,.T.);
#2524=EDGE_CURVE('',#2094,#2093,#1284,.T.);
#2528=EDGE_CURVE('',#2097,#2098,#1289,.T.);
#2530=EDGE_CURVE('',#2098,#2097,#1294,.T.);
#2534=EDGE_CURVE('',#2101,#2102,#1299,.T.);
#2536=EDGE_CURVE('',#2102,#2101,#1304,.T.);
#2540=EDGE_CURVE('',#2105,#2106,#1309,.T.);
#2542=EDGE_CURVE('',#2106,#2105,#1314,.T.);
#2546=EDGE_CURVE('',#2109,#2110,#1319,.T.);
#2548=EDGE_CURVE('',#2110,#2109,#1324,.T.);
#2552=EDGE_CURVE('',#2113,#2114,#1329,.T.);
#2554=EDGE_CURVE('',#2114,#2113,#1334,.T.);
#2558=EDGE_CURVE('',#2117,#2118,#1339,.T.);
#2560=EDGE_CURVE('',#2118,#2117,#1344,.T.);
#2564=EDGE_CURVE('',#2121,#2122,#1349,.T.);
#2566=EDGE_CURVE('',#2122,#2121,#1354,.T.);
#2579=EDGE_CURVE('',#2056,#2124,#1359,.T.);
#2581=EDGE_CURVE('',#2124,#2058,#1364,.T.);
#2605=EDGE_CURVE('',#2127,#2128,#1377,.T.);
#2607=EDGE_CURVE('',#2128,#2130,#1382,.T.);
#2609=EDGE_CURVE('',#2072,#2130,#1436,.T.);
#2613=EDGE_CURVE('',#2069,#2127,#1386,.T.);
#2623=EDGE_CURVE('',#2133,#2134,#1400,.T.);
#2625=EDGE_CURVE('',#2136,#2133,#1395,.T.);
#2627=EDGE_CURVE('',#2136,#2130,#1390,.T.);
#2631=EDGE_CURVE('',#2134,#2127,#1422,.T.);
#2643=EDGE_CURVE('',#2136,#1978,#1418,.T.);
#2647=EDGE_CURVE('',#2134,#1976,#1404,.T.);
#2660=EDGE_CURVE('',#2134,#2138,#1409,.T.);
#2662=EDGE_CURVE('',#2138,#2136,#1414,.T.);
#2676=EDGE_CURVE('',#2140,#2127,#1432,.T.);
#2678=EDGE_CURVE('',#2130,#2140,#1427,.T.);
#2704=EDGE_CURVE('',#2142,#2077,#1444,.T.);
#2706=EDGE_CURVE('',#2144,#2142,#1467,.T.);
#2708=EDGE_CURVE('',#2144,#2078,#1440,.T.);
#2720=EDGE_CURVE('',#2142,#2144,#1458,.T.);
#2731=EDGE_CURVE('',#2146,#2144,#1462,.T.);
#2733=EDGE_CURVE('',#2146,#2148,#1449,.T.);
#2735=EDGE_CURVE('',#2148,#2142,#1453,.T.);
#2749=EDGE_CURVE('',#2148,#2146,#1472,.T.);
#2760=EDGE_CURVE('',#1983,#2146,#1476,.T.);
#2763=EDGE_CURVE('',#1984,#2148,#1480,.T.);
#2786=EDGE_CURVE('',#2150,#2081,#1488,.T.);
#2788=EDGE_CURVE('',#2152,#2150,#1511,.T.);
#2790=EDGE_CURVE('',#2152,#2082,#1484,.T.);
#2802=EDGE_CURVE('',#2150,#2152,#1502,.T.);
#2813=EDGE_CURVE('',#2154,#2152,#1506,.T.);
#2815=EDGE_CURVE('',#2154,#2156,#1493,.T.);
#2817=EDGE_CURVE('',#2156,#2150,#1497,.T.);
#2831=EDGE_CURVE('',#2156,#2154,#1516,.T.);
#2842=EDGE_CURVE('',#1987,#2154,#1520,.T.);
#2845=EDGE_CURVE('',#1988,#2156,#1524,.T.);
#2868=EDGE_CURVE('',#2158,#2085,#1532,.T.);
#2870=EDGE_CURVE('',#2160,#2158,#1555,.T.);
#2872=EDGE_CURVE('',#2160,#2086,#1528,.T.);
#2884=EDGE_CURVE('',#2158,#2160,#1546,.T.);
#2895=EDGE_CURVE('',#2162,#2160,#1550,.T.);
#2897=EDGE_CURVE('',#2162,#2164,#1537,.T.);
#2899=EDGE_CURVE('',#2164,#2158,#1541,.T.);
#2913=EDGE_CURVE('',#2164,#2162,#1560,.T.);
#2924=EDGE_CURVE('',#1991,#2162,#1564,.T.);
#2927=EDGE_CURVE('',#1992,#2164,#1568,.T.);
#2950=EDGE_CURVE('',#2166,#2089,#1576,.T.);
#2952=EDGE_CURVE('',#2168,#2166,#1599,.T.);
#2954=EDGE_CURVE('',#2168,#2090,#1572,.T.);
#2966=EDGE_CURVE('',#2166,#2168,#1590,.T.);
#2977=EDGE_CURVE('',#2170,#2168,#1594,.T.);
#2979=EDGE_CURVE('',#2170,#2172,#1581,.T.);
#2981=EDGE_CURVE('',#2172,#2166,#1585,.T.);
#2995=EDGE_CURVE('',#2172,#2170,#1604,.T.);
#3006=EDGE_CURVE('',#1995,#2170,#1608,.T.);
#3009=EDGE_CURVE('',#1996,#2172,#1612,.T.);
#3032=EDGE_CURVE('',#2174,#2093,#1620,.T.);
#3034=EDGE_CURVE('',#2176,#2174,#1643,.T.);
#3036=EDGE_CURVE('',#2176,#2094,#1616,.T.);
#3048=EDGE_CURVE('',#2174,#2176,#1634,.T.);
#3059=EDGE_CURVE('',#2178,#2176,#1638,.T.);
#3061=EDGE_CURVE('',#2178,#2180,#1625,.T.);
#3063=EDGE_CURVE('',#2180,#2174,#1629,.T.);
#3077=EDGE_CURVE('',#2180,#2178,#1648,.T.);
#3088=EDGE_CURVE('',#1999,#2178,#1652,.T.);
#3091=EDGE_CURVE('',#2000,#2180,#1656,.T.);
#3114=EDGE_CURVE('',#2182,#2097,#1664,.T.);
#3116=EDGE_CURVE('',#2184,#2182,#1687,.T.);
#3118=EDGE_CURVE('',#2184,#2098,#1660,.T.);
#3130=EDGE_CURVE('',#2182,#2184,#1678,.T.);
#3141=EDGE_CURVE('',#2186,#2184,#1682,.T.);
#3143=EDGE_CURVE('',#2186,#2188,#1669,.T.);
#3145=EDGE_CURVE('',#2188,#2182,#1673,.T.);
#3159=EDGE_CURVE('',#2188,#2186,#1692,.T.);
#3170=EDGE_CURVE('',#2003,#2186,#1696,.T.);
#3173=EDGE_CURVE('',#2004,#2188,#1700,.T.);
#3196=EDGE_CURVE('',#2190,#2101,#1708,.T.);
#3198=EDGE_CURVE('',#2192,#2190,#1731,.T.);
#3200=EDGE_CURVE('',#2192,#2102,#1704,.T.);
#3212=EDGE_CURVE('',#2190,#2192,#1722,.T.);
#3223=EDGE_CURVE('',#2194,#2192,#1726,.T.);
#3225=EDGE_CURVE('',#2194,#2196,#1713,.T.);
#3227=EDGE_CURVE('',#2196,#2190,#1717,.T.);
#3241=EDGE_CURVE('',#2196,#2194,#1736,.T.);
#3252=EDGE_CURVE('',#2007,#2194,#1740,.T.);
#3255=EDGE_CURVE('',#2008,#2196,#1744,.T.);
#3278=EDGE_CURVE('',#2198,#2105,#1752,.T.);
#3280=EDGE_CURVE('',#2200,#2198,#1775,.T.);
#3282=EDGE_CURVE('',#2200,#2106,#1748,.T.);
#3294=EDGE_CURVE('',#2198,#2200,#1766,.T.);
#3305=EDGE_CURVE('',#2202,#2200,#1770,.T.);
#3307=EDGE_CURVE('',#2202,#2204,#1757,.T.);
#3309=EDGE_CURVE('',#2204,#2198,#1761,.T.);
#3323=EDGE_CURVE('',#2204,#2202,#1780,.T.);
#3334=EDGE_CURVE('',#2011,#2202,#1784,.T.);
#3337=EDGE_CURVE('',#2012,#2204,#1788,.T.);
#3360=EDGE_CURVE('',#2206,#2109,#1796,.T.);
#3362=EDGE_CURVE('',#2208,#2206,#1819,.T.);
#3364=EDGE_CURVE('',#2208,#2110,#1792,.T.);
#3376=EDGE_CURVE('',#2206,#2208,#1810,.T.);
#3387=EDGE_CURVE('',#2210,#2208,#1814,.T.);
#3389=EDGE_CURVE('',#2210,#2212,#1801,.T.);
#3391=EDGE_CURVE('',#2212,#2206,#1805,.T.);
#3405=EDGE_CURVE('',#2212,#2210,#1824,.T.);
#3416=EDGE_CURVE('',#2015,#2210,#1828,.T.);
#3419=EDGE_CURVE('',#2016,#2212,#1832,.T.);
#3442=EDGE_CURVE('',#2214,#2113,#1840,.T.);
#3444=EDGE_CURVE('',#2216,#2214,#1863,.T.);
#3446=EDGE_CURVE('',#2216,#2114,#1836,.T.);
#3458=EDGE_CURVE('',#2214,#2216,#1854,.T.);
#3469=EDGE_CURVE('',#2218,#2216,#1858,.T.);
#3471=EDGE_CURVE('',#2218,#2220,#1845,.T.);
#3473=EDGE_CURVE('',#2220,#2214,#1849,.T.);
#3487=EDGE_CURVE('',#2220,#2218,#1868,.T.);
#3498=EDGE_CURVE('',#2019,#2218,#1872,.T.);
#3501=EDGE_CURVE('',#2020,#2220,#1876,.T.);
#3524=EDGE_CURVE('',#2222,#2117,#1884,.T.);
#3526=EDGE_CURVE('',#2224,#2222,#1907,.T.);
#3528=EDGE_CURVE('',#2224,#2118,#1880,.T.);
#3540=EDGE_CURVE('',#2222,#2224,#1898,.T.);
#3551=EDGE_CURVE('',#2226,#2224,#1902,.T.);
#3553=EDGE_CURVE('',#2226,#2228,#1889,.T.);
#3555=EDGE_CURVE('',#2228,#2222,#1893,.T.);
#3569=EDGE_CURVE('',#2228,#2226,#1912,.T.);
#3580=EDGE_CURVE('',#2023,#2226,#1916,.T.);
#3583=EDGE_CURVE('',#2024,#2228,#1920,.T.);
#3606=EDGE_CURVE('',#2230,#2121,#1928,.T.);
#3608=EDGE_CURVE('',#2232,#2230,#1951,.T.);
#3610=EDGE_CURVE('',#2232,#2122,#1924,.T.);
#3622=EDGE_CURVE('',#2230,#2232,#1942,.T.);
#3633=EDGE_CURVE('',#2234,#2232,#1946,.T.);
#3635=EDGE_CURVE('',#2234,#2236,#1933,.T.);
#3637=EDGE_CURVE('',#2236,#2230,#1937,.T.);
#3651=EDGE_CURVE('',#2236,#2234,#1956,.T.);
#3662=EDGE_CURVE('',#2027,#2234,#1960,.T.);
#3665=EDGE_CURVE('',#2028,#2236,#1964,.T.);
#3695=CLOSED_SHELL('',(#2330,#2345,#2358,#2374,#2389,#2402,#2419,#2439,#2456,
#2474,#2570,#2586,#2599,#2617,#2635,#2651,#2667,#2683,#2697,#2712,#2725,#2740,
#2753,#2767,#2779,#2794,#2807,#2822,#2835,#2849,#2861,#2876,#2889,#2904,#2917,
#2931,#2943,#2958,#2971,#2986,#2999,#3013,#3025,#3040,#3053,#3068,#3081,#3095,
#3107,#3122,#3135,#3150,#3163,#3177,#3189,#3204,#3217,#3232,#3245,#3259,#3271,
#3286,#3299,#3314,#3327,#3341,#3353,#3368,#3381,#3396,#3409,#3423,#3435,#3450,
#3463,#3478,#3491,#3505,#3517,#3532,#3545,#3560,#3573,#3587,#3599,#3614,#3627,
#3642,#3655,#3669,#3681,#3694));
#3696=MANIFOLD_SOLID_BREP('',#3695);
#3697=(LENGTH_UNIT()NAMED_UNIT(*)SI_UNIT(.MILLI.,.METRE.));
#3699=(NAMED_UNIT(*)PLANE_ANGLE_UNIT()SI_UNIT($,.RADIAN.));
#3702=(NAMED_UNIT(*)SI_UNIT($,.STERADIAN.)SOLID_ANGLE_UNIT());
#3708=AXIS2_PLACEMENT_3D('',#3705,#3706,#3707);
#3709=ADVANCED_BREP_SHAPE_REPRESENTATION('',(#3708,#3696),#3704);
#3713=PRODUCT_DEFINITION('design','',#3712,#928);
#3714=PRODUCT_DEFINITION_SHAPE('','SHAPE FOR RO10000_16.',#3713);
#3715=SHAPE_DEFINITION_REPRESENTATION(#3714,#3709);
#3716=NEXT_ASSEMBLY_USAGE_OCCURRENCE('233','Next assembly relationship',
'RO100_X2_524D76D6_X0_',#8017,#3713,$);
#3717=PRODUCT_DEFINITION_SHAPE('Placement #233',
'Placement of RO10000_16 with respect to RO100-36N42P_ASM_36_ASM',#3716);
#3729=CIRCLE('',#3728,5.08E1);
#3734=CIRCLE('',#3733,5.08E1);
#3739=CIRCLE('',#3738,5.415E1);
#3744=CIRCLE('',#3743,5.415E1);
#3753=CIRCLE('',#3752,5.08E1);
#3758=CIRCLE('',#3757,5.08E1);
#3763=CIRCLE('',#3762,5.415E1);
#3768=CIRCLE('',#3767,5.415E1);
#3802=EDGE_CURVE('',#3783,#3784,#3739,.T.);
#3804=EDGE_CURVE('',#3784,#3783,#3744,.T.);
#3808=EDGE_CURVE('',#3795,#3796,#3729,.T.);
#3810=EDGE_CURVE('',#3796,#3795,#3734,.T.);
#3820=EDGE_CURVE('',#3791,#3792,#3753,.T.);
#3822=EDGE_CURVE('',#3792,#3796,#3772,.T.);
#3825=EDGE_CURVE('',#3791,#3795,#3748,.T.);
#3835=EDGE_CURVE('',#3788,#3786,#3763,.T.);
#3837=EDGE_CURVE('',#3786,#3788,#3768,.T.);
#3842=EDGE_CURVE('',#3792,#3791,#3758,.T.);
#3865=EDGE_CURVE('',#3786,#3783,#3780,.T.);
#3868=EDGE_CURVE('',#3788,#3784,#3776,.T.);
#3885=CLOSED_SHELL('',(#3814,#3829,#3846,#3858,#3872,#3884));
#3886=MANIFOLD_SOLID_BREP('',#3885);
#3887=(LENGTH_UNIT()NAMED_UNIT(*)SI_UNIT(.MILLI.,.METRE.));
#3889=(NAMED_UNIT(*)PLANE_ANGLE_UNIT()SI_UNIT($,.RADIAN.));
#3892=(NAMED_UNIT(*)SI_UNIT($,.STERADIAN.)SOLID_ANGLE_UNIT());
#3898=AXIS2_PLACEMENT_3D('',#3895,#3896,#3897);
#3899=ADVANCED_BREP_SHAPE_REPRESENTATION('',(#3898,#3886),#3894);
#3904=PRODUCT_DEFINITION('design','',#3903,#3900);
#3905=PRODUCT_DEFINITION_SHAPE('','SHAPE FOR RO10000_13.',#3904);
#3906=SHAPE_DEFINITION_REPRESENTATION(#3905,#3899);
#3907=NEXT_ASSEMBLY_USAGE_OCCURRENCE('234','Next assembly relationship',
'RO100_X2_94A25708_X0_',#8017,#3904,$);
#3908=PRODUCT_DEFINITION_SHAPE('Placement #234',
'Placement of RO10000_13 with respect to RO100-36N42P_ASM_36_ASM',#3907);
#3920=CIRCLE('',#3919,3.849999999999E1);
#3925=CIRCLE('',#3924,3.849999999999E1);
#3930=CIRCLE('',#3929,1.05E0);
#3935=CIRCLE('',#3934,3.75E1);
#3940=CIRCLE('',#3939,3.75E1);
#3945=CIRCLE('',#3944,1.05E0);
#3950=CIRCLE('',#3949,1.05E0);
#3955=CIRCLE('',#3954,3.9E1);
#3960=CIRCLE('',#3959,3.899999999999E1);
#3965=CIRCLE('',#3964,3.899999999999E1);
#3970=CIRCLE('',#3969,3.9E1);
#3989=B_SPLINE_CURVE_WITH_KNOTS('',3,(#3983,#3984,#3985,#3986,#3987,#3988),
.UNSPECIFIED.,.F.,.F.,(4,1,1,4),(0.E0,3.333333333333E-1,6.666666666667E-1,1.E0),
.UNSPECIFIED.);
#3996=B_SPLINE_CURVE_WITH_KNOTS('',3,(#3990,#3991,#3992,#3993,#3994,#3995),
.UNSPECIFIED.,.F.,.F.,(4,1,1,4),(0.E0,3.333333333333E-1,6.666666666667E-1,1.E0),
.UNSPECIFIED.);
#4005=CIRCLE('',#4004,3.9E1);
#4010=CIRCLE('',#4009,1.05E0);
#4015=CIRCLE('',#4014,3.93E1);
#4020=CIRCLE('',#4019,3.93E1);
#4025=CIRCLE('',#4024,3.9E1);
#4030=CIRCLE('',#4029,3.9E1);
#4047=CIRCLE('',#4046,2.E0);
#4052=CIRCLE('',#4051,4.4E1);
#4057=CIRCLE('',#4056,2.E0);
#4062=CIRCLE('',#4061,2.E0);
#4067=CIRCLE('',#4066,3.93E1);
#4072=CIRCLE('',#4071,2.E0);
#4085=CIRCLE('',#4084,2.E0);
#4090=CIRCLE('',#4089,4.4E1);
#4095=CIRCLE('',#4094,4.4E1);
#4100=CIRCLE('',#4099,2.E0);
#4109=CIRCLE('',#4108,2.E0);
#4114=CIRCLE('',#4113,3.93E1);
#4119=CIRCLE('',#4118,3.93E1);
#4124=CIRCLE('',#4123,2.E0);
#4133=CIRCLE('',#4132,1.25E0);
#4138=CIRCLE('',#4137,1.25E0);
#4151=CIRCLE('',#4150,4.4E1);
#4168=CIRCLE('',#4167,4.4E1);
#4177=CIRCLE('',#4176,4.4E1);
#4182=CIRCLE('',#4181,4.4E1);
#4191=CIRCLE('',#4190,4.4E1);
#4196=CIRCLE('',#4195,4.4E1);
#4209=CIRCLE('',#4208,4.35E1);
#4214=CIRCLE('',#4213,4.35E1);
#4219=CIRCLE('',#4218,4.35E1);
#4224=CIRCLE('',#4223,4.35E1);
#4229=CIRCLE('',#4228,3.75E1);
#4234=CIRCLE('',#4233,3.75E1);
#4239=CIRCLE('',#4238,3.75E1);
#4244=CIRCLE('',#4243,3.75E1);
#4249=CIRCLE('',#4248,1.25E0);
#4254=CIRCLE('',#4253,1.25E0);
#4259=CIRCLE('',#4258,1.25E0);
#4264=CIRCLE('',#4263,1.25E0);
#4269=CIRCLE('',#4268,1.25E0);
#4274=CIRCLE('',#4273,1.25E0);
#4279=CIRCLE('',#4278,3.7E1);
#4284=CIRCLE('',#4283,3.7E1);
#4293=CIRCLE('',#4292,3.7E1);
#4298=CIRCLE('',#4297,3.7E1);
#4319=CIRCLE('',#4318,3.7E1);
#4324=CIRCLE('',#4323,3.7E1);
#4329=CIRCLE('',#4328,3.7E1);
#4334=CIRCLE('',#4333,3.7E1);
#4341=B_SPLINE_CURVE_WITH_KNOTS('',3,(#4335,#4336,#4337,#4338,#4339,#4340),
.UNSPECIFIED.,.F.,.F.,(4,1,1,4),(0.E0,3.333333333333E-1,6.666666666667E-1,1.E0),
.UNSPECIFIED.);
#4352=B_SPLINE_CURVE_WITH_KNOTS('',3,(#4346,#4347,#4348,#4349,#4350,#4351),
.UNSPECIFIED.,.F.,.F.,(4,1,1,4),(0.E0,3.333333333333E-1,6.666666666667E-1,1.E0),
.UNSPECIFIED.);
#4357=CIRCLE('',#4356,3.7E1);
#4362=CIRCLE('',#4361,1.05E0);
#4367=CIRCLE('',#4366,1.05E0);
#4380=CIRCLE('',#4379,2.E0);
#4385=CIRCLE('',#4384,4.4E1);
#4390=CIRCLE('',#4389,2.E0);
#4399=CIRCLE('',#4398,2.E0);
#4404=CIRCLE('',#4403,3.93E1);
#4409=CIRCLE('',#4408,2.E0);
#4418=CIRCLE('',#4417,1.25E0);
#4423=CIRCLE('',#4422,1.25E0);
#4460=CIRCLE('',#4459,4.4E1);
#4465=CIRCLE('',#4464,2.E0);
#4470=CIRCLE('',#4469,2.E0);
#4475=CIRCLE('',#4474,3.93E1);
#4480=CIRCLE('',#4479,2.E0);
#4485=CIRCLE('',#4484,2.E0);
#4514=CIRCLE('',#4513,2.E0);
#4519=CIRCLE('',#4518,3.93E1);
#4524=CIRCLE('',#4523,3.93E1);
#4529=CIRCLE('',#4528,2.E0);
#4538=CIRCLE('',#4537,2.E0);
#4543=CIRCLE('',#4542,4.4E1);
#4548=CIRCLE('',#4547,4.4E1);
#4553=CIRCLE('',#4552,2.E0);
#4558=CIRCLE('',#4557,1.25E0);
#4563=CIRCLE('',#4562,1.25E0);
#4568=CIRCLE('',#4567,4.4E1);
#4573=CIRCLE('',#4572,2.E0);
#4578=CIRCLE('',#4577,2.E0);
#4583=CIRCLE('',#4582,3.93E1);
#4588=CIRCLE('',#4587,2.E0);
#4597=CIRCLE('',#4596,2.E0);
#4866=EDGE_CURVE('',#4651,#4648,#3920,.T.);
#4868=EDGE_CURVE('',#4648,#4649,#3925,.T.);
#4870=EDGE_CURVE('',#4649,#4651,#3930,.T.);
#4874=EDGE_CURVE('',#4657,#4654,#3935,.T.);
#4876=EDGE_CURVE('',#4654,#4655,#3940,.T.);
#4878=EDGE_CURVE('',#4655,#4659,#3945,.T.);
#4880=EDGE_CURVE('',#4659,#4657,#3950,.T.);
#4890=EDGE_CURVE('',#4665,#4662,#3955,.T.);
#4892=EDGE_CURVE('',#4662,#4663,#3960,.T.);
#4894=EDGE_CURVE('',#4663,#4667,#3965,.T.);
#4896=EDGE_CURVE('',#4649,#4667,#3996,.T.);
#4900=EDGE_CURVE('',#4668,#4651,#3989,.T.);
#4902=EDGE_CURVE('',#4668,#4665,#3970,.T.);
#4914=EDGE_CURVE('',#4665,#4670,#3974,.T.);
#4916=EDGE_CURVE('',#4672,#4670,#4025,.T.);
#4918=EDGE_CURVE('',#4663,#4672,#3982,.T.);
#4929=EDGE_CURVE('',#4674,#4668,#4000,.T.);
#4931=EDGE_CURVE('',#4676,#4674,#4005,.T.);
#4933=EDGE_CURVE('',#4676,#4667,#3978,.T.);
#4937=EDGE_CURVE('',#4670,#4672,#4030,.T.);
#4952=EDGE_CURVE('',#4674,#4676,#4010,.T.);
#4973=EDGE_CURVE('',#4679,#4680,#4015,.T.);
#4975=EDGE_CURVE('',#4680,#4679,#4020,.T.);
#4989=EDGE_CURVE('',#4683,#4684,#4038,.T.);
#4991=EDGE_CURVE('',#4686,#4683,#4067,.T.);
#4993=EDGE_CURVE('',#4688,#4686,#4613,.T.);
#4995=EDGE_CURVE('',#4690,#4688,#4524,.T.);
#4997=EDGE_CURVE('',#4680,#4690,#4447,.T.);
#5000=EDGE_CURVE('',#4679,#4692,#4034,.T.);
#5002=EDGE_CURVE('',#4684,#4692,#4114,.T.);
#5012=EDGE_CURVE('',#4683,#4694,#4072,.T.);
#5015=EDGE_CURVE('',#4696,#4684,#4109,.T.);
#5017=EDGE_CURVE('',#4696,#4694,#4042,.T.);
#5027=EDGE_CURVE('',#4730,#4694,#4076,.T.);
#5029=EDGE_CURVE('',#4730,#4732,#4047,.T.);
#5031=EDGE_CURVE('',#4732,#4734,#4052,.T.);
#5033=EDGE_CURVE('',#4734,#4736,#4057,.T.);
#5035=EDGE_CURVE('',#4738,#4736,#4621,.T.);
#5037=EDGE_CURVE('',#4738,#4686,#4062,.T.);
#5049=EDGE_CURVE('',#4730,#4844,#4080,.T.);
#5053=EDGE_CURVE('',#4844,#4696,#4104,.T.);
#5064=EDGE_CURVE('',#4748,#4844,#4100,.T.);
#5066=EDGE_CURVE('',#4732,#4748,#4155,.T.);
#5077=EDGE_CURVE('',#4842,#4752,#4085,.T.);
#5079=EDGE_CURVE('',#4752,#4750,#4090,.T.);
#5081=EDGE_CURVE('',#4750,#4748,#4095,.T.);
#5087=EDGE_CURVE('',#4692,#4836,#4119,.T.);
#5089=EDGE_CURVE('',#4836,#4840,#4124,.T.);
#5091=EDGE_CURVE('',#4840,#4842,#4128,.T.);
#5095=EDGE_CURVE('',#4847,#4848,#4133,.T.);
#5097=EDGE_CURVE('',#4848,#4847,#4138,.T.);
#5107=EDGE_CURVE('',#4716,#4752,#4142,.T.);
#5110=EDGE_CURVE('',#4842,#4718,#4146,.T.);
#5112=EDGE_CURVE('',#4716,#4718,#4465,.T.);
#5122=EDGE_CURVE('',#4742,#4744,#4182,.T.);
#5124=EDGE_CURVE('',#4741,#4742,#4177,.T.);
#5126=EDGE_CURVE('',#4746,#4741,#4204,.T.);
#5128=EDGE_CURVE('',#4746,#4732,#4151,.T.);
#5134=EDGE_CURVE('',#4715,#4716,#4460,.T.);
#5136=EDGE_CURVE('',#4715,#4754,#4159,.T.);
#5138=EDGE_CURVE('',#4756,#4754,#4385,.T.);
#5140=EDGE_CURVE('',#4700,#4756,#4427,.T.);
#5142=EDGE_CURVE('',#4699,#4700,#4568,.T.);
#5144=EDGE_CURVE('',#4699,#4758,#4163,.T.);
#5146=EDGE_CURVE('',#4760,#4758,#4548,.T.);
#5148=EDGE_CURVE('',#4762,#4760,#4543,.T.);
#5150=EDGE_CURVE('',#4734,#4762,#4625,.T.);
#5152=EDGE_CURVE('',#4734,#4764,#4168,.T.);
#5154=EDGE_CURVE('',#4764,#4744,#4172,.T.);
#5166=EDGE_CURVE('',#4766,#4744,#4200,.T.);
#5168=EDGE_CURVE('',#4770,#4766,#4224,.T.);
#5170=EDGE_CURVE('',#4769,#4770,#4219,.T.);
#5172=EDGE_CURVE('',#4769,#4741,#4186,.T.);
#5182=EDGE_CURVE('',#4744,#4772,#4191,.T.);
#5184=EDGE_CURVE('',#4772,#4741,#4196,.T.);
#5187=EDGE_CURVE('',#4774,#4769,#4214,.T.);
#5189=EDGE_CURVE('',#4766,#4774,#4209,.T.);
#5221=EDGE_CURVE('',#4780,#4777,#4229,.T.);
#5223=EDGE_CURVE('',#4777,#4778,#4234,.T.);
#5225=EDGE_CURVE('',#4778,#4782,#4239,.T.);
#5227=EDGE_CURVE('',#4782,#4780,#4244,.T.);
#5231=EDGE_CURVE('',#4785,#4786,#4249,.T.);
#5233=EDGE_CURVE('',#4786,#4785,#4254,.T.);
#5237=EDGE_CURVE('',#4789,#4790,#4259,.T.);
#5239=EDGE_CURVE('',#4790,#4789,#4264,.T.);
#5243=EDGE_CURVE('',#4793,#4794,#4269,.T.);
#5245=EDGE_CURVE('',#4794,#4793,#4274,.T.);
#5257=EDGE_CURVE('',#4796,#4780,#4302,.T.);
#5259=EDGE_CURVE('',#4796,#4799,#4279,.T.);
#5261=EDGE_CURVE('',#4799,#4800,#4284,.T.);
#5263=EDGE_CURVE('',#4800,#4778,#4288,.T.);
#5276=EDGE_CURVE('',#4800,#4802,#4293,.T.);
#5278=EDGE_CURVE('',#4802,#4796,#4298,.T.);
#5291=EDGE_CURVE('',#4800,#4804,#4306,.T.);
#5293=EDGE_CURVE('',#4806,#4804,#4334,.T.);
#5295=EDGE_CURVE('',#4808,#4806,#4345,.T.);
#5297=EDGE_CURVE('',#4810,#4808,#4357,.T.);
#5299=EDGE_CURVE('',#4810,#4812,#4310,.T.);
#5301=EDGE_CURVE('',#4814,#4812,#4329,.T.);
#5303=EDGE_CURVE('',#4796,#4814,#4314,.T.);
#5316=EDGE_CURVE('',#4816,#4814,#4324,.T.);
#5318=EDGE_CURVE('',#4804,#4816,#4319,.T.);
#5332=EDGE_CURVE('',#4655,#4812,#4341,.T.);
#5336=EDGE_CURVE('',#4806,#4657,#4352,.T.);
#5349=EDGE_CURVE('',#4818,#4810,#4367,.T.);
#5351=EDGE_CURVE('',#4808,#4818,#4362,.T.);
#5377=EDGE_CURVE('',#4785,#4820,#4371,.T.);
#5379=EDGE_CURVE('',#4822,#4820,#4418,.T.);
#5381=EDGE_CURVE('',#4786,#4822,#4375,.T.);
#5393=EDGE_CURVE('',#4820,#4822,#4423,.T.);
#5404=EDGE_CURVE('',#4824,#4756,#4380,.T.);
#5407=EDGE_CURVE('',#4754,#4826,#4390,.T.);
#5409=EDGE_CURVE('',#4826,#4828,#4394,.T.);
#5411=EDGE_CURVE('',#4828,#4830,#4399,.T.);
#5413=EDGE_CURVE('',#4830,#4832,#4404,.T.);
#5415=EDGE_CURVE('',#4832,#4834,#4409,.T.);
#5417=EDGE_CURVE('',#4834,#4824,#4413,.T.);
#5433=EDGE_CURVE('',#4824,#4702,#4431,.T.);
#5435=EDGE_CURVE('',#4700,#4702,#4573,.T.);
#5447=EDGE_CURVE('',#4704,#4834,#4443,.T.);
#5449=EDGE_CURVE('',#4704,#4702,#4435,.T.);
#5459=EDGE_CURVE('',#4832,#4706,#4439,.T.);
#5461=EDGE_CURVE('',#4704,#4706,#4578,.T.);
#5473=EDGE_CURVE('',#4836,#4722,#4451,.T.);
#5479=EDGE_CURVE('',#4838,#4690,#4519,.T.);
#5481=EDGE_CURVE('',#4708,#4838,#4601,.T.);
#5483=EDGE_CURVE('',#4706,#4708,#4583,.T.);
#5487=EDGE_CURVE('',#4724,#4830,#4493,.T.);
#5489=EDGE_CURVE('',#4722,#4724,#4475,.T.);
#5500=EDGE_CURVE('',#4720,#4722,#4470,.T.);
#5502=EDGE_CURVE('',#4720,#4840,#4455,.T.);
#5515=EDGE_CURVE('',#4720,#4718,#4489,.T.);
#5519=EDGE_CURVE('',#4724,#4726,#4480,.T.);
#5521=EDGE_CURVE('',#4728,#4726,#4501,.T.);
#5523=EDGE_CURVE('',#4728,#4715,#4485,.T.);
#5548=EDGE_CURVE('',#4828,#4726,#4497,.T.);
#5558=EDGE_CURVE('',#4728,#4826,#4505,.T.);
#5583=EDGE_CURVE('',#4851,#4852,#4509,.T.);
#5585=EDGE_CURVE('',#4852,#4838,#4514,.T.);
#5589=EDGE_CURVE('',#4688,#4854,#4529,.T.);
#5591=EDGE_CURVE('',#4854,#4856,#4533,.T.);
#5593=EDGE_CURVE('',#4856,#4762,#4538,.T.);
#5597=EDGE_CURVE('',#4758,#4851,#4553,.T.);
#5601=EDGE_CURVE('',#4859,#4860,#4558,.T.);
#5603=EDGE_CURVE('',#4860,#4859,#4563,.T.);
#5613=EDGE_CURVE('',#4710,#4712,#4592,.T.);
#5615=EDGE_CURVE('',#4852,#4710,#4605,.T.);
#5618=EDGE_CURVE('',#4712,#4851,#4609,.T.);
#5633=EDGE_CURVE('',#4708,#4710,#4588,.T.);
#5636=EDGE_CURVE('',#4712,#4699,#4597,.T.);
#5672=EDGE_CURVE('',#4738,#4854,#4617,.T.);
#5684=EDGE_CURVE('',#4856,#4736,#4629,.T.);
#5709=EDGE_CURVE('',#4793,#4860,#4633,.T.);
#5712=EDGE_CURVE('',#4794,#4859,#4637,.T.);
#5735=EDGE_CURVE('',#4789,#4848,#4641,.T.);
#5738=EDGE_CURVE('',#4790,#4847,#4645,.T.);
#5755=CLOSED_SHELL('',(#4884,#4906,#4922,#4942,#4957,#4967,#4983,#5006,#5021,
#5043,#5057,#5071,#5101,#5116,#5158,#5176,#5194,#5209,#5249,#5267,#5283,#5307,
#5323,#5341,#5359,#5370,#5385,#5398,#5425,#5439,#5453,#5467,#5493,#5507,#5527,
#5539,#5552,#5565,#5577,#5607,#5622,#5640,#5652,#5664,#5677,#5690,#5702,#5716,
#5728,#5742,#5754));
#5756=MANIFOLD_SOLID_BREP('',#5755);
#5757=(LENGTH_UNIT()NAMED_UNIT(*)SI_UNIT(.MILLI.,.METRE.));
#5759=(NAMED_UNIT(*)PLANE_ANGLE_UNIT()SI_UNIT($,.RADIAN.));
#5762=(NAMED_UNIT(*)SI_UNIT($,.STERADIAN.)SOLID_ANGLE_UNIT());
#5768=AXIS2_PLACEMENT_3D('',#5765,#5766,#5767);
#5769=ADVANCED_BREP_SHAPE_REPRESENTATION('',(#5768,#5756),#5764);
#5773=PRODUCT_DEFINITION('design','',#5772,#3900);
#5774=PRODUCT_DEFINITION_SHAPE('','SHAPE FOR RO10000_14.',#5773);
#5775=SHAPE_DEFINITION_REPRESENTATION(#5774,#5769);
#5776=NEXT_ASSEMBLY_USAGE_OCCURRENCE('235','Next assembly relationship',
'RO100_X2_540E76D6_X0_',#8017,#5773,$);
#5777=PRODUCT_DEFINITION_SHAPE('Placement #235',
'Placement of RO10000_14 with respect to RO100-36N42P_ASM_36_ASM',#5776);
#5789=CIRCLE('',#5788,5.E1);
#5794=CIRCLE('',#5793,5.E1);
#5799=CIRCLE('',#5798,1.2E0);
#5808=CIRCLE('',#5807,1.2E0);
#5813=CIRCLE('',#5812,4.41E1);
#5818=CIRCLE('',#5817,4.41E1);
#5823=CIRCLE('',#5822,1.2E0);
#5832=CIRCLE('',#5831,1.2E0);
#5837=CIRCLE('',#5836,4.E1);
#5842=CIRCLE('',#5841,1.2E0);
#5851=CIRCLE('',#5850,1.2E0);
#5856=CIRCLE('',#5855,4.41E1);
#5861=CIRCLE('',#5860,4.41E1);
#5866=CIRCLE('',#5865,1.2E0);
#5875=CIRCLE('',#5874,1.2E0);
#5880=CIRCLE('',#5879,4.E1);
#5885=CIRCLE('',#5884,1.2E0);
#5894=CIRCLE('',#5893,1.2E0);
#5899=CIRCLE('',#5898,4.41E1);
#5904=CIRCLE('',#5903,4.41E1);
#5909=CIRCLE('',#5908,1.2E0);
#5918=CIRCLE('',#5917,1.2E0);
#5923=CIRCLE('',#5922,4.E1);
#5928=CIRCLE('',#5927,2.E0);
#5933=CIRCLE('',#5932,2.E0);
#5938=CIRCLE('',#5937,2.E0);
#5943=CIRCLE('',#5942,2.E0);
#5948=CIRCLE('',#5947,2.E0);
#5953=CIRCLE('',#5952,2.E0);
#5958=CIRCLE('',#5957,5.E-1);
#5963=CIRCLE('',#5962,5.E-1);
#5968=CIRCLE('',#5967,5.E-1);
#5973=CIRCLE('',#5972,5.E-1);
#5978=CIRCLE('',#5977,5.E-1);
#5983=CIRCLE('',#5982,5.E-1);
#5988=CIRCLE('',#5987,5.E-1);
#5993=CIRCLE('',#5992,5.E-1);
#5998=CIRCLE('',#5997,5.E-1);
#6003=CIRCLE('',#6002,5.E-1);
#6008=CIRCLE('',#6007,5.E-1);
#6013=CIRCLE('',#6012,5.E-1);
#6018=CIRCLE('',#6017,5.E-1);
#6023=CIRCLE('',#6022,5.E-1);
#6036=CIRCLE('',#6035,5.E1);
#6041=CIRCLE('',#6040,5.E1);
#6046=CIRCLE('',#6045,1.2E0);
#6051=CIRCLE('',#6050,4.E1);
#6056=CIRCLE('',#6055,1.2E0);
#6061=CIRCLE('',#6060,1.2E0);
#6066=CIRCLE('',#6065,4.41E1);
#6071=CIRCLE('',#6070,4.41E1);
#6076=CIRCLE('',#6075,1.2E0);
#6081=CIRCLE('',#6080,1.2E0);
#6086=CIRCLE('',#6085,4.E1);
#6091=CIRCLE('',#6090,1.2E0);
#6096=CIRCLE('',#6095,1.2E0);
#6101=CIRCLE('',#6100,4.41E1);
#6106=CIRCLE('',#6105,4.41E1);
#6111=CIRCLE('',#6110,1.2E0);
#6116=CIRCLE('',#6115,1.2E0);
#6121=CIRCLE('',#6120,4.E1);
#6126=CIRCLE('',#6125,1.2E0);
#6131=CIRCLE('',#6130,1.2E0);
#6136=CIRCLE('',#6135,4.41E1);
#6141=CIRCLE('',#6140,4.41E1);
#6146=CIRCLE('',#6145,1.2E0);
#6151=CIRCLE('',#6150,2.E0);
#6156=CIRCLE('',#6155,2.E0);
#6161=CIRCLE('',#6160,2.E0);
#6166=CIRCLE('',#6165,2.E0);
#6171=CIRCLE('',#6170,2.E0);
#6176=CIRCLE('',#6175,2.E0);
#6477=CIRCLE('',#6476,5.E-1);
#6482=CIRCLE('',#6481,5.E-1);
#6495=CIRCLE('',#6494,5.E-1);
#6500=CIRCLE('',#6499,5.E-1);
#6513=CIRCLE('',#6512,5.E-1);
#6518=CIRCLE('',#6517,5.E-1);
#6531=CIRCLE('',#6530,5.E-1);
#6536=CIRCLE('',#6535,5.E-1);
#6549=CIRCLE('',#6548,5.E-1);
#6554=CIRCLE('',#6553,5.E-1);
#6567=CIRCLE('',#6566,5.E-1);
#6572=CIRCLE('',#6571,5.E-1);
#6585=CIRCLE('',#6584,5.E-1);
#6590=CIRCLE('',#6589,5.E-1);
#6840=EDGE_CURVE('',#6593,#6594,#5789,.T.);
#6842=EDGE_CURVE('',#6594,#6593,#5794,.T.);
#6846=EDGE_CURVE('',#6597,#6598,#5799,.T.);
#6848=EDGE_CURVE('',#6598,#6600,#5803,.T.);
#6850=EDGE_CURVE('',#6600,#6602,#5808,.T.);
#6852=EDGE_CURVE('',#6602,#6605,#5813,.T.);
#6854=EDGE_CURVE('',#6605,#6606,#5818,.T.);
#6856=EDGE_CURVE('',#6606,#6608,#5823,.T.);
#6858=EDGE_CURVE('',#6608,#6610,#5827,.T.);
#6860=EDGE_CURVE('',#6610,#6612,#5832,.T.);
#6862=EDGE_CURVE('',#6612,#6614,#5837,.T.);
#6864=EDGE_CURVE('',#6614,#6616,#5842,.T.);
#6866=EDGE_CURVE('',#6616,#6618,#5846,.T.);
#6868=EDGE_CURVE('',#6618,#6620,#5851,.T.);
#6870=EDGE_CURVE('',#6620,#6623,#5856,.T.);
#6872=EDGE_CURVE('',#6623,#6624,#5861,.T.);
#6874=EDGE_CURVE('',#6624,#6626,#5866,.T.);
#6876=EDGE_CURVE('',#6626,#6628,#5870,.T.);
#6878=EDGE_CURVE('',#6628,#6630,#5875,.T.);
#6880=EDGE_CURVE('',#6630,#6632,#5880,.T.);
#6882=EDGE_CURVE('',#6632,#6634,#5885,.T.);
#6884=EDGE_CURVE('',#6634,#6636,#5889,.T.);
#6886=EDGE_CURVE('',#6636,#6638,#5894,.T.);
#6888=EDGE_CURVE('',#6638,#6641,#5899,.T.);
#6890=EDGE_CURVE('',#6641,#6642,#5904,.T.);
#6892=EDGE_CURVE('',#6642,#6644,#5909,.T.);
#6894=EDGE_CURVE('',#6644,#6646,#5913,.T.);
#6896=EDGE_CURVE('',#6646,#6648,#5918,.T.);
#6898=EDGE_CURVE('',#6648,#6597,#5923,.T.);
#6902=EDGE_CURVE('',#6651,#6652,#5928,.T.);
#6904=EDGE_CURVE('',#6652,#6651,#5933,.T.);
#6908=EDGE_CURVE('',#6655,#6656,#5938,.T.);
#6910=EDGE_CURVE('',#6656,#6655,#5943,.T.);
#6914=EDGE_CURVE('',#6659,#6660,#5948,.T.);
#6916=EDGE_CURVE('',#6660,#6659,#5953,.T.);
#6920=EDGE_CURVE('',#6663,#6664,#5958,.T.);
#6922=EDGE_CURVE('',#6664,#6663,#5963,.T.);
#6926=EDGE_CURVE('',#6667,#6668,#5968,.T.);
#6928=EDGE_CURVE('',#6668,#6667,#5973,.T.);
#6932=EDGE_CURVE('',#6671,#6672,#5978,.T.);
#6934=EDGE_CURVE('',#6672,#6671,#5983,.T.);
#6938=EDGE_CURVE('',#6675,#6676,#5988,.T.);
#6940=EDGE_CURVE('',#6676,#6675,#5993,.T.);
#6944=EDGE_CURVE('',#6679,#6680,#5998,.T.);
#6946=EDGE_CURVE('',#6680,#6679,#6003,.T.);
#6950=EDGE_CURVE('',#6683,#6684,#6008,.T.);
#6952=EDGE_CURVE('',#6684,#6683,#6013,.T.);
#6956=EDGE_CURVE('',#6687,#6688,#6018,.T.);
#6958=EDGE_CURVE('',#6688,#6687,#6023,.T.);
#6969=EDGE_CURVE('',#6690,#6593,#6031,.T.);
#6971=EDGE_CURVE('',#6692,#6690,#6036,.T.);
#6973=EDGE_CURVE('',#6692,#6594,#6027,.T.);
#6985=EDGE_CURVE('',#6690,#6692,#6041,.T.);
#7000=EDGE_CURVE('',#6695,#6696,#6046,.T.);
#7002=EDGE_CURVE('',#6696,#6698,#6051,.T.);
#7004=EDGE_CURVE('',#6698,#6700,#6056,.T.);
#7006=EDGE_CURVE('',#6702,#6700,#6316,.T.);
#7008=EDGE_CURVE('',#6702,#6704,#6061,.T.);
#7010=EDGE_CURVE('',#6704,#6706,#6066,.T.);
#7012=EDGE_CURVE('',#6706,#6708,#6071,.T.);
#7014=EDGE_CURVE('',#6708,#6710,#6076,.T.);
#7016=EDGE_CURVE('',#6712,#6710,#6296,.T.);
#7018=EDGE_CURVE('',#6712,#6714,#6081,.T.);
#7020=EDGE_CURVE('',#6714,#6716,#6086,.T.);
#7022=EDGE_CURVE('',#6716,#6718,#6091,.T.);
#7024=EDGE_CURVE('',#6720,#6718,#6276,.T.);
#7026=EDGE_CURVE('',#6720,#6722,#6096,.T.);
#7028=EDGE_CURVE('',#6722,#6724,#6101,.T.);
#7030=EDGE_CURVE('',#6724,#6726,#6106,.T.);
#7032=EDGE_CURVE('',#6726,#6728,#6111,.T.);
#7034=EDGE_CURVE('',#6730,#6728,#6256,.T.);
#7036=EDGE_CURVE('',#6730,#6732,#6116,.T.);
#7038=EDGE_CURVE('',#6732,#6734,#6121,.T.);
#7040=EDGE_CURVE('',#6734,#6736,#6126,.T.);
#7042=EDGE_CURVE('',#6738,#6736,#6236,.T.);
#7044=EDGE_CURVE('',#6738,#6740,#6131,.T.);
#7046=EDGE_CURVE('',#6740,#6742,#6136,.T.);
#7048=EDGE_CURVE('',#6742,#6744,#6141,.T.);
#7050=EDGE_CURVE('',#6744,#6746,#6146,.T.);
#7052=EDGE_CURVE('',#6695,#6746,#6216,.T.);
#7056=EDGE_CURVE('',#6749,#6750,#6151,.T.);
#7058=EDGE_CURVE('',#6750,#6749,#6156,.T.);
#7062=EDGE_CURVE('',#6753,#6754,#6161,.T.);
#7064=EDGE_CURVE('',#6754,#6753,#6166,.T.);
#7068=EDGE_CURVE('',#6757,#6758,#6171,.T.);
#7070=EDGE_CURVE('',#6758,#6757,#6176,.T.);
#7074=EDGE_CURVE('',#6761,#6762,#6356,.T.);
#7076=EDGE_CURVE('',#6764,#6761,#6380,.T.);
#7078=EDGE_CURVE('',#6766,#6764,#6372,.T.);
#7080=EDGE_CURVE('',#6762,#6766,#6364,.T.);
#7084=EDGE_CURVE('',#6769,#6770,#6180,.T.);
#7086=EDGE_CURVE('',#6770,#6772,#6184,.T.);
#7088=EDGE_CURVE('',#6772,#6774,#6188,.T.);
#7090=EDGE_CURVE('',#6774,#6769,#6192,.T.);
#7094=EDGE_CURVE('',#6777,#6778,#6196,.T.);
#7096=EDGE_CURVE('',#6778,#6780,#6200,.T.);
#7098=EDGE_CURVE('',#6780,#6782,#6204,.T.);
#7100=EDGE_CURVE('',#6782,#6777,#6208,.T.);
#7111=EDGE_CURVE('',#6695,#6598,#6212,.T.);
#7114=EDGE_CURVE('',#6696,#6597,#6324,.T.);
#7126=EDGE_CURVE('',#6600,#6746,#6220,.T.);
#7139=EDGE_CURVE('',#6602,#6744,#6224,.T.);
#7150=EDGE_CURVE('',#6606,#6740,#6228,.T.);
#7167=EDGE_CURVE('',#6738,#6608,#6232,.T.);
#7178=EDGE_CURVE('',#6610,#6736,#6240,.T.);
#7194=EDGE_CURVE('',#6612,#6734,#6244,.T.);
#7206=EDGE_CURVE('',#6732,#6614,#6248,.T.);
#7218=EDGE_CURVE('',#6730,#6616,#6252,.T.);
#7232=EDGE_CURVE('',#6618,#6728,#6260,.T.);
#7245=EDGE_CURVE('',#6620,#6726,#6264,.T.);
#7256=EDGE_CURVE('',#6624,#6722,#6268,.T.);
#7273=EDGE_CURVE('',#6720,#6626,#6272,.T.);
#7284=EDGE_CURVE('',#6628,#6718,#6280,.T.);
#7300=EDGE_CURVE('',#6630,#6716,#6284,.T.);
#7312=EDGE_CURVE('',#6714,#6632,#6288,.T.);
#7324=EDGE_CURVE('',#6712,#6634,#6292,.T.);
#7338=EDGE_CURVE('',#6636,#6710,#6300,.T.);
#7351=EDGE_CURVE('',#6638,#6708,#6304,.T.);
#7362=EDGE_CURVE('',#6642,#6704,#6308,.T.);
#7379=EDGE_CURVE('',#6702,#6644,#6312,.T.);
#7390=EDGE_CURVE('',#6646,#6700,#6320,.T.);
#7406=EDGE_CURVE('',#6648,#6698,#6328,.T.);
#7429=EDGE_CURVE('',#6651,#6750,#6332,.T.);
#7432=EDGE_CURVE('',#6652,#6749,#6336,.T.);
#7455=EDGE_CURVE('',#6655,#6754,#6340,.T.);
#7458=EDGE_CURVE('',#6656,#6753,#6344,.T.);
#7481=EDGE_CURVE('',#6659,#6758,#6348,.T.);
#7484=EDGE_CURVE('',#6660,#6757,#6352,.T.);
#7507=EDGE_CURVE('',#6784,#6762,#6368,.T.);
#7509=EDGE_CURVE('',#6786,#6784,#6388,.T.);
#7511=EDGE_CURVE('',#6786,#6761,#6360,.T.);
#7522=EDGE_CURVE('',#6788,#6766,#6376,.T.);
#7524=EDGE_CURVE('',#6784,#6788,#6392,.T.);
#7536=EDGE_CURVE('',#6790,#6764,#6384,.T.);
#7538=EDGE_CURVE('',#6788,#6790,#6396,.T.);
#7551=EDGE_CURVE('',#6790,#6786,#6400,.T.);
#7575=EDGE_CURVE('',#6792,#6769,#6408,.T.);
#7577=EDGE_CURVE('',#6794,#6792,#6420,.T.);
#7579=EDGE_CURVE('',#6794,#6770,#6404,.T.);
#7590=EDGE_CURVE('',#6796,#6774,#6412,.T.);
#7592=EDGE_CURVE('',#6792,#6796,#6424,.T.);
#7604=EDGE_CURVE('',#6798,#6772,#6416,.T.);
#7606=EDGE_CURVE('',#6796,#6798,#6428,.T.);
#7619=EDGE_CURVE('',#6798,#6794,#6432,.T.);
#7643=EDGE_CURVE('',#6800,#6777,#6440,.T.);
#7645=EDGE_CURVE('',#6802,#6800,#6452,.T.);
#7647=EDGE_CURVE('',#6802,#6778,#6436,.T.);
#7658=EDGE_CURVE('',#6804,#6782,#6444,.T.);
#7660=EDGE_CURVE('',#6800,#6804,#6456,.T.);
#7672=EDGE_CURVE('',#6806,#6780,#6448,.T.);
#7674=EDGE_CURVE('',#6804,#6806,#6460,.T.);
#7687=EDGE_CURVE('',#6806,#6802,#6464,.T.);
#7711=EDGE_CURVE('',#6808,#6663,#6472,.T.);
#7713=EDGE_CURVE('',#6810,#6808,#6477,.T.);
#7715=EDGE_CURVE('',#6810,#6664,#6468,.T.);
#7727=EDGE_CURVE('',#6808,#6810,#6482,.T.);
#7749=EDGE_CURVE('',#6814,#6667,#6490,.T.);
#7751=EDGE_CURVE('',#6813,#6814,#6495,.T.);
#7753=EDGE_CURVE('',#6813,#6668,#6486,.T.);
#7765=EDGE_CURVE('',#6814,#6813,#6500,.T.);
#7787=EDGE_CURVE('',#6818,#6671,#6508,.T.);
#7789=EDGE_CURVE('',#6817,#6818,#6513,.T.);
#7791=EDGE_CURVE('',#6817,#6672,#6504,.T.);
#7803=EDGE_CURVE('',#6818,#6817,#6518,.T.);
#7825=EDGE_CURVE('',#6822,#6675,#6526,.T.);
#7827=EDGE_CURVE('',#6821,#6822,#6531,.T.);
#7829=EDGE_CURVE('',#6821,#6676,#6522,.T.);
#7841=EDGE_CURVE('',#6822,#6821,#6536,.T.);
#7863=EDGE_CURVE('',#6826,#6679,#6544,.T.);
#7865=EDGE_CURVE('',#6825,#6826,#6549,.T.);
#7867=EDGE_CURVE('',#6825,#6680,#6540,.T.);
#7879=EDGE_CURVE('',#6826,#6825,#6554,.T.);
#7901=EDGE_CURVE('',#6830,#6683,#6562,.T.);
#7903=EDGE_CURVE('',#6829,#6830,#6567,.T.);
#7905=EDGE_CURVE('',#6829,#6684,#6558,.T.);
#7917=EDGE_CURVE('',#6830,#6829,#6572,.T.);
#7939=EDGE_CURVE('',#6834,#6687,#6580,.T.);
#7941=EDGE_CURVE('',#6833,#6834,#6585,.T.);
#7943=EDGE_CURVE('',#6833,#6688,#6576,.T.);
#7955=EDGE_CURVE('',#6834,#6833,#6590,.T.);
#7971=CLOSED_SHELL('',(#6962,#6977,#6990,#7104,#7118,#7131,#7144,#7159,#7172,
#7185,#7198,#7211,#7224,#7237,#7250,#7265,#7278,#7291,#7304,#7317,#7330,#7343,
#7356,#7371,#7384,#7397,#7410,#7422,#7436,#7448,#7462,#7474,#7488,#7500,#7515,
#7529,#7543,#7556,#7568,#7583,#7597,#7611,#7624,#7636,#7651,#7665,#7679,#7692,
#7704,#7719,#7732,#7742,#7757,#7770,#7780,#7795,#7808,#7818,#7833,#7846,#7856,
#7871,#7884,#7894,#7909,#7922,#7932,#7947,#7960,#7970));
#7972=MANIFOLD_SOLID_BREP('',#7971);
#7973=(LENGTH_UNIT()NAMED_UNIT(*)SI_UNIT(.MILLI.,.METRE.));
#7975=(NAMED_UNIT(*)PLANE_ANGLE_UNIT()SI_UNIT($,.RADIAN.));
#7978=(NAMED_UNIT(*)SI_UNIT($,.STERADIAN.)SOLID_ANGLE_UNIT());
#7984=AXIS2_PLACEMENT_3D('',#7981,#7982,#7983);
#7985=ADVANCED_BREP_SHAPE_REPRESENTATION('',(#7984,#7972),#7980);
#7990=PRODUCT_DEFINITION('design','',#7989,#7986);
#7991=PRODUCT_DEFINITION_SHAPE('','SHAPE FOR RO100PCBA_9.',#7990);
#7992=SHAPE_DEFINITION_REPRESENTATION(#7991,#7985);
#7993=NEXT_ASSEMBLY_USAGE_OCCURRENCE('236','Next assembly relationship',
'RO100PCBA',#8017,#7990,$);
#7994=PRODUCT_DEFINITION_SHAPE('Placement #236',
'Placement of RO100PCBA_9 with respect to RO100-36N42P_ASM_36_ASM',#7993);
#8002=(LENGTH_UNIT()NAMED_UNIT(*)SI_UNIT(.MILLI.,.METRE.));
#8004=(NAMED_UNIT(*)PLANE_ANGLE_UNIT()SI_UNIT($,.RADIAN.));
#8007=(NAMED_UNIT(*)SI_UNIT($,.STERADIAN.)SOLID_ANGLE_UNIT());
#8013=AXIS2_PLACEMENT_3D('',#8010,#8011,#8012);
#8017=PRODUCT_DEFINITION('design','',#8016,#7986);
ENDSEC;
END-ISO-10303-21;
